Sample_ID,Factor_1,Factor_2,Factor_3,Factor_4,Factor_5,Factor_6,Factor_7,Factor_8,Factor_9,Factor_10,Factor_11,Factor_12,Factor_13,Factor_14,Factor_15
TCGA-T7-A92I-01,-0.7715835603274884,-0.3451811174621044,1.556812252703758,-4.166764209541338,-0.5964847503899033,-3.421829927314524,0.9009160311053923,0.280565988464365,0.33731253370536324,-2.010417962189274,0.22624324224144207,-0.2652432769058368,-0.7415339663793021,0.38158664076694493,0.27987829583092866
TCGA-CW-5590-01,0.3027896522569282,-0.06541368230315178,-0.5959360417056891,1.4425420151001853,-0.9307726637919095,2.0348554872537292,-3.0791149890387612,-0.2785009335147624,-0.9346971604791335,0.13564253940860527,0.17367487941229742,0.8894917187366136,1.4321655048136779,0.7810373063751866,0.18307745955888277
TCGA-BP-5168-01,1.6425789784348366,2.370443141628945,-1.53198243071608,0.44491616841671733,0.14606286270866417,-1.2053970649660766,0.4479372439315902,-0.18816108674461363,-0.029991686017976533,0.14942586556311926,-0.3881564582400049,0.04860610560984896,-0.08244300068995691,-1.3665418529832716,-0.6535365883873795
TCGA-CJ-4899-01,-0.1536882128565221,0.13351916154699509,1.3143077995462873,3.5568038649744644,0.780966488666031,-1.4494287289400711,0.33559077417822697,0.026105723223985383,-0.0184430326822885,-0.5437308911690389,0.027546245708449327,-0.5720515611117819,-1.8135146511866138,-2.5105277043995744,-0.6161547068770725
TCGA-BP-5174-01,1.110458199253675,1.0527955587448858,-0.7251364664600249,0.03496495047247497,0.34258451158223013,-2.0436050331830704,1.1016987400801754,-0.49091523441248847,0.19433681729211458,-0.03852150763070322,-0.22051400150414996,-0.2597515089548434,-0.873370815324434,0.9937379717938334,-0.6115605610243884
TCGA-BP-4342-01,0.15257240298659022,0.36930692725415015,0.8042360232311047,1.8444321309403433,-0.8450417014310458,3.057948454897661,0.07093867398314867,-1.133112385417017,-0.05404195415164088,1.5798840702018817,1.0373513847818132,2.468206752274482,-7.707055008755751,-2.284319224072213,0.02835689963926663
TCGA-CJ-5679-01,1.2884017454740586,1.827497935302604,-0.8240449833260847,-2.0235083457356837,-1.6770963452991459,3.9831315030397416,-0.16973341415131596,-0.05600505583251801,0.18099967438612907,0.1323495205746979,0.4635195769468073,0.04759935231287545,1.0731904667489163,0.5608339581862972,-0.2613566682042478
TCGA-A3-3382-01,0.8986124889808484,0.35648726554661986,-0.6896069760031565,-1.1085775543174785,-0.9010846971994999,5.27019225209125,0.3757146093685539,-1.3891423780893184,-0.2673605492253072,0.5505019855655967,0.7271281632212685,-0.28963842053236444,-1.8245376280787688,-2.771880105455907,0.36478511410721126
TCGA-BP-4169-01,-1.916377187757253,-2.300469728208612,1.0882019742329556,3.5144915262419465,-0.8072410259690773,-1.2423447819421365,0.03324602853942975,0.1863633804293861,0.05640498258536494,-0.302687391426417,0.4543518579464041,2.4289625817994738,-3.2094803031325965,-1.2761278724404084,-0.21577275571270946
TCGA-B0-4690-01,-2.3640773339736976,-3.847174016601549,1.3913680477894965,-0.6912101901406594,-1.4552339636455898,1.51367738415524,0.3445491980707527,1.148467278447681,0.3048955421855411,-0.0845040413330813,-0.35563318310417946,-0.0021894870325364158,-0.420354550945307,-0.34150418999621734,0.7434590349400787
TCGA-CJ-6033-01,-0.495077607044297,-0.5104890968883952,-0.23400890669402588,1.2540327788807182,-0.4365349887288485,1.3954660638340266,-0.457911031810731,-0.07623270809732059,-0.12548075075274998,0.3723607865686964,0.31048388598319104,0.12722755611344602,2.5173602880038195,-0.40411460983558684,-1.1882690091653207
TCGA-BP-4330-01,0.590271963272162,-1.9516693627851192,-0.19207068762930204,0.4581616046076696,1.787312200299651,-1.1912451305251817,-0.2860839550422625,-0.009788153788996978,-0.4353408875173971,0.007600856181147293,0.42720292347422345,0.24688638902439788,-5.903096575853603,-2.116502290313853,0.16228617201840548
TCGA-BP-4797-01,-0.5592289152449593,-2.740995011202717,0.34212391654059515,-0.4251225661794275,-0.058706159727988545,0.11551811677692232,0.9740384485870138,-2.77151916707197,-0.10149512738292613,1.2166719051388235,0.2886185965936036,-1.624210243339483,5.510609097082742,-0.7792741526860806,-0.28983797865095745
TCGA-B0-4694-01,-1.387634865692382,-3.6013341718206955,1.1230167373896984,-0.27877346853813306,0.30795305532364703,1.1343823176154897,0.684595903377473,1.5505370697959522,0.1361008536987491,-0.3835949195030524,-0.2287981523634832,-0.1579995029937207,-1.9455112703032091,0.6604257597118435,0.5145346870494049
TCGA-CJ-4636-01,-1.2333070060398468,-3.572629920106149,0.55055015560992,-0.39338782750740964,0.1592190620233104,-0.29667072553719404,1.5816015632543095,1.7317689799431333,0.04560068161649236,-0.8447733024441658,-0.5416540975427323,-2.45633005988354,-1.1298326317698708,-0.7587281074030432,-0.06461231895268985
TCGA-B0-4822-01,-0.8822019124415845,-1.623757568083573,0.4383011261536245,2.612810201814408,-0.6334338455393185,1.2725116976668611,0.7208077244068352,0.4958252103365297,0.14878856033481977,-0.21947924381386835,-0.12960081854071417,-0.16357655601315374,-0.6902979727127915,-0.20004466706293839,-1.7573136422664464
TCGA-AK-3428-01,1.973814974961302,2.8161577515966383,-1.2873346042064528,-0.4210522909776351,0.1797099540871967,0.4685886585529536,-0.2552143152301438,1.7852801736646196,-0.2698576418572982,-0.32649354129961833,-0.20176635917471242,0.14611792990459407,-1.2812160248548596,1.1178440881872826,1.3481097835907847
TCGA-CJ-4918-01,-1.1478050584930237,-1.7945542112123956,0.47148969781211897,3.211843787015738,0.16494476602992977,-0.5810514253429196,0.34267935849445663,-0.2540038872120159,0.14572309232370834,-0.2619501706874355,-0.1144918714348022,-0.09587160477534519,-1.2904000351694003,0.9864042779822929,0.8797184376021836
TCGA-CJ-5675-01,-0.5001064186564256,-3.001497890981146,-1.023380903169087,-2.501960058089774,-0.839852841270514,-0.5106672633010018,-1.7036073414627462,0.03179178851507694,-0.6253650926196983,0.30426191965873134,0.28627779840916806,0.5346283769933564,1.7919040209430865,0.39476097729674775,-0.30424141104312113
TCGA-CJ-4639-01,1.568790725939641,0.9815522265624333,-0.8312521976292797,0.8217058809429587,0.8614639480905617,-1.3644994148485172,-1.2050732355663207,0.5594163567643564,-0.5190697126101781,0.19464906186804845,-0.2310963165847248,-0.5672944725021412,-2.5144399264795227,-0.8681957934579427,0.5750754673612485
TCGA-B8-A54G-01,-0.7674603115466679,-3.4543853933420814,-0.8512039143614827,-4.030057612533668,-0.3100018646287049,-1.7081236916510953,1.0668418527688261,0.38433061193049417,0.14003473429492305,-0.009212375295691876,0.2668712493601393,-0.26546496412892046,0.8413974319180302,0.7626389787492198,0.03902121941799799
TCGA-CZ-5464-01,0.3488179656186512,-0.8406595033871151,-0.27827033834402587,0.41567313726232147,0.7242271123400467,1.9691974433573312,1.0335792579574266,-0.5015641337178794,0.10730517617256019,0.13586208187352342,-0.21598013608542682,-0.1687008711723275,-2.09506133336543,-0.036445123379839794,0.49169505228296057
TCGA-CJ-4872-01,-0.7681670695428887,-1.2602852558918722,-0.009838666581812676,3.024569541908106,-0.7155091349630944,0.6723119484992621,0.44496521951467694,0.06008541926816247,0.16244630313641065,-0.8203343084990048,-0.436686614169945,0.034008341716109766,-4.857798722765538,2.773487871001507,1.7740489392208203
TCGA-B8-A54I-01,-1.677874178465831,-5.807432170729333,1.3159916163146903,-1.3864820567406444,1.128658412912201,3.079127703599277,-2.829341431970838,-0.5074659541287921,-0.3796754201084413,0.45439791562788273,0.90285093904176,0.3194783553849783,-0.9666765508764046,0.682059737251183,-0.3833628750153461
TCGA-CJ-4876-01,1.5157552199986266,1.6582160369077268,-2.72208776074165,-2.333035926411914,-1.3190861016734396,-1.2764220216844795,0.4698015954309631,3.7867089445668043,-0.3886945391436934,-2.4454879708715533,-0.406076372617932,-3.6915080020560973,5.376440506385054,-0.12064793358902254,-1.6831736369687467
TCGA-B0-5119-01,2.1251251631987054,2.642344866116419,-1.1770491719993263,-0.3465159191817072,0.2426153021596291,-1.8020601071944198,-1.2078479035060816,0.07102092840420679,-0.5221933210937774,-0.09772977143633681,-0.3150718518742857,0.5307325964603201,-0.7936192810504874,-1.3242691981909205,-0.323840985253819
TCGA-CZ-4865-01,-0.2299987619634215,-1.2756923216806006,-0.18241723906708027,1.9471469040578495,0.7917013413866647,0.2946624972777327,0.018015247642445362,-0.550979087368329,0.00033324384841869694,0.3881065074286065,-0.13089653856797354,0.06774798351743852,-1.518674844446516,-0.20732940070146985,0.17228814887319838
TCGA-B0-4838-01,-0.04769193445011052,-1.927210150326417,-1.0908799149390227,-0.9366697065719439,-0.12971547549925194,-1.2485574480806452,-0.777954880247217,1.7153825894257355,-0.6902789892220983,-0.5941246394923774,0.39707518766785715,-0.3780065863326498,0.308108057211398,-1.7156484997702521,-0.5085252303616451
TCGA-BP-5176-01,0.9910043470730432,1.160433758340908,-1.3620340933718975,0.9649325417594112,-0.33199943671697957,-1.6916716087008374,0.5293506062038816,-0.5616071130941863,0.03806968859551716,0.13532457836754164,-0.16834649037892527,-0.0794875603486668,-1.6730595604431724,-0.02675674038425783,-0.6852433842693908
TCGA-B0-4846-01,0.25237712980857063,0.5512057348400402,-0.07576814161458227,0.4977108577372258,-0.3377161066419846,-1.6417217010133762,1.2042879943038844,1.9703485894926647,0.09697054028057644,-0.39197859505734456,-0.5168551725835788,-0.2315310370587701,-0.4233799002121478,-0.30572007754343977,0.533251650607723
TCGA-BP-4158-01,2.199578420786675,3.3560723143890447,-1.2193392746563663,0.3857884714757748,0.29427446828266507,0.21234481023547191,-0.14430281752599092,1.3127390002408035,-0.20967650547662528,-1.1632670712166329,-0.6279835266871174,-0.32076695530279437,-6.582691097757369,0.2811469422100333,1.1273723914740952
TCGA-B0-5085-01,2.7159066270959613,2.656104782005206,0.21172353624884657,-0.1614992717658256,0.37232167166656793,0.02970969971260536,-0.47104458584813075,5.328521533916915,-0.7867763000678967,-1.7277500444263985,0.25456741405914834,-1.232319877412148,-4.486265058089535,-0.6643126721173696,-1.7533576863419396
TCGA-BP-4327-01,1.6396733784976398,2.720899294279251,-0.6066635829573036,0.012201832929711205,0.8724292387580492,1.2778347685882725,-0.9893025370371575,1.1527340649037714,-0.4181015936700189,-0.2819054375734971,0.788738274119723,1.484526594493033,-2.884253622710256,-1.9527740071509916,-1.1374469206406652
TCGA-A3-3365-01,-0.702295302666292,1.3456209767720304,0.1342881022789795,2.345989369526959,-0.6761337955719495,-3.1105711356523704,1.6524704882399142,2.385213322527271,0.48006865318042435,-1.3558598308547463,-1.413439952297381,0.38154591866710424,-6.110917050957689,2.6646051078766897,2.270939927681894
TCGA-CJ-4916-01,-0.9876075778436982,-3.8340407310327858,-0.22185874060021604,-1.3749797236490677,0.3712402394794991,-1.606405476292557,0.131121700948546,-0.13893256930286102,-0.13316127529103855,-1.3357150769884423,-0.37235829408883775,0.0954253879171359,-2.3351479432335926,-0.6276870935540256,-0.19292474899993736
TCGA-CJ-4635-01,0.8795154857785508,-0.5948374542969475,-0.09524853782356861,-0.8791286457265035,0.4847605943174411,3.918086838358712,-0.9745323328721479,-0.9139573766578012,-0.35851339787618053,0.9319371973936829,1.1510185356514047,1.6896485546350035,-7.8824783982274615,-1.831715099409267,1.0451880999342202
TCGA-B8-5158-01,-1.3232169606370734,-4.022976269473186,-0.23724112789359825,-2.0222643726007745,-0.6117184594933932,-0.038000309804979426,0.9342945421941307,0.3890723225447388,0.16525141672722377,0.05001555030475742,-0.4845319748158324,-0.13789486292640882,-1.4809003007562893,-1.2068583924292504,0.49267669419824317
TCGA-BP-4354-01,-3.1868881762275776,-6.644276011944043,0.2515623244653399,-0.13490207987673178,-1.6045083765820458,-0.05784158843965494,-1.362777649329879,0.038312794406208904,0.4573293573440177,0.09361557455989693,-0.7915623082610701,0.959177303325313,-0.2750445689873498,-3.853784675645077,-0.8109690562082417
TCGA-CZ-5461-01,0.6769280498906921,0.6601366545216405,-1.7353089020255719,0.2587725275225887,-1.8094792914597524,2.8370523490813504,1.1303012398139853,-0.6986167500672088,0.00770761291967807,-0.08893985436781492,-0.7377357341349141,-0.13450745499458794,0.21141395186980136,1.272555531112915,1.4454540147365251
TCGA-B0-5083-01,-5.250811530964857,-0.06428788123567789,9.731934630951288,-1.2239533686929347,0.3958066163921793,-0.9245017586072766,0.779080247902142,0.3434506361645912,0.03363355551106308,0.2631439200037566,-0.23032914426875503,-0.08884512713966637,-0.15549132476186178,-1.5188715460916122,-0.2765681753951207
TCGA-B0-4845-01,2.1792236027282677,3.408259083320953,-1.89570448423565,-0.24480540983811244,-0.17773560286263365,1.8653597402933606,-0.12394301683704763,1.4564963795035257,-0.4209318314980343,-0.29836553467447996,-0.49904099765523646,0.24072979986583343,-0.9860615450938046,-0.5793421194938809,-0.26079092741195975
TCGA-A3-3359-01,1.7686708717061936,0.45729251340970595,-1.0904868020802179,-0.16842736399156116,0.6928334514429565,-2.4019242274441086,-0.6149237198181259,0.9785101000740561,-0.5369784967055112,-0.7097181348257838,0.12729348054914263,0.6129621574204546,-3.1865427697972484,-1.6113747178145155,-0.2097552885776204
TCGA-B0-5096-01,-1.6381586808491666,-3.750311610527475,0.3092434258378451,-0.8601346273374855,-0.21913781260853868,1.512170964344308,0.05073985042741312,0.5865424389185093,0.20230013444521916,0.29136422988699934,-0.24128449221704473,0.08857256342706116,-0.23482255779310257,-1.7178183025642275,0.3246830374657102
TCGA-B8-A54J-01,0.5162264954244684,0.4032536757783623,0.004533791979900104,2.887932398257757,0.7698128914004696,-0.7614070862699757,-0.5903333542729179,-0.6517179317410763,-0.19098131027526583,0.4056443158378707,0.4491800076516422,0.10758801069570266,-0.7558720782376088,-0.12771937923731144,-0.8635854074038096
TCGA-CW-5587-01,-0.1702450016676663,-1.4885388199746277,-0.22815100385108855,0.2816398360532748,0.34951365622519803,-1.3466660105206025,0.025229871882813743,-0.19110791912775185,-0.044419520257231775,0.28561952258552564,0.3120442436124106,0.00185749394932357,1.820737169121796,0.13879709867153817,0.3346615796301989
TCGA-B0-5120-01,0.31415838582882344,0.6764457232455616,-0.8135239018131687,1.5142270735258605,9.620011199941737e-05,-0.953549404370537,1.4523874923602595,5.508501708687152e-06,0.2595181607078115,0.02487689851937193,-0.3383806509778663,-0.2537611119148408,-0.09854419956680627,-1.6039749845110767,-0.618714632720935
TCGA-B0-4821-01,-0.2660318654196679,-0.49094145496026365,0.11429457994685369,0.477144802978354,-1.427981416442944,4.731110413723795,0.7624248404869325,-0.20821220367414991,0.2203983521250784,0.10026890685006046,0.030422628775262733,-0.16735582736812,-2.44908604711879,0.39860056126837773,-1.3226949102204917
TCGA-BP-4973-01,2.0994320639332553,0.9311896491045741,-1.1485013846834837,-1.0117829351728098,0.6365530618873474,0.820729492201968,-0.48933894696230285,-0.2781357186753691,-0.6170390560156559,0.1787862352526698,0.3736407853827377,0.4193262492634804,-5.7625436026415375,-2.948464721687152,0.07079403965490225
TCGA-B8-4154-01,2.637393243812201,1.3428434150828448,-2.924977103340964,-2.888641963620984,-0.2745286078656944,-2.3226702546458897,1.534924426681934,0.32349773463345544,0.6112279082818723,-1.9495222790054825,-3.2457311827904722,1.980755385562488,-11.074229651093958,8.63754010164769,5.55287190334229
TCGA-CJ-4869-01,-1.3701532727655832,-5.068245503930882,-0.0801083075951225,-1.2009156214054948,0.28213374574242855,-0.22121320064641603,0.13224903095174903,-0.7867669705847846,-0.07078965589240582,-0.0826449917042218,-0.22568255404287438,0.0707741451432495,-0.769430183486253,0.7508835837973845,-0.26202738921357344
TCGA-BP-4760-01,-3.6884232913558725,3.572161417383983,5.664229987913724,2.513957465123057,1.2143572632030841,0.832939267212245,0.994131814413884,-0.5484302614132357,0.312790215233478,0.5126828272685999,-0.22745513316001587,-0.19884702647990546,0.15610594568020922,-1.6832340660167158,0.006614725006436624
TCGA-CW-5581-01,0.6546664286081859,0.11193342680034955,-0.5679068209442746,0.753636257925038,0.36663319425908886,-0.6853264873920435,-0.20001654392065576,0.004096184470909612,-0.10210688302658619,0.14782175591144517,0.4193191648289655,0.06817306147142371,0.804071195256059,0.6825108252347881,0.5012385592772796
TCGA-B0-4824-01,0.7114739976750362,0.49655463719960785,-0.3710566770654995,-0.5926345602181272,-0.337631529539001,-2.0383546230371112,-0.29059181185009736,1.146557432036419,-0.2699786932071975,-0.1337920383471916,0.03209136250442671,0.16196518666189882,-0.9008740319685562,0.1706928755374412,-0.3593931625937708
TCGA-CJ-4885-01,1.724208417946782,3.864035421248497,-3.229508926522353,-1.3145869993773645,-0.15380884800753036,-0.32892552612690457,0.12249015138921782,-0.02317882129008871,0.038628681045989315,-0.9243116855850942,-0.9916010061144486,0.17477249926006844,3.4622446502025,2.864281447602278,1.124938573567791
TCGA-B8-4151-01,3.862159185022307,4.8030587501592965,-3.277982943145459,-3.1577150563188523,-0.6515187147541771,-1.528132199136405,-1.28780623450521,0.2798281216458374,-0.23051218080052271,-1.0717726652479882,-1.742651301768277,2.203509182338342,-0.45952542196252727,3.669312067502826,1.5881067764840209
TCGA-CJ-4901-01,-1.7941771168084777,-4.707602676527473,0.5499153820307746,-0.9289733292889222,-0.5130422070450545,1.7041861987463693,0.7904797354149523,0.24033174688114414,0.08526870358532085,0.013482279726518066,-0.18662271216642434,-0.1320489430634997,-1.484229074871698,1.6069097778233283,1.1054381647668705
TCGA-CJ-5689-01,-0.4021099813715683,-1.1337682670750278,-0.16451707389006742,1.7814028110728175,-0.1915994566453229,0.2843318606729663,-0.15215043806892997,-0.3985806914382167,-0.008516241650531128,0.3965400404166961,0.19055168271644612,0.07638305801481308,1.788145069790774,-0.1880748739120289,-0.370257375884991
TCGA-DV-5569-01,1.3160629644009578,1.4517592255101268,-0.23787782298895038,-0.31796826528563576,0.7034624645651543,-1.777279278478363,1.0281607923768235,-0.2280975802852795,0.20920330717415292,-0.16834395389703222,0.0477628362220915,-0.1617457706185166,0.7035849336739916,-0.18102647815305944,-0.21980364142951964
TCGA-BP-4982-01,1.2811171661918435,0.4473248889290588,-0.18517747006720825,2.326860548850618,0.9215817584439578,-1.2706239035299527,0.3819462427481049,-0.13652095428968197,-0.22430516899086164,0.17146148038868572,0.3775975978775488,0.005122212147879244,-2.729128453478666,-2.191936873725773,-0.06717092591215162
TCGA-MM-A84U-01,-0.10044687158909514,-0.5732579060775386,-0.3985843807921281,-0.2212470434667994,0.31204473316327025,-0.10095826081350084,0.8602075406296569,0.31987605474844594,0.24832877008216564,-2.489777620299701,0.28299507995055573,-0.27080008034957737,-0.15450141691091668,0.0007566323061926825,-1.4931196200911974
TCGA-A3-3387-01,-0.14371556490641318,-0.5521312086226545,-0.31970885080378564,0.8953220170382512,-0.6242036783577837,-0.22949918425923735,1.109194234422413,-0.30889636561742456,0.21884936343170783,0.1938611802464398,0.17994827293615687,-0.28323333737346945,0.8306709655669969,-0.13059514346459852,0.17377230856816692
TCGA-B0-4811-01,0.6842717736798214,1.5619563908590324,-1.1105682803070618,1.2124926958107916,-0.7986460013582,-0.07505302645769665,0.6777344084341497,-0.54062902846434,-0.08548949528859445,-0.07253953863444171,-0.6355314747854981,-0.04195138363024405,0.25034913945199055,0.9807272600936001,-0.8941901194258947
TCGA-B0-5102-01,1.2401123346912852,1.5865046081288632,-0.5446305681701928,-2.125539264636469,0.666717678926126,-0.1188998699246589,-0.28477715226353423,0.4356619681529361,-0.20685449436677344,0.3219348487970171,-0.26472618526681946,0.2128534688274102,0.006544535593074529,-1.7319235568847318,-1.120999280267354
TCGA-BP-4762-01,-0.6867859570113417,-1.2425337219545618,0.149434182397277,2.7400278816574892,0.6428999959779067,-2.606539097785477,1.714958645759636,-2.796879734426394,0.8980553062997031,0.8242694066562507,-0.9924270955612994,0.5650228595096011,0.22624703932666648,3.271519615852958,1.804027595380344
TCGA-B0-4839-01,0.2271625078867286,-0.08364492120640292,-1.0603299101449302,0.7662777893689596,1.8910939254446566,1.4447966795727665,-0.14362748278740417,0.10338821712701174,0.13214578219251022,0.02429501176024385,-1.1772357952105448,-1.036827797244381,2.4204222283761547,5.899800110269244,1.3958692082343027
TCGA-B0-4818-01,0.5073084207592553,-0.62219813126018,-0.9091645691979329,1.0445047687906999,0.07563875116715074,-1.5568410474374306,-1.1004242024742668,-0.4754715918594629,-0.4387221643635162,0.28108405969717076,-0.25073648979749,0.45525468909645883,-0.9740792416535586,-0.17332907242184065,-0.47626919359810144
TCGA-CZ-5988-01,0.4212356479268936,0.22510472433776343,-0.605867580834044,-0.008227656633497848,0.5800686172426848,-0.18717980619991692,0.4110472365074389,-0.12828431993583578,0.151391543834452,0.21166776521777414,-0.07762646677173435,-0.059857737760958554,3.2160790384664186,-0.064886933783788,0.9074142007680608
TCGA-BP-5184-01,0.9804806596670305,0.8812542857637403,-0.7231363447791262,1.49711148874068,0.14025730207411263,-1.3997967263637467,0.6892982183028038,-0.4473596028704617,-0.030311799524058287,0.07127874575509423,-0.27602960855177133,-0.07384138054182406,-1.2971857909835542,-0.15666699019725175,0.07326974815768031
TCGA-CJ-4642-01,-1.1220603837456342,1.6879749491786105,2.0350032488618433,0.5534206500502559,0.5041067140379373,1.448585919641175,0.19058184013168636,6.01691809009278,0.8612526689018911,66.05839880340551,0.08779091050984504,1.6171790274758808,0.4288431965200234,2.4230475985164732,-0.4179046498207258
TCGA-CJ-4873-01,-1.4948625774596687,-4.269962186943789,0.9744674065000241,-1.4835480114029973,0.7263157440329929,2.049555424338331,2.1110960679414896,2.444600100027422,0.27754963853247083,-1.1194301047712076,-0.22816123071222805,-2.0616537119926304,-4.9332644954350675,0.11667115043297001,-0.24919001302080027
TCGA-BP-5182-01,-0.4222713875869977,-1.8345683275290534,0.015423208146366729,0.5265713865567301,-0.23087038938198895,-1.8181957224143086,0.045939851962441505,-0.31685948900355165,-0.07657125953779856,-0.0051286345728532665,-0.29383157651733044,0.0871291869765367,-0.3796795876064876,1.3172312659150258,0.662450728481815
TCGA-B0-4945-01,-0.23970894833663695,0.6998555350507331,0.5186128930950236,2.64233638540965,0.6866286138978658,-1.2009666631660711,0.878412804007487,0.9766861217231413,0.12693027424848885,0.24400729095969786,-0.34195159704755396,-0.11467407211316498,0.08642557291620766,-1.761976363730929,-0.5088250028886936
TCGA-6D-AA2E-01,-1.3263423654341955,-1.0277284749521636,1.6523377686786829,-0.19627273974412107,-0.3108293504397204,-2.673737217463245,0.22667710978132982,-0.23601804298995782,0.20773219028311055,-1.992145668447391,0.399257048293108,-0.1680537773422194,-0.490423572649754,0.13870858087838892,-1.153667369492571
TCGA-BP-4799-01,-2.165649670900939,-1.2361111328298728,0.6671444716409072,1.4781716660012476,-2.7085638980487015,2.878287936127585,0.2943273496812464,1.9312230552061658,-0.00634555037809139,-0.8232835742249874,-1.8682788143912348,1.1386341451230633,4.214221032476868,7.210998179821996,3.657249023067044
TCGA-AK-3436-01,1.100646665407045,1.9135437369780388,-0.1767888011218496,-0.9156310316745188,-0.2180242156049383,7.231977348804587,-0.17179446683057384,-2.6087997577513753,-0.15577354924531495,0.6190692987153658,-1.5184380019612231,-1.5392173917123781,-0.4400731770161973,5.135136230805038,2.853366213121994
TCGA-B0-4847-01,0.05253888215671723,-1.8617955541633424,-0.8846018464374433,-2.7295881395952724,-0.48358554178469654,-1.2509838945211749,0.8203407783179518,0.9327814335949757,-0.010284072557168178,-0.3242403988016633,-0.031845601737872424,-0.2006518904077764,-1.097223539258489,0.4248926171024224,-1.0958323781496702
TCGA-BP-4353-01,-0.49834073354244746,-1.344290645196421,-0.013459885734841434,1.6640247288889785,0.38972988570883915,1.704155560921563,0.715542692308695,0.14731673116588032,0.11705920123575184,-0.4582480130829279,-0.8509965544579402,-0.5653950600754857,-4.746144134658874,1.376848040301328,2.647705271580976
TCGA-CJ-4908-01,0.2948058769042133,0.7015937098105826,-0.3322256237275514,3.35255589186021,0.5508607001925325,-1.0975756552647653,0.5172291646753393,-0.4925157275282873,0.06629895008881684,0.23821633170138623,-0.18706900704145216,-0.07283535457453698,-1.4390090258527204,-0.4113972749348407,0.2129625583865123
TCGA-BP-4166-01,-0.5636496430304263,0.3865966003398183,0.3428911424935226,2.8555791401421335,-0.022728760464145115,-0.5984281187611598,-0.09063404088736671,-2.3404739394483185,0.31646314116264734,0.3491553984446391,-0.9803461727662602,-0.9621857619218687,-0.561376273838903,3.7956120300071716,1.8264083151647714
TCGA-B0-5702-01,-2.321735684600609,0.1494422137790327,0.8590802182339744,2.6135217159510384,-0.06692705441766082,-1.1196704677994673,0.0912798337693324,0.5147064984943731,0.10061259959421874,-0.1047436330980187,1.2316660684561187,-0.18246280274964383,1.794703659673211,2.629253589620924,-3.7506967758059537
TCGA-EU-5907-01,2.9331096169792743,3.8012044456002188,-2.4523358929305124,-3.1255574289875603,-0.6833534133144067,3.4751126057246995,-5.18810639936922,-0.054247081343752175,-1.533935774219718,0.2591396560780982,-0.09229873716388813,1.4837459623700304,2.218998737054879,-0.7593481323031259,0.2112437605509547
TCGA-BP-5196-01,-0.5057164890521357,-1.7121520695646166,-0.9090675082467887,-0.6684680343394582,0.08240062545298273,-0.2212654104036725,0.5595982702812293,-0.5336970446315614,0.18232844306058477,-0.032217778281104704,-0.20671143006107784,-0.07032715117085257,-1.4837889441819974,-0.2261572377713998,-0.2413945665506516
TCGA-B4-5843-01,2.4790999486215197,3.6267358144937285,-1.3711652075426448,-1.4668853165344444,0.5824268542600046,-1.2936879646835855,0.8859224601713143,-0.3017455354806512,0.2227193005109708,0.3838936512739882,0.14619936619416174,-0.2816479171159009,1.5607024412159716,-0.5039996003131787,0.49231203304669924
TCGA-BP-4334-01,-6.555937029984113,3.8902239889958796,16.80983624356836,-3.850923893163642,1.7682559784651886,3.428007664631291,-4.09194927798007,2.2520508220713586,-2.405140378190782,0.31356569804556844,-0.922961245383613,1.2166289049211638,2.660229406831713,0.2750454690332892,-1.5088106629212694
TCGA-BP-4787-01,-1.128515479502204,-3.327218084003133,0.2704712835798225,-0.28436136350905566,-0.8572199033537301,2.8522153598221602,1.5073146599731437,-2.1091961934029375,0.12000178724429411,1.0951669021657202,0.24929974428231894,-1.1848507195442033,0.7110232470330501,-0.20214243889557926,0.18583688538046442
TCGA-CW-5584-01,0.5821093195149335,0.3191425433055183,-0.6899824802349442,1.63223053011555,-0.20387478377661208,1.4023084863533721,-0.43005694747202516,0.28709833640911353,-0.2508323691437254,-0.030298708364930396,0.5544966122223837,0.09930018630954032,2.0412492546725356,1.819478356400401,0.679841714251108
TCGA-BP-4758-01,0.38101985258098914,-1.1727309296907555,-1.0165571615461984,1.8189604592261912,1.316976788721594,-1.8326318564566377,-1.101662547291261,1.6082184560859976,-0.1575278265023623,-1.0949259904807136,-0.5206864236655548,-0.8173557163260867,-1.5831346159946826,3.6879120713470086,0.3902639283463387
TCGA-CZ-5470-01,-0.15286499687715813,-1.8208469831801128,-0.3333344324200508,-1.6590853750988914,-0.9355642873160789,1.600203920771258,0.9679480779661019,-0.6766888230389446,0.05307477046088646,0.31840216413572875,0.044972541210923846,-0.2393291134656376,-1.2080990108512624,0.0489101130629859,-0.04355365893404526
TCGA-AK-3425-01,-0.4962718579630862,-1.7987447599151711,-0.05962423666082316,-0.9497297537482245,0.035887103645883746,-0.36539090669966107,0.849175896181565,1.2011439158756745,0.22488271172349236,-0.7645427100941155,-0.40015662279751263,-0.14486085237158483,-1.4612596343126492,0.45177362965813417,0.3352665354425212
TCGA-CJ-4887-01,0.7063717353549364,-3.1261707866837654,-0.9491760470674584,-1.2951325345635274,0.7894260628172562,0.19311991348177135,-1.6419727541189721,1.4956707005084018,-0.6950267400665535,-0.9557794713350865,0.41929923995995083,-0.031120254584457007,-3.655110417482631,2.0622156997377696,0.5476894137802538
TCGA-BP-4962-01,-0.7682234725787002,-4.176688883034115,0.7874109744944788,-0.9535991259089694,0.6845506213738232,-0.1833855121926077,1.2480931967976927,-2.8740416746640145,0.1873049327838084,1.2491007692428056,0.09736692085281896,-1.2785248071989985,2.4865298903582755,2.9341245376065404,0.637235612401454
TCGA-CJ-5677-01,-0.5792163315965358,-1.202131790249826,-0.6206104507552127,-0.6159264978447334,-1.031456322221545,1.331387612562185,0.7046605794508266,0.0502855623093389,0.4189804215573817,-0.05953795628703229,0.37811868027862994,-0.26587983043175767,3.166578865020879,1.277584413068768,-0.5128025549913715
TCGA-A3-3311-01,0.5610733756414754,-1.1364664656192471,-1.5044069832071527,-0.8917928591271549,-0.38574009805540427,-0.2900784325723492,1.0420503510257215,-1.0153817942616064,0.07364762041781131,0.1907637662360065,0.4184200858376964,0.33093504845183863,1.7627085060283296,-1.561133772038397,-0.14089913745467886
TCGA-B0-5705-01,1.1808735395635717,1.0772451276899093,-1.0146858134719883,-0.5538844930006466,-0.5084357665886913,-2.2284720725688647,-0.2455571435130982,-0.5137699305178813,-0.2351943212914258,0.18001711805261533,0.30186494486164794,0.11182469433886233,1.1811810650931625,0.42188241481506317,-0.06359582601445334
TCGA-B0-4837-01,0.0015692551758377882,0.6500308223116109,-0.3518991998270378,1.8676618967240763,-1.0435103886409787,2.8886923672688534,-0.30390808303615957,-1.353484714651653,0.38353354741188705,0.5167625733463806,0.7997877993449315,1.473739989398602,-2.5345909342533703,2.0404250852402335,0.6029961504886513
TCGA-A3-A8OV-01,2.4768452835516186,3.684007662337127,-1.1616485455633008,-1.7749943387488138,0.13818171189192327,-1.64469047793546,0.4708179677983583,0.13668266018185743,0.07370452774939501,-1.6988255537364356,0.4149661847846777,-0.19715451824169472,-0.6482403274101561,0.6845707463340662,-0.5750103580710294
TCGA-BP-4985-01,-2.534700505084321,-1.4108178008985575,-0.06698551474700636,1.2559951681079367,-3.083774513749216,1.0781957731027618,1.321312063399565,-2.047381455825342,0.49731204469068574,0.8358803876060604,-1.1847570164605044,-0.907627193510999,7.552166032753238,-2.0533414259386213,-1.4055127279040738
TCGA-EU-5906-01,0.8070967716601817,1.099553627403673,-0.4440915110236009,2.234269083865528,0.13047013719963144,-1.885704848373384,0.8303584661981459,-0.5226160552540362,0.1859611629471409,0.4299561784429585,0.11820354385292597,-0.2405173133060315,2.502016338177529,-0.14129179930718272,0.18805539504884236
TCGA-AK-3447-01,-6.7909577669852945,5.459307061566451,16.482525333465833,-9.868460297009984,1.4526297650382702,2.3497423701081765,-0.6977886380141766,-0.059253870246103076,-0.6939092881429625,-0.6199911639692894,-6.255745442502718,-0.3830674220504492,-10.250047924247996,20.160066839497805,10.745030769971894
TCGA-A3-3320-01,2.671906614231887,3.5453118314670777,-0.8520591599943571,-0.23827082803983096,0.394731737460493,-1.475907705450106,-0.870454146526399,1.0167997163333709,-0.7774403817008334,0.5697348448098861,0.07409832373581493,0.8703991951938114,-0.6479007575100127,-3.8471395032954168,-0.9490264714481358
TCGA-B2-3923-01,-7.223447472494031,3.649981915531388,17.840304427448945,-3.618621942509107,0.6935058903718634,0.4471385411168962,-3.1731322136143816,-1.1264890185806062,-2.1562985206955783,1.6085620327915957,-1.0137595053785717,-0.6192763566290277,-0.8386078725154158,-0.6731832208939362,0.9008302150189852
TCGA-DV-5575-01,0.8119438773789306,0.6150966680457383,0.04573268895961998,0.7487909001692057,0.40215848475010074,-1.9516917574516663,0.45277310457817815,-0.48636143657797914,0.08632415256549554,0.04251631310029209,0.14035487611982303,-0.02740135410752449,0.04999657415568616,-0.7785238312757025,-0.3609713123148463
TCGA-AK-3455-01,1.2281539030015756,-0.8420404824115482,-1.797708136084021,-4.322866139534055,-0.2683107661931077,-2.038438393949993,1.1680460605775065,3.140176519968578,0.23101246058351185,-2.219583948591379,-1.5015326534742564,-0.4930043010148393,-6.636528837547794,5.302906298240439,3.4208104599476306
TCGA-B0-4710-01,1.499007630577753,1.4020997479026838,-1.396178722982617,0.07929001959050656,-0.06179054053117965,1.4109138957164227,0.5714767845106729,-0.10828401858007905,-0.03331868883323481,0.3176968824200394,-0.012955779724779997,-0.13454330947961718,-1.7886281232101515,0.012184398169533258,0.20704074450031426
TCGA-CW-6090-01,1.298168088156487,1.2021172709030123,-1.8289718417636838,-0.5293584520443565,-0.9729276583080054,3.2829515331447805,-3.0733282095402252,-0.17598157211597634,-1.0921718133816554,0.45290014145386637,0.10460071427199716,1.0030786867163823,1.6549437400071563,-0.8390628605106969,-0.016939630381829156
TCGA-CZ-4858-01,-2.655619671019614,-3.7673140589780947,0.1318808777968777,-1.0253237400751654,-1.4719133750363258,6.229646465387968,-5.070937005999686,-1.8341164024340255,0.7108805043023998,0.7845645175780079,1.0488662522459875,4.626540256870348,-4.48713311455786,0.8881895879301889,1.631860247585227
TCGA-B8-4619-01,-5.706981199472067,4.01549590093467,10.858600598385545,-2.2132474161890707,-0.5662152971206355,-2.739440300470469,2.492764209230104,-1.414381139845865,-0.254699193893235,0.23608729665027253,-1.237821228960092,-5.433359427672351,-0.31374889167961484,-2.4658719040518027,-0.06562726805490582
TCGA-B0-4714-01,1.0912402872661846,0.7208972542910012,-1.1129223717813266,-0.1900074268378764,-0.018610788018960548,-0.10578156573712662,0.3508125884009365,0.8646750415319885,-0.18390185603470474,-0.18695644613417006,-0.13609670802059623,0.01260499421963393,-1.0508844959222894,-0.17203961842123128,-0.5720639013993252
TCGA-B0-5695-01,1.9789666178123906,3.264372519774181,-1.6529944146271127,-0.26368480669515726,-0.4647672270513111,-1.7403092497222172,-3.08794664490502,-0.2059580556549656,-0.9602804503386391,-0.09542803147142417,0.017512419258562242,0.990876617740814,1.0028516859709535,-0.28634828694239595,-0.8343958027624583
TCGA-BP-4994-01,-3.9308408833132242,2.142894272978754,10.328729336394812,-1.3029645220782808,-0.3244853978460127,-0.4550863079455451,1.1971061784610593,-1.8862499009385294,-0.9864217835163658,0.5907158283831194,0.42743507099031564,0.5766358732700734,-1.45372737886406,-0.6167252280132685,0.7154547283669977
TCGA-BP-4335-01,0.21377445472829965,-0.334521170343161,0.2583913598814826,0.5989299308285749,-0.2449194088649518,-0.4342224854697711,0.47300299774278165,4.43094214490135,-0.3938108609046517,1.118202524079814,-0.6400444584781646,-0.3161820022275816,-8.642334950831769,0.8914702516882372,1.0590017840189436
TCGA-CZ-4861-01,-0.5658026474927519,-2.7510850523411103,-2.3612167447389636,-2.631106525239737,-0.5119372481912096,0.37637364795593947,0.7231410574296929,-2.3126282946535266,0.40671249290030603,0.55145469899268,-1.6217683753023355,3.0996879465230593,-0.10220582688932668,-0.9931488355661791,0.8801074863879005
TCGA-DV-A4W0-01,0.9597915729164713,1.852025276922563,-0.9965435657760087,2.1541601297039046,0.04326372180408297,1.6304561494475702,-0.08748195217301695,0.17679238459010893,-0.06619488880864106,0.30719499107782744,0.34394675478532466,-0.07683623375475866,-0.6450241422126954,0.7159721332806611,0.4775689267142731
TCGA-A3-3313-01,-0.6574676108922974,2.54267873920087,2.8472826808120044,-2.7357084908429674,-3.3493300779655075,-5.7354592997758225,2.349372190621421,-0.7371394719063816,0.8959419487150554,0.9348261868882045,0.8586953209760528,-2.1894698629915794,2.518362645392553,-5.403578397933905,-2.5289046869309644
TCGA-BP-4977-01,0.5243134762734621,-0.0323033713804929,-0.48240442373192466,-1.5404633854735932,0.4925343356391433,1.0428624098208241,2.3784409010555976,-0.8519313803902255,0.14597644167098747,0.42419704523436574,0.02323391389353436,-1.2469379169261843,-4.997782389839178,-2.3272289514995395,0.3442073000119714
TCGA-CJ-6032-01,1.010447962182514,0.8559033413885342,-1.073028142671448,0.6455247906673635,0.32580018009995815,-0.8520234805464127,-3.2607114637716936,-0.351973879297778,-0.8521363493363294,0.47168806595728935,0.040872895981186916,0.8453335429076203,1.0426469477627347,-0.4899799127118815,-0.10072607659895426
TCGA-AK-3445-01,-0.6882867338146177,-0.17032865843335593,-0.36938992064106324,-0.07084963411497092,-2.1582578294928747,0.4092543907046476,1.9815077993063706,1.2970031650292775,0.6056200844680077,-0.2676453895995082,-0.5271948406446457,-0.460865005264898,-0.9125901006746058,-0.5205399652697732,-0.393792423857371
TCGA-B0-4848-01,-0.8177960678468782,-2.2550875122494367,-0.04189008544829278,-0.32423785883974415,-0.4210272559794191,1.565797615012647,0.5857666983578143,0.9507043176288378,0.033469429884042994,-0.2542645158288926,-0.0638819997848132,-0.1136996205983672,-1.6085737075348547,0.07864498055740068,0.6883911158012235
TCGA-A3-3308-01,-0.6011256115557702,-0.3093163534309556,0.8624036224943522,2.4159126770390156,-1.112374956741336,-0.5171841557441935,0.6452957748863977,-0.6950234538347332,0.20959112146745346,0.16865881915953346,0.7423372891474112,-0.49455163487183795,0.5723910718491456,-3.2757044757239093,-1.4171902962495024
TCGA-B0-5694-01,1.2784427950380237,1.341060591759843,-1.6641293182618875,0.290901241990437,0.07598905600472673,0.9047890686590678,0.7697674598229574,-0.2002776291120964,0.15931917459285097,0.33082509536358745,0.28058779028529257,-0.24030181262408373,1.410191536476244,0.15370419956357317,-0.2807764328272411
TCGA-BP-5191-01,-0.9022900270092115,-4.644448664616793,-0.5652164437286333,-2.544035156346206,0.5096462517709421,0.7432291978403441,0.9279756619742713,-0.5622339059422738,0.16380825400877466,0.08190725636843688,-0.21667354557887536,-0.17867635003736682,-1.1217410571755153,-0.12752991310787992,-0.9660894502405879
TCGA-B0-4707-01,-0.4568116414673549,-1.1863637121593242,0.788176150671888,0.2723753669994336,0.2754094031986704,2.405411048514278,-0.1959488035800706,1.022296431018616,-0.0215005136650538,-0.1992087698925722,-0.05895375338114882,0.0674921359428688,-1.3701738905785974,0.20366348191721997,-0.887560107980669
TCGA-BP-4790-01,-0.7956803622933447,-2.0618352358771714,1.3653092794454085,2.574878458237117,1.1683068330520345,-0.29536266322936927,0.6445809069343154,-0.18341549145559732,-0.08869214556978647,1.3759562329480721,0.8985558918981916,0.29900247348288445,1.5433707253994047,-2.0826967480869847,-0.2336009453192833
TCGA-CW-5588-01,-0.015245298962534475,-0.2767496204849167,-0.38919811643191793,1.0693655246622629,0.06974782532418712,-0.23622166608252754,1.2399919945788322,-0.14522256804931394,0.3358154564675155,0.09447430466385062,0.28153674643243976,-0.3554468742748215,2.755989199993013,0.9505141487052804,0.4315541198112029
TCGA-BP-5185-01,2.715829239111941,3.2435137580408266,-1.2993848888440074,-1.7837699310756392,0.0888284279486318,-0.9586479217678826,-2.3530465488718457,-0.41016489770870146,-0.7444089711404241,0.21843093481963027,-0.37440243508273824,0.7587688013045082,-0.8555228801345216,0.9088116151042412,-1.7992756010842332
TCGA-B8-A54H-01,0.6438994096153247,0.259508768058138,-0.1516004442067756,1.9055984811737074,0.6029180827778858,-0.7682651712480915,-1.8241166661367962,-0.5428636161410111,-0.468597192762689,0.3425675790294858,0.5646323384258454,0.400413291575525,-0.0231941035926635,0.11008744950523526,-0.5911762360873835
TCGA-CJ-4905-01,1.389000282295414,2.4478947858556417,-0.6287270877303301,2.765149111458685,0.42701630115679723,-1.2438977892677991,-1.5404987643399848,-0.24245385378433865,-0.5263309336123603,0.1609748271839192,-0.20342030680331039,0.5047741961197484,-0.6880416875095917,1.0811199607974242,0.6813848039856369
TCGA-A3-3362-01,1.3837613583106594,1.6978859688930528,1.0048220909227932,1.0497358397204082,-0.06476839197622598,-2.6887072747802803,1.5597965039440251,0.3926195644308016,0.3044396491571234,-0.06213454605946823,0.654057079528261,-0.10647532066980872,-1.2198766433373713,-0.7447113232978592,-0.5539201865671326
TCGA-BP-4346-01,-0.2904941122695243,-4.496179870231303,-0.33822217100947016,-1.17968775708046,1.240176881423872,-2.264620335963038,-0.27783833722926304,1.5608284943424051,-0.3167291099181393,-0.42934857405189797,0.9747529927533105,0.4759053947261154,-5.803532690288855,-2.6714740537664166,-0.6665155708597849
TCGA-CZ-5984-01,0.4604316942384733,-1.1221019864693906,-1.230197349460962,-2.3451780071870014,0.1984772814551451,1.0501713726630315,0.8352453797156432,-0.19289188181796027,0.1884884145333946,0.5019600145274873,0.06088118134282145,-0.2044260688776211,1.8575512987426896,-1.114599033210817,-0.01186942980313343
TCGA-B0-5696-01,0.8865883875039455,1.8405710436654843,-0.7797054851657694,2.339862032581018,-0.22727128620365408,0.4394251275241791,0.3389014205709831,-0.23798810933453718,0.0010593548149195773,0.2585285322984968,0.33980844110873704,-0.10403128905077826,1.221134047242788,0.7823904512188328,-0.5500106675299814
TCGA-BP-4170-01,1.0005402207151846,0.0495708969380671,-2.3182251911702045,0.9650876191419338,-0.44752063054384633,-2.2347430812647007,-0.9523189194183441,-1.6340496876094457,-0.46595454576830914,0.17467590094441873,-0.30269333295410505,1.4897155496704537,0.7821134166053753,1.4067329471628245,0.49802511335648536
TCGA-CZ-4862-01,-1.0694831387260322,-3.934620380442938,0.6868717981374332,-0.5784833019914345,1.5635203564153906,-1.6921350047249306,0.19649883595069562,1.1053249144236776,0.15638278115459656,-0.4129846042872732,0.8783419984160579,0.24415296318640273,-1.923832860555261,-2.0700379044253374,0.07829562872172492
TCGA-A3-3372-01,1.2274153771769243,1.543503461342171,-1.1616731258040278,1.3435793394022768,0.31743262997333505,1.0506994608902414,-1.4330084246965784,0.4867114240319319,-0.6314486368212773,0.30412300859435987,1.0711338833800004,0.8585957210463722,-2.89999933556718,-3.140493132147016,-0.27761598262251613
TCGA-B4-5836-01,-0.05030205388115711,-0.30555806435034233,-0.3106659135517387,2.31176947824661,0.17468598089493156,-1.1670123588835883,-3.0303280855460595,-0.3689205023713873,-0.6736889476658113,0.4894348202387201,-0.020812101319849726,0.7044485817358347,2.314498428882618,-1.1668283346630426,-0.5180218614024922
TCGA-BP-4968-01,0.21347397222975448,-1.0416103539063728,-0.8792195860131587,-0.07665338205559903,0.4712478784151106,-0.9011395668833457,0.18234508844393013,1.24930667258347,0.026016459078595573,-1.6642690471425736,-1.3422909655882957,-1.3944262363836442,-3.552606804585599,2.8606792485938066,1.0570115952328676
TCGA-B0-5711-01,0.9956745556925581,0.6502890312976957,-0.5541207308702419,1.193100724114752,0.805448068053381,-0.10204404424442472,-0.41347409207172314,-0.5180263484122837,-0.17938783423781446,0.47792696395804113,0.1863763606750854,0.08466640210833691,1.8235640687900392,0.04265214216446126,0.5530529623095367
TCGA-B0-5700-01,1.1925852901871952,2.106997075496163,-0.24690686151350447,0.009751507283591735,-0.3272769474568582,-1.9268673565392922,-0.0145613091590495,0.6458041412417824,0.15508719229234394,0.03955043281681818,2.664719547938388,-0.3562428761494386,2.5111503575114633,3.1400849717399026,-0.6263173615439326
TCGA-B0-5092-01,-2.0357535689085524,-4.598351488535234,0.15368941958727783,-1.3923729678255203,-0.9528918193176196,-0.9701054770179947,0.9953324005881793,0.2704549929411493,0.19239396815388957,0.023978254332945006,-0.170694702527311,-0.13918197324238876,0.5303673092920028,-0.9306123050027929,-1.406263614331195
TCGA-BP-4332-01,0.42969386608775645,2.3899668750119125,0.3689276627099699,1.3741607634333577,0.6549142745239507,0.17772338789840758,1.4498434787497152,1.5946992543816,0.4112020970575074,-1.5070400759372042,-0.653895854001571,0.3589182950500748,-4.041151216416199,-0.3299199419345435,0.6762812040510212
TCGA-BP-4965-01,0.7920427979084211,0.7871629101673154,-0.948881456808661,1.4723160076025803,0.8160744400003448,-1.5136865447753047,0.8487297017065514,-1.0373934359220192,0.09316029690592416,0.355519681381624,-0.508080705537802,-2.3315687595324897,2.3597036774947022,-1.2106207324528893,0.09133056375365384
TCGA-A3-3370-01,-0.18277095508827057,-0.6724342860905899,0.8547222342807614,1.3076676821706548,0.38803123588733074,-2.546478356889841,0.7752164734807494,0.12478374896420684,0.11731390651770614,0.2944987400837834,-0.12792347938994972,-0.15463132567120136,0.26293102035236376,-1.3011638956159879,-0.30632126285906275
TCGA-BP-4992-01,-0.34474445163089523,-3.2751063984567517,2.4762666729730625,-1.41490574594974,0.8799259276862391,1.5935750362621264,-1.1666773883063544,7.757601569745483,-0.7205799153069122,-1.9358378233689362,0.1898705945881791,-1.1466710386210188,-8.802333886268935,-5.49185102281663,-2.3317043741292984
TCGA-CJ-6030-01,-0.7079408222694655,-2.7464117999991693,-0.9678650179111301,-1.08411248244088,-0.18950801837832978,0.7514132608840068,0.46061850649899705,-0.281400850345339,0.09959378414369252,0.4309538159071107,0.29564091538943066,-0.14872495296599206,1.6449694819872827,-0.7792700216620475,0.032766731372725746
TCGA-DV-A4W0-05,-3.7088292128356612,4.864705998632627,5.57714248604821,0.46536903895178966,1.1992261964881594,0.7708831501823327,1.224262687300144,-0.03520958435450097,0.36585134125557617,0.038674258866990975,0.1501480581542776,-0.2963724497193056,0.723677778141249,0.41569126414220237,0.6663040033307677
TCGA-BP-4987-01,2.103633956822826,2.0912919684433264,-1.0089285004394575,0.9139470316063938,0.6214538008415702,-0.5251547413050396,-1.4087594078342263,-1.1468424222861724,-0.6351188242616221,0.6388570916463562,0.5786159009243571,1.1616297581439854,-3.5676196264708784,-2.3686015511941174,-0.38343263693970653
TCGA-BP-4176-01,-0.708173788526835,-2.673856160684735,-1.1063249317191286,-1.3088443703467583,-0.8513511230183645,1.7538590138166175,1.442356560211735,-1.0502798835987108,0.09874875250195556,0.05142803143501633,-0.5291686445370798,1.1232209155637547,-2.4593557192765156,1.318429509230539,1.984041750816195
TCGA-BP-4161-01,0.6414888814437018,-2.091605845273168,-1.5549586434035674,-1.428999319707915,-0.5868966880782907,-0.0017236927778824464,-0.25847679365686865,0.6815126131589586,-0.4870235737881721,-0.6930334541546913,0.5329472345779462,1.4681900835716715,-4.333241577276949,-0.7962867876667756,0.6666376712059783
TCGA-DV-5576-01,-3.307217400087973,4.255353762732333,5.233228844510403,2.262385467990797,1.6575017072557474,1.7667258039136595,0.6869704108584376,0.10130641585080621,0.3268541912266499,0.2348385624676687,0.5011681337993185,-0.2242057266214104,1.0540560955071254,-0.47188885121919705,-0.08395387744085142
TCGA-CZ-5455-01,0.1774531747660189,-1.1064721061356404,-1.2944131139554227,-0.5211361105951228,-0.19223655403554696,-0.849843201715929,0.38287704900138503,-0.6377942893632234,-0.10196593321703036,0.3004199313057108,-0.6271122838436776,0.027169182860454628,0.2654422799519169,0.9295945690967828,1.5747615982759264
TCGA-BP-5202-01,1.8972068854646638,2.3467643336466892,-1.664080129898054,0.10000778605620299,0.16708712827608943,-0.5072178247136356,0.5615325154776113,-0.7389732322591448,-0.05309137979830848,0.13136474247957933,-0.26041408551078343,-0.03047831794538108,-1.4505010175039328,-0.5443171136132164,0.40904707955027825
TCGA-BP-4351-01,1.144179158134512,1.5127839926158444,1.42336147991273,1.5575135658543544,0.009671769984702292,2.233430055389402,1.627557614011628,3.3128877132763814,-0.02044034977525775,1.4714723091039101,0.2804718949917798,-1.549778847857873,-9.376405153859514,-1.346574952056833,-0.02691149181377711
TCGA-AK-3465-01,-5.314570251864216,3.3662957004311442,14.523687897992748,-1.8399326005538412,-0.19359903180231247,-1.42424500010461,0.01729368205076016,-1.2033839128890826,-0.6699327582103689,0.12930180746248607,-0.14140894550314756,-1.4224335256261278,-2.5234507051575457,-0.9003847970201371,0.054013798279219705
TCGA-CZ-5467-01,2.077047692661333,2.7122900251805175,-1.620148227712912,0.5142134514540893,0.9412889366656698,0.25460070270056906,0.560270065682456,-0.5654525314038821,0.013895156690250883,0.3034447281757954,-0.5692022147206776,-0.05156010281648137,0.3920110215762965,1.4696593275403873,1.0299678436885356
TCGA-B8-4622-01,0.9006868009466105,1.1018788099645267,-0.30500574151246235,0.3003734644710893,-0.4753653797969394,1.2236324108318701,0.6977815539585995,2.1200832125991065,0.008291501244644952,-0.31454671343603896,-0.12120770584279185,-0.1700183087830543,-1.5646197207876096,0.8028540390300883,1.095129069581748
TCGA-BP-4967-01,1.1197605280413792,1.581175132342594,0.4171439292037491,-1.2444662015134949,0.9184886923472675,3.0428191970289635,0.2806823528971141,-1.9102451079441427,0.1427609911693683,0.6065067795652607,-0.24725593587969097,-0.43246742775756425,-1.5661944078971242,-3.495655761053018,-0.18242286254200107
TCGA-CZ-5459-01,1.489690393302819,0.7658497074848295,-0.7688842267301803,-0.5414620590604691,0.9981534984803655,0.15887456943813474,0.46708870690111787,-0.3423586261205304,0.09315874087872654,0.3180007054777372,-0.04888065072823597,-0.11907812439076154,-2.623184606551786,0.05738900537348859,-0.05587040230486964
TCGA-BP-5183-01,1.350795275180015,0.10278819881161527,-2.6316400600578573,-3.2529780015653538,-0.3026887747565382,-0.8721169779629683,0.922623829281705,-0.6173976593392669,0.03303096850745659,-0.04894392375861001,-0.29286618941610587,-0.12060404548723853,-1.3968415828881247,-0.5419548683360428,-0.09197737533332145
TCGA-CJ-4643-01,0.8657850163084584,0.7083196554252839,-0.2930313659704873,2.062639395905498,0.009853900008092777,-2.367379401545572,-0.29282294678191767,1.0398991493147411,-0.4738499667834512,-0.5442066595320156,0.5077645880073117,0.5031876029410898,-2.2638794217524274,-1.7646979186016591,-0.44102242011646076
TCGA-B0-4841-01,2.1314975960581815,3.093645669035718,-0.8737457683931243,0.2606499667338158,0.5916268178378051,-0.0819188786467082,-0.054187818238464865,1.2997663305105278,-0.1712544768364927,-0.38621075400250104,-0.05424532385462855,0.07271327220228344,-2.086186126691852,0.9155587331935819,-0.8392392772673569
TCGA-B0-4843-01,-0.9622114450991104,-1.0811604927897347,1.9114817462209575,4.22117530466048,0.9468105423405158,1.9429142540128745,-0.9025513925187629,0.8989404819384169,-0.25895868286660223,-0.2835439893956556,0.008833239047137583,0.2948007420658116,-0.7142589295404974,-0.026047720669495292,-0.9973057736209068
TCGA-A3-A6NN-01,1.169268992240862,0.863224493011473,-0.6898385070546539,1.2883020902150333,0.740090956010208,0.08723397367275618,-0.5615391503754651,-0.3671946847504218,-0.16147888292531906,0.45204454456285836,0.5660395632033658,0.06527981922952704,-0.7998778553944412,-0.02571804525619521,0.03698630308369837
TCGA-BP-5201-01,1.2047170565266758,0.25548146408723593,-1.6680580387538622,-0.6712097814980416,0.3330125464662834,1.7551688174056626,-0.7742156994991268,-0.666854544893007,-0.44273579283624853,0.15818189655450238,-0.11165113721889555,0.33534742358667313,-1.7274434193767878,-0.44685384996420296,-0.4199605306952454
TCGA-B0-4823-01,0.9034531553104375,0.6560693433346076,-0.5197838999666876,-0.2671312542207521,0.48641117447262283,-1.364368594363051,0.8232321078865603,-0.010325977906873222,0.16126253712735672,0.3612832147270852,-0.12748863085376683,-0.16551883548361707,-0.20587651444792998,-0.8859260039560338,-0.007407563872413894
TCGA-A3-3351-01,0.34767453515433583,-1.9344851509556586,-0.5443283559038444,-0.4412400852730965,2.51042733352045,0.38958150999499397,0.2265619087223856,0.8053949277620817,-0.30808377988258795,0.2433573721808536,0.2585852363459488,0.25735050634666395,-6.027138553640053,-4.027462819000665,-0.15023361296218865
TCGA-CJ-4640-01,-1.040523601952793,-3.5175593313698577,-1.2650680179327527,-1.293835019643991,0.008627123134208601,-2.865446702114676,1.6884354880123211,0.023238544867491644,0.42432723211500817,-0.5809404547953188,-0.38768006626017787,-1.7406785677303742,3.11771479366005,2.7769456682487186,0.8235991451745328
TCGA-B0-4697-01,-4.018380972687234,-8.75844026056459,2.4285731258413983,-0.45336866196449593,0.22763858534689044,-0.7282369908168661,-0.8507891809766965,0.6218869060902442,-0.08554228709407656,-0.2781898300290155,0.2237760676853206,0.02248805604597108,-1.4054702943511053,-0.006564508559572662,-1.1856014182190697
TCGA-B0-5402-01,1.1535418556946901,0.8902142367701817,-0.3596061958704823,2.304644210224049,0.8217807297776697,3.0658772244269157,-2.865831389793364,-0.5889173889746501,-0.9000848003762233,0.31347502872492994,0.0635796741463465,0.8741278947603335,-2.5005735182141833,0.2887809902717638,1.1308948102302883
TCGA-B8-4153-01,2.042694064346079,2.7907379954742018,-2.387542797326677,0.4214251678176968,-0.6800609036272758,1.4969691992544198,0.20449069259051728,-0.26567817516936837,-0.2929611662039902,0.4606283937836187,0.07590372285357615,0.04211217619115579,1.9679991609726344,-0.5032729995595976,-1.2378455605574687
TCGA-B0-4813-01,-0.14125507867577747,1.9441042526144547,-0.09360756473345377,0.033240616204629043,0.16562359252785777,4.062980961401779,-2.964027149530689,1.0785551114074337,-0.6930453301821141,-0.19035976857372325,-0.2759925728298949,0.9654651002694662,-0.20952532389196588,-0.7305186863691541,-1.3806290534377237
TCGA-A3-3378-01,-1.4496114916067224,-4.758172091282372,-0.07340803657547236,-2.30441757727584,0.28752405977514695,-0.24537392734340926,-0.1532175427858866,0.4052046564944545,-0.28859808062086517,0.05076940278981902,1.1991956429014707,1.5845221786405608,-0.008730517498453862,-4.518573555316509,-1.081753975396976
TCGA-BP-4989-01,-1.882781972868806,-5.42717602810237,0.20510651282039916,-0.6923257868084631,-0.1428694345345923,-1.8810904073881918,0.10749928247636754,2.6710080862131944,-0.19797292535142336,-1.7679450568144794,-0.8515807952947873,-2.6057807602254206,-8.38194650151338,-2.030166961364869,0.006434996674963108
TCGA-BP-4998-01,-1.0789116055476413,-2.3331614942878454,1.1873721891118751,1.5657938025829226,1.1131197729000382,-0.6559902100337912,1.4618331130724316,-0.11415897080184427,0.13863694190100198,-0.16633065633134794,0.07376226496747491,-0.1323807116964706,-4.408746003621994,-3.028681301713839,-0.21222431040963463
TCGA-BP-5180-01,1.9996291197825355,1.0377475924404431,-2.417460415456238,-3.2183022574147246,0.2058493836205119,1.5664737764069447,0.7814653658488508,-0.4314321073016512,0.05714857447293629,-0.04061207158223176,-0.26579219046014174,-0.09098417415110402,-1.9370999127252646,-0.46479260600662425,-0.01583306646331124
TCGA-BP-5190-01,1.294131429785774,0.6025884643329551,-1.4920948304881363,-1.3104518598344277,-0.3711714561602168,-0.5248760533794903,0.5323787999168531,-0.31903214627241316,-0.049608124494936096,0.06911592982132105,-0.29231662391630997,-0.08012368314474988,-1.563711953338187,0.8508037858536306,0.0588466637349042
TCGA-BP-5198-01,-0.28186475281389495,-1.898810816109605,0.07531857223053573,0.11002149138367988,-1.1386865718981158,2.5180726871976256,0.4301447482104627,-0.23651731009712618,-0.08127645966557913,0.2215518710039987,-0.14199333967609953,-0.07639915439860129,-1.3363142951594922,0.9567294414962273,1.0485444548591025
TCGA-B0-4842-01,-1.667038271869804,-4.4748400796544665,0.17874622560551678,-1.0972098786510371,-0.007114530290500031,-0.45067583600541544,1.1642298408478469,0.014093917166156137,0.275549735540785,0.33417492377182323,-0.3139870374253638,-0.25064549115532714,-0.6449788422136103,-1.0261164022316787,-2.2137596500519554
TCGA-BP-4976-01,2.7733550690392423,3.3263876205094207,-1.51179927365203,-0.1458605812548218,1.4607555306817945,-1.0740349915999698,-0.41393848437979425,-3.188395216861281,0.20030914564105434,1.7371385529668166,-0.28523184517920025,-1.0092244982150005,3.773998915562917,-1.0792181204755338,-0.22539308355330342
TCGA-AK-3456-01,-0.8602000035091726,0.9522928489261384,1.893735304816494,-4.04109999715303,-0.8526354337806479,-4.2256468877859374,3.6634964401597525,-0.6497984936745482,1.2876823371273094,0.07854275059765518,0.4213610675871804,0.6982344613937853,5.744573741780181,-2.1417719510402744,-1.1907666644932984
TCGA-BP-4963-01,0.9561222304938314,-1.15295130447974,-0.22765640030863135,0.35460088448848054,-0.4609220870038039,1.27112090270164,-0.6106798622514761,-1.065341532108979,-0.8334230226616607,0.9600509537342646,1.3623352024750013,0.17696065839142983,-3.135518161309306,-2.40378555840734,-0.455513709486641
TCGA-A3-3319-01,-0.322151875718556,-2.8286118276969208,-0.9769670563647204,-4.234468068072126,-1.7936308834583594,4.113023692538381,1.4500793167878125,-1.313447577204057,0.30681031990144664,1.238844342183136,1.7176041403785194,0.24010351669679744,4.659724051148688,-3.6923422513471422,-1.4473934488317475
TCGA-B2-5641-01,-1.288370770330201,-4.30685485538914,0.24608315990272878,-0.795283560677055,0.6675004486394812,0.7654900359120108,-1.4975373499865907,0.21644702697081206,-0.38080790265385234,0.16867521853887457,0.4416518456370639,0.3886287425573516,1.6714236164330432,0.8879583618146066,0.7163211346961286
TCGA-MW-A4EC-01,1.2541848887713325,2.2730997793004564,-0.7832421410003101,0.9354101410697382,0.2243747091655861,-1.9728770524248542,-2.239171626431029,0.5071795190636379,-0.6401247691691324,0.032521595268839604,0.169179718590251,0.6594104881556566,0.7342177206381326,0.8776078844676222,-0.895119184259055
TCGA-CZ-4866-01,1.6665096393238077,1.4484030494112683,-1.262383430812669,-2.2758424163310056,0.3283403345725145,1.2648111728604594,0.3791671881392268,-0.4728599525114372,0.01701385984877477,0.214362658227743,0.03483517047338958,-0.09485742035674348,-1.720994759920593,-0.0020050719557724445,1.074625740929339
TCGA-CJ-4875-01,1.2855001144704095,0.26297099902657867,-0.8999971048791076,-1.4004478018776192,0.762761253203002,1.1763512199609487,0.5466854588226917,4.510561604627894,-0.09302880793984876,-2.7671768057731776,-0.9410497241256186,-1.640324292395998,-7.799765182709677,2.3998920798350074,1.4663445999154452
TCGA-DV-5573-01,-0.06365015173532548,-1.9155745610748593,-0.4942429456086745,-2.3743624064471565,0.721031033904837,-1.4258369231703412,0.17897420526408317,-0.3156056553352599,-0.05123506048617611,0.18887232855953034,0.27772336620288696,-0.001061612441500097,0.9094608857731575,0.046921090548251096,0.019830004670239973
TCGA-B2-5633-01,-0.31826166353726765,-0.9446683516510423,0.30454419180712955,1.6451646256878891,1.3315966105515904,0.9191680248136463,0.34760327786930995,0.149113936539698,0.2185326767277582,0.22388235879738602,0.9417743333821401,-0.27763297188056074,2.055942034115193,-0.1477413145990022,0.4172454194613096
TCGA-B0-5692-01,0.25242471193018035,-2.109159492234952,-0.9529732253437153,-2.4926678260994413,0.8896501739375138,0.5273159926364155,0.2819119756116287,-0.04297430476867013,-0.03425748150365456,0.01660614589184485,0.5368998517770912,-0.07880351673010727,1.397683652964633,0.4718383369045867,-0.46558963937969705
TCGA-A3-3325-01,1.0136568227411482,1.0269284713316649,-0.9085381913573132,0.35502711097315254,-0.7802884523058806,-0.7638025679884654,0.7451461063623165,-0.1763020626062115,-0.0772508599240451,-1.0090968486524745,-0.16446530894166628,1.7946148479909425,-5.361257858721662,-0.12768046911211262,0.41731576978681145
TCGA-CZ-5982-01,1.662458403876515,2.6862245274590846,-1.5134085713249028,1.012015938908754,-0.33133965375374325,-1.1294264579270574,-2.5435838316492636,-0.18507975603765278,-0.7935114219748359,0.4158440605236785,0.050061634877215835,0.7849659387002225,2.2112869318674306,-0.8251040596754614,-0.14316671447221996
TCGA-BP-5010-01,-0.940624147607796,-1.1135072063615536,0.615381745131899,3.847055223255065,0.0266310217079131,2.128229154649717,0.09091059582620721,-0.4163538351276141,0.08237658529068827,-0.02439805755142545,-0.0485878771570066,0.05088643279414539,-0.07920512982264477,-0.8471157779507262,-1.481977002349692
TCGA-BP-4174-01,0.7485295126286452,-0.5227072974961908,-3.3492147061361823,-3.416532128416725,-0.916464697546588,0.0365636090938964,-0.08376064825352032,-1.3276413477380973,-0.12544329288207728,-0.01867885737890037,-0.7660612741341699,-1.3567637819715417,3.2579047250689284,1.2770841688920953,0.9130149052880391
TCGA-BP-4999-01,1.0273941613269026,2.7833504317612863,-0.15759975682113267,3.25292357021774,0.36434508115364994,-1.36795379837064,0.5776545713824324,-0.07750690856717196,-0.0836625669185044,-0.1586881609816346,0.09659758937991117,-0.2582424104288878,-3.4074793350186137,-1.8809026962347424,0.06524494059811457
TCGA-CZ-5451-01,1.8596630521214008,1.7621591543585473,-2.226119262287089,-0.3980606766995675,0.1932259152110425,-1.0824079707869647,-0.019766406391128356,-0.7259621825426047,-0.20043787532371946,0.22540273102395153,-0.5246804344573904,0.16101798309654083,-0.26734110782123766,1.076061442946728,0.5408371447306886
TCGA-AK-3451-01,0.7411886841147117,-0.6851115597265766,-1.2838647706816249,-4.848176194900968,0.14413562638574004,-0.4605422473359889,2.4521499426850406,2.390242193091782,0.796009310373484,-1.741451908571647,-4.122589377774968,-3.2810767602831987,2.3508383479863033,12.755666041258502,4.964009675434556
TCGA-B0-4828-01,1.954084025579526,2.509657763000919,-1.6901425862688129,-1.4244033718277194,-0.7733513958709168,2.657466411351142,0.3413053418523884,1.4199592678075705,-0.2740846298508607,-0.4378387439863515,-0.2511190728452859,0.032565831082805106,-0.9442304054205701,0.08996011012759976,-0.3227486243295248
TCGA-A3-A6NJ-01,-0.3911128117865145,-1.678754947779104,0.9263683602582696,1.8398967240984279,0.6369690323727133,-1.8922496305334278,-0.46961485716699053,-0.24863020107745137,-0.14927695750222034,0.30872723260004226,0.7107224088430951,-0.04252509501405259,-0.7060373836374217,0.8466074725537939,-0.2587811495589033
TCGA-BP-4159-01,0.08900071049484287,1.2709919199933102,-0.665926188441573,2.625557442650256,-0.09421814348022228,0.504069078184584,-0.04073500208637917,1.5420096157341854,0.2539188410561406,-1.3925229851933119,-1.954838872612743,-0.9405256760205192,-1.0086672005588648,7.420344089105082,2.993150151755807
TCGA-CZ-4863-01,-0.9879718413697187,-3.2862016051685465,-0.014408462628333618,0.27907710275033654,0.27077750809426676,-1.9057775709325568,-0.22107681911568858,-0.3755897818632869,-0.1728904333645588,0.03225552054682503,-0.24321794447517045,0.18555143461146315,-1.5298876172317,0.12142718952572905,0.4647391842462268
TCGA-G6-A8L7-01,-1.3656941932643067,-1.7338053049043822,0.7407323144488039,-0.8555060301167153,-0.3825801097991372,0.4708136130096701,-0.17945588522621558,0.7918591897629413,0.012727210690677249,-2.535839741441633,-0.011037212298167343,0.035336743396656246,-0.8320317879943859,0.4524131483099075,-2.3063380848872774
TCGA-BP-4344-01,-0.013239277997515689,1.450182197722893,-0.25296190233443716,3.711548099968769,0.14866901464797522,-2.0277961615043174,0.6876773080852123,0.12948651317156845,0.0655317387947922,-0.9570302084530765,-0.4440243423438381,0.01201949859465588,-2.931706985944356,-0.15191550456810357,0.3176268564220024
TCGA-B2-5635-01,0.0562315468297053,-1.50609695512182,-0.39802494985565784,-0.7169870077661058,1.0893189995393537,0.11143412652175069,0.6928680021106972,0.06331498644228727,0.22475603885250897,0.17320975102687544,0.8541096651625532,-0.2761033913237993,1.4347635014732185,-0.8971003322792849,-0.36166186682144846
TCGA-B0-5121-01,1.5112680121390223,1.8883905947392177,-2.0783057777666754,0.5542169241416873,-0.4762034831792028,-0.894259292837264,0.41160959035752326,-0.24383935421893518,-0.13196811679382434,0.2585582899278214,-0.25021729965989303,0.04500942504024381,-0.03054822767405734,-1.3469039637282272,-1.0680202330400699
TCGA-CJ-4907-01,0.7462106381369028,1.4134598159421488,0.02361971724579563,2.6369778007066005,1.0615985230316993,1.7286142742288855,0.5070605683749755,-0.20888661508367065,0.03490017516214467,-0.25684582873801726,-0.010354839263686877,-0.0840819729915828,-2.141048883504028,0.09615602214553248,0.806454410986639
TCGA-B8-A7U6-01,0.47335503047852,0.9744427055487274,-0.07575328143031293,2.524516277814611,0.06748841555083242,-1.5383521059280343,-0.08362209164351155,0.33211920937800615,-0.09993695152452212,-1.9584676016337572,0.3710748700756853,0.010238705352279805,-0.2807318392038242,0.5209076027370576,-0.8857801676137026
TCGA-BP-4804-01,-1.465049810998771,-3.902629935724968,1.1740824965813856,2.4899227017979753,0.9900440196576372,0.3031806648227489,0.9956987065537286,-0.06295105474039361,0.13436488847459985,-0.20945624414101915,0.13987321369406797,-0.5350916405713592,-2.5707299036134588,1.620836753316151,0.5057310104346202
TCGA-A3-3329-01,1.7810484477341382,1.170036363469721,-2.14777947709979,-1.2088908546274262,-0.35800113903282665,-0.9467081862823394,-0.12641568412175075,-0.0639196265744443,-0.2823610066858901,-1.2626921813960907,-0.3703309027641218,2.194354100390859,-5.0748143485234065,2.1734500836423485,1.7572315853787683
TCGA-B0-4713-01,-0.44773983149001717,-2.074478910574654,0.20776284381307528,-0.2579996368486449,-0.33511456368279463,2.4554294189267307,0.5410529576476778,0.6716816589156144,0.0716997048755126,0.01624671104467728,-0.08700102967083513,-0.08545964985047792,-0.18388334260734565,-0.6881648541485936,-0.9762507083145279
TCGA-BP-4775-01,1.8187069340531865,1.408231757759601,-0.9506277333276683,-0.16332943503675124,-0.5521199928306197,-2.0072740952985595,-0.8300960223616514,-1.2625725164729134,-0.5077493525182977,1.064997572144001,-0.08773032811580628,-0.8835405150725305,-2.2335541336538682,-3.6975702613271784,-0.9637137523009233
TCGA-CZ-4860-01,-0.8903462418402316,-0.6384188239088001,-1.8889756708853662,-3.2961779985827055,-4.511399215523602,3.127798528805849,-1.3934853150107094,-5.364408997024286,0.7972676308334732,1.2466015217999125,-2.0922593304846018,0.6532381295468226,3.747562547285464,-1.5367199031172456,0.16101929539009827
TCGA-CZ-5454-01,2.538615414336611,2.3972082858181096,-2.942280954897539,-2.9213818218530627,-0.25688116295055036,-0.29040773577438955,-0.5600548111538788,-0.6007772768479628,-0.4423510296898979,0.28149908407251756,-0.7299857949649556,0.3902738691883194,0.09309949325995526,1.1088883303109347,1.168642751998728
TCGA-A3-3346-01,-1.1449328984613993,-2.488935940969904,-1.6144167766854471,-4.731309841949886,-1.8771053190854288,6.2184716396703905,-2.5708744702510886,-2.155958070222478,0.4825757249735864,-0.2364717820487321,0.7662453311074794,5.348669735265737,-4.574642638996543,1.440625071285922,1.1518786467453965
TCGA-A3-3343-01,2.298915665604401,1.0297209524485935,-2.240673637734898,-1.651351571281536,1.0958915993745846,-0.2367236083592003,-1.004833288418487,-0.09342266654210678,-0.4637263734810765,-0.5204464518283561,0.015034846532053985,3.2576778571237455,-4.646969149605873,0.2701332969645541,0.9174712017649301
TCGA-BP-4163-01,0.16244823840208342,-0.8001845386310829,-0.9298656043641526,-1.1078577943953174,0.10671300601273505,-1.0483350923716055,2.550087860914385,-0.9530531439737683,0.3221178758147165,-0.13226038297345746,-0.5149920464975102,-1.3024348590577985,3.6629761874302247,-4.365744656545861,-1.8485123087906343
TCGA-A3-3331-01,1.6558087024878814,0.9152031300622788,-1.2834278859266142,0.21762914111646234,0.16882866410238415,-1.5332018579781905,-0.7122048126130933,0.05807602935700529,-0.5557792791649419,0.2324509906596993,0.6528799720302438,1.1904915511743277,-1.8374274512528408,-2.3329220600246523,-0.3405680308065402
TCGA-AK-3450-01,1.013778657064865,1.1486681734385311,-0.13073135220671167,1.1933014129360289,1.0417125802798282,0.327660338153667,0.33787318501235675,0.712116788474659,0.025193942165011324,-0.11937486561357083,-0.11541569701947535,-0.053820593368095665,-0.10248458217986911,0.22594252145373495,-0.13795777234270531
TCGA-BP-5008-01,-0.7722675373072846,-0.9279688284984079,0.9757243275985575,2.395728469884448,0.4558344409670184,-2.238027748259775,1.6911750656271511,-0.2884780723011611,0.32480440536499056,-0.09613195491200666,-0.18744450400958643,1.3469439425223204,-1.1692105923145546,-1.8846195810069015,-0.38415296068787946
TCGA-CJ-4641-01,-1.2541860372125426,-5.447845193097527,0.534407380930667,-1.3876815577264194,0.08804948584435077,-1.895155532187394,1.7625563901864707,1.0486010166071844,0.13561720273953956,-0.8451574158545877,0.0795903052614408,-1.5055314992903766,-0.1659992848562806,-1.8642288037126773,-0.5412250145060465
TCGA-BP-4338-01,-0.11871554058872438,-1.8778620384942477,-2.674302415051569,-3.157024098407038,-3.6878523283992846,2.3103450260144154,0.6008529984349268,-4.892633846624716,-0.021697284954634327,1.965833855987943,-0.62227845155065,-2.506937844267683,9.470048807333388,-2.1806852874978353,-1.6673419794053022
TCGA-B0-4703-01,-1.7967895920352788,-1.8499470987986053,0.5898059819980811,3.025880109500424,-0.6447931028726646,0.6634295196988509,0.6680217404916371,0.5583378352627449,0.25942429969463376,-0.2631370198007693,-0.22253112068523967,-0.07078315024351045,-0.5709012021416986,-0.5243866245781228,0.010893291271551395
TCGA-BP-4173-01,-2.485185660275619,-7.108668792815755,0.400450876268284,0.2989752696132849,1.2735859520971542,-1.7851792151955512,-0.5533588456835621,0.11848136947206529,-0.14344437390570033,0.40604433520228755,0.35566686183204393,1.0232412486868276,-3.345768388709079,-1.0993916385888092,0.007131446460292181
TCGA-B8-5551-01,-3.4983403684963483,-8.399685642002025,2.017987624343743,-1.5785446127409128,0.27314089157739224,0.7575186435889241,-1.4474572189119252,-0.12394935682876781,-0.1632287480915458,0.3585563655668661,0.5859399127463358,0.21717936784571415,0.9054637563944417,0.37914624375860434,0.2404864760487499
TCGA-B0-5706-01,-1.9882098325696094,-5.1530770670001225,0.7852282066652374,-1.3955597345486435,0.31640267821556667,3.2711090359614388,-1.058487667876989,-0.04837984616557777,-0.18948687664227937,0.17064925126499259,0.3780413630138464,0.19292873951084974,1.8514957128175624,0.7349134326038848,1.1652112590342858
TCGA-BP-4986-01,-1.1155947591924007,-1.75599237243607,0.42761385641337607,1.678221165071849,-0.08730405955084763,1.2892128592520635,1.4726651315630659,-1.1930550915413338,0.17531647314077387,0.8566049415436475,-0.09024560850650526,-1.8716669858696768,-2.271196646826917,-3.420414243373703,-0.29980573888049594
TCGA-B8-5552-01,-0.33087481963520393,-0.2330877488502989,0.18993861910049983,2.7744068856685824,0.30974703999240827,-2.3668168150051976,0.5084170141104102,-0.1806610387048882,0.13138519530632317,0.4485860391814187,0.11798892074944087,-0.1314251554913116,3.06727006610195,-0.8619299851498815,-0.5433275577617184
TCGA-CZ-5465-01,2.940023849893445,3.8048000284153907,-3.289002957393155,-1.54235534926743,-0.8460655823800411,2.135104268085518,-1.6268278469435744,-0.5768756926721589,-0.937100855843231,0.2751847790451085,-0.57606683684431,0.707820317182492,0.37364937233417195,0.7690565660537296,0.8980867363672216
TCGA-B2-3924-01,0.3177537976588991,-0.7792774757954477,0.28583490384491,-0.4023428246242229,0.7027262833228337,-0.9935389391686419,-0.756949048106126,0.24211748579678052,-0.17417855246368344,0.26500501937487286,1.1030751934394563,0.05788627426936104,1.8292346837828743,-0.3652428423763718,0.007298508625181425
TCGA-A3-3352-01,2.121586617726338,1.6723768071411995,-1.9152779497050847,-0.8979560839431893,-0.5202856191020505,-0.24778548139793186,-0.6575649174381364,-0.6348441448810175,-0.5912104484635501,-0.26284219519656016,0.10313388550575442,1.1817121885629582,-6.293942091392628,0.17793934130157915,1.1285503327245459
TCGA-BP-4981-01,1.617895270510785,1.1532676158533848,-1.7972664541039038,-1.2848337961207532,0.4918448986413918,1.1449577577014363,0.23868638131596692,3.954116181308742,-0.3811932278717268,-1.3588911294113277,-0.7808357312516675,-0.6444654389735333,-2.382903834731425,0.39141286784740864,-0.7630473635857029
TCGA-CJ-5678-01,-0.07061778599302178,-2.314023289653486,-1.111133006080336,-3.0510568088835774,-1.3510846929618616,1.2242073792317152,0.9500758738470979,0.06493248266651265,0.015345055960497905,-0.25658396136504424,0.21512570789724733,-0.23293729756168174,2.6428861417417218,1.426939094112724,-0.30797794193977956
TCGA-CJ-4894-01,0.28439787010092465,-1.6900696921932152,-1.3530533156179152,0.12626621803687374,1.0496814167922983,-2.4175027826094326,0.08396868173673254,-0.0727219424746941,-0.05918105101137015,-0.5020305911046309,0.06752954594262481,-1.2989180374285414,-2.344852307215779,-2.4519441166006097,-0.5802394548478804
TCGA-B0-4849-01,1.3459863008820336,2.2200934903843677,-1.1438327819258853,0.9742522029936382,0.05597904840910969,-0.8239387136936988,0.7197691494977341,0.4314945292615994,0.028734476702644077,-0.24651230762538173,-0.3012271829797699,-0.09277932847522706,-0.4978504263396866,-0.5889621665544716,-0.6251015386401106
TCGA-B0-5707-01,0.08530451033386843,1.2854686544597913,-1.3976516820566338,-4.5344660513311865,-0.593812696338534,-2.9766780523765264,1.9653319564664726,-0.16327031765415692,0.703557625275022,0.00756471841908648,0.3439494661354385,-0.6466207010496504,2.2714918283929597,1.4639253435960935,-0.8408928380399735
TCGA-BP-4766-01,2.316226412593795,2.552641238098824,-1.3788679128274208,0.43751814514603243,-0.7355389792418795,-2.103208737170721,-0.8800279819285831,-1.818699607205193,-0.494759293004224,1.0048395406880308,1.0832423494523702,0.49583288048907065,0.07891771080256679,-3.2396783922157395,-1.6547911525693966
TCGA-CJ-5682-01,1.6317908467119009,2.6888523702148137,-1.8863061637964815,-0.7456394832643765,-2.3609055456968497,2.0837086430290617,1.217507353248428,-0.3963130137708507,0.010308978101657132,0.20588035613159536,0.1574666440632847,-0.24269096543731003,0.7930019841309054,-0.1250155289938832,-0.08865302977527452
TCGA-B2-4102-01,0.8923524353089087,-1.0779197389056077,-0.9207357030712627,-0.8100922679894537,1.5264566527185681,-1.87421532362792,0.9070984186805834,0.7229675039949183,-0.23441562747302852,-0.22133919601216323,0.31165943009837144,-1.2391674323432698,-2.112392959790185,-3.4041309056011717,-0.6085471154369331
TCGA-BP-4983-01,-2.3300458148326872,-6.7022503481332025,0.02710661195708438,-1.7979309313358638,-2.1992792054432346,2.108376961625093,-4.501470533957395,-2.061200120149897,0.07115530105189583,0.9496875178533207,0.25205991946423206,1.4753245201186496,0.45284785965230945,-4.841479900120504,-1.7202626631036395
TCGA-BP-4988-01,-1.9404321645450606,-4.644176311886177,3.012625394114106,1.8074104727507343,0.8150015861048314,0.6354875022199901,0.39770267318556085,4.083453054262706,-0.14558115082623588,-1.2033312608732734,0.16007772397766448,-1.220219281089729,-16.61019886318472,-2.9477986503170515,0.4814935804867465
TCGA-B0-4712-01,-1.1005988888918459,-2.4729452793154043,0.17206647095619296,-0.7276372651531231,-1.8667157349603232,3.897939839102091,0.4238629841157,-0.4082596774948552,0.08440485340327077,0.1019768947939432,-0.31292511948484447,0.05921591077047363,-1.171428792842687,0.08682805503545882,-0.006475811186446391
TCGA-CZ-4859-01,2.782954825667894,3.8659213874612632,-0.8615257132610143,-1.7978473952683662,-0.1671896130290419,-2.8904385112331106,0.5520039494134608,-0.30981006681000395,0.012174756387437985,0.09914868313267314,-0.208807403327672,-0.09814842581154704,-0.5660241289782728,1.2145210410384748,0.5102708373070408
TCGA-CJ-4895-01,-0.6154686170437307,-2.024068589261925,-0.7485190999898653,0.5360347345795576,-1.1211258786174427,0.7367832024077788,-0.2562362867528285,-0.09765014548360147,0.07310402248286532,-0.9020477319476935,0.7674015286699944,1.7007148053292651,0.5651720185402075,0.5736691524485328,0.01952827058122738
TCGA-CJ-4890-01,-3.601797819102261,-7.254209831284586,2.0642794384948497,2.6465187764861144,-0.019401667779980366,-0.8140791466420441,0.37080471607244847,-0.2646889270881346,0.35281371829847036,-0.39130724227063945,0.29288953888158,0.5204739615407618,-2.1615012984882793,1.4153193247758287,1.20429778097236
TCGA-AK-3454-01,1.5213235476698197,1.9103713548799548,0.20132715951692723,-0.19933937240700994,0.6723594554037667,-0.9245325710181871,0.85053987689822,1.3170685180989505,0.16040447029991248,-0.4705886868142535,-0.20452572336909067,-0.20500727699686877,-1.2996995669811298,0.15215322226315153,0.6778255441032829
TCGA-BP-5178-01,-0.2188927277757158,-2.260546251124705,-0.5306493065419666,-1.2505889246198427,-1.3195928006638604,2.8327930268123374,0.8119750530325787,-0.5257828634715962,0.03407583762829937,0.052825155332007344,-0.19534839224429368,-0.15708051333239076,-1.306185348651464,-0.07713655665402416,-0.21052147999207207
TCGA-CZ-4857-01,-0.238091491051504,-1.4574352991224646,-0.6151597202208294,-0.038709895367498415,-1.840136391387919,3.2456901931961593,1.866999479963168,-2.844131253976743,0.5185052195893056,0.8784110779377433,0.5577723983292127,0.4937770716701114,-3.8300822264911396,-3.0625365923135113,-0.12016755036877638
TCGA-CJ-5676-01,0.12788954432069488,-0.7442117853298252,-0.43579503789403873,1.4991224025779748,-0.11206832901391892,1.7908786418748561,-0.3049775018370068,-0.1786225611686879,-0.09963708938509128,0.3508226725216137,0.4309528621030632,0.009933949420458596,1.7833085306582113,0.3812745346292069,-0.939578409459514
TCGA-BP-4782-01,0.08796886769565902,-0.5388155358253919,-0.10050477196557613,0.7068215272074067,0.6982980819946896,-1.6553642728878233,0.11128377284466698,0.09475239323131761,-0.027954084217592278,-0.03744244904755109,-0.5758289971696747,0.165985540722006,-0.7385249798717965,-1.5641771596198075,-0.5995370085619263
TCGA-B0-4718-01,1.664059360844173,2.727861881071573,-1.9481208856313459,-1.0776174597486217,-1.352492931160658,1.2451284641234017,-1.115224052600951,0.7396452503478372,-0.665039425726522,-0.183357479377321,-0.19741949487601132,0.5155217000438684,-0.5441646887437936,-0.3283827572192692,-0.8757605542962439
TCGA-B8-5163-01,-1.5514409529969748,-3.4058060650602466,0.5484851177847021,1.4427647444276668,0.3935883615760473,-0.013301312806621167,0.8120845331454828,0.31471235695711025,0.2000915953576605,0.13303532721656974,-0.41140642588204107,-0.080517490018998,-0.30364335666447156,-1.657903691211672,0.25762443031263416
TCGA-CW-6087-01,-3.8258163701901204,-8.373635201736366,0.7293163730233906,-3.912215974792002,-0.5196807341175094,-1.3703864115267657,-0.017824898414809456,-0.13487017876246982,0.14448021525173224,0.3281084030771332,-0.0703096375165094,0.11355624411305772,2.6465128763423973,-0.46273712563364566,0.6394726886084605
TCGA-B0-4836-01,-0.7837850610539362,-2.2823815903829856,-0.32662177034366646,0.3210514919655117,-0.9101242529867599,4.675625955652029,-0.21298074357490626,-1.1670253764223908,0.14983013767148728,0.5297654924952443,1.118962119097642,1.6989235705640144,-2.069285597296959,1.4219805399054362,1.3955473154131048
TCGA-A3-3349-01,0.37996481988047914,0.9325895477929503,0.039129140974661365,3.509882427732566,1.3010112457713858,-1.2956907014658512,0.6577755350829912,-0.46553839044818596,0.2881516985752373,-0.7207063694675899,0.054392136040250984,-0.4415164373675904,-3.4123498106349923,-0.9970418698571676,-0.23933508766451023
TCGA-CZ-5462-01,-0.8785934564834836,-3.3678128646500785,-0.6905402539087474,-2.691827544775602,-0.23341813814905749,-0.6224091359821821,1.5506665048071415,-0.22112963672850394,0.3416576091101328,0.1301387373245979,-0.6041073686898237,-0.39258191331448583,-0.25688344286989834,1.5324783523987422,1.5029942708202717
TCGA-B4-5377-01,2.0500816340347012,1.886483939472421,-1.7989964784142156,-2.166882076997326,-0.21699212056284534,-1.98058809041889,-0.20237700394382255,-0.6927689916357999,-0.25273837781458675,0.3314533920280204,-0.2357801753534475,0.20861832009159534,-1.52972249073425,-0.23325876634308546,0.5000269241326856
TCGA-A3-3347-01,-2.207737028379154,-5.213283828359849,1.4189568148630787,1.0615036895391392,-1.349143232478446,1.0019137588997817,1.348782574478562,-0.8476536956394681,0.43281998663749355,0.5497415494777967,1.2959741540055183,0.0008369667430484854,-2.756368803329398,-3.4734878861212315,-0.787742851717277
TCGA-CJ-4889-01,-1.9547214430401856,-3.772180147939992,1.8150403301512954,2.6366186113015826,0.8210198387145782,-2.949206851982812,0.9580583029672579,-0.4783926659159088,0.4624778835390143,-0.17088388128475085,1.0833363156208422,0.2358526875148897,0.30835000958852155,-0.6494634115010905,-0.44319721022773684
TCGA-BP-4961-01,0.8259149222397469,2.1901786714495497,0.4397824749296064,3.6207543563765,0.963959516044718,-0.41426596997996795,-0.19576548396159307,-1.2555224414798787,-0.12183114588889443,0.18968148589945155,-0.17167190158766446,-0.8123561447678889,0.6299483989729601,-2.2063896642596452,-0.5248003688501623
TCGA-CZ-5469-01,1.3177417902943496,2.7992750109007765,-3.2728155885960626,-3.7334348636458996,-2.518623836293227,2.610613829399572,1.149472127494123,-0.6623833537278919,0.5113801572505984,0.2823389014190149,-0.169571760771774,-0.20315932791362498,-1.9984793392403335,-0.15575354533288602,-0.8365093285797401
TCGA-B2-5639-01,0.5645801450549045,-0.8236644046009631,-0.6679143763867859,-2.3585947638973406,0.06388399781432852,0.15013122376815172,0.39350208428142963,0.357898255513545,-0.10275881360686231,0.16370747708833508,0.5058091996502349,-0.06684639412764479,1.006736085528967,0.1461207410664599,0.44979805073908385
TCGA-CJ-4882-01,-2.5300120238456603,-4.862556895334828,1.4309506772133418,1.7838077519357805,-0.20857512559998323,0.5797502189140772,-0.7024006667521305,-0.7938175899098799,-0.20382867416093725,0.28762813570733514,0.023883884044756568,0.25566482355496356,-1.8514454440930188,-0.34520499728525617,-0.7567539305218683
TCGA-BP-4959-01,0.2099718607837776,-2.3926919367910036,-0.04166708466385833,-2.0148529492762046,0.39793190841474335,-0.8536308349178198,0.44249774382453594,-2.6283163840963564,-0.1977518705668032,1.6495256442365982,0.3437777484998609,-0.7150925205845364,7.096514030374737,-0.32154305685801743,-0.6189301481608661
TCGA-CW-6097-01,-2.778670198492008,-5.9122554268521474,0.9892303360728762,0.10899528645043587,-0.32659353767366217,-0.9293924681319792,0.04889874600725216,-0.6169512833396669,0.062425156126900035,0.3688641699827093,0.0554346651472703,0.011250391599416102,1.961657791841261,-0.21109016120891894,0.47674857505995955
TCGA-B8-5165-01,0.1943016216802809,1.4438180318351777,0.8650995546583522,2.616747653511013,0.7321226750408454,-1.8075573815113504,1.1486015517784287,0.21751065133348185,0.2500901001418605,0.38462652514797846,-0.48606851644741966,-0.1873117842978933,-0.37556468053790176,-1.602387245324587,0.1876246757469968
TCGA-BP-5169-01,-2.5640950177941573,-6.510715418936524,1.5951503397598201,-1.1464601828942345,-1.0440054825765048,3.212350065388116,-0.857314911235676,-0.10961289192125447,-0.0977195135861324,-1.495568648038991,0.01478785841091475,0.049902309686014404,-2.3219482450366393,0.3652974280065384,-0.8184382775209686
TCGA-CJ-4884-01,0.12072016155637755,-2.74250792839707,-0.9447064000694673,-1.5045849013571087,-0.6232833344210742,-0.7947619922587368,0.06635892761253699,1.1171164594043403,-0.488361040218196,-0.9882805852258428,-0.2778379755651051,-2.1777919464679387,0.7907659956270848,-0.7831614644180586,-0.374660328168714
TCGA-BP-5177-01,0.8306978775477034,1.7592090647216374,0.0034605135562764387,3.120735818743915,0.5497813143559804,-1.8795381654632273,0.7585451727175898,-0.5598384768884395,0.15334847886595396,0.1708009327387728,-0.1274141091926503,-0.16690893674397708,-1.2354505207207005,-0.1202883660171538,-0.8042033111426818
TCGA-BP-4160-01,-0.2484541571980629,-2.4127193697064766,-1.3705384828287186,-1.1132963808968912,0.3860090219345309,-1.8679881119165334,0.2592059209721917,-0.6160941224023451,0.1389729371616589,-0.40623382671105845,-1.2936333260629842,0.8605030524436021,1.432544170807817,3.563706668103249,2.2398055147162172
TCGA-B8-5164-01,-1.4770875297902721,-5.38232486944234,-0.2191216439279108,-3.9751427119162495,-0.033582145398819395,-2.7189047118041785,0.9851622883342639,0.3452899136529007,0.05212284728934802,0.08379929803385225,-0.6087636878581157,-0.03926805381723502,-0.6633768686777285,-1.7434913465144302,0.6748229015562747
TCGA-B8-5546-01,1.1669056609756319,4.098085015348884,0.6007109406960558,-4.832735384866563,-0.09270424292307831,-2.5391375438711203,0.755534846975827,0.47072128812390945,0.5448898511220133,-0.06340698548399203,2.8401693964853565,-0.629443543872088,1.9695724725835804,2.694203254937389,0.7078600054609435
TCGA-BP-4164-01,3.30571481886198,4.669507410676278,-2.839395392094028,-2.853778140393707,-0.6102937116415736,0.6921059099320724,-2.4869897446660962,1.3641625596297546,-0.7455142028235882,-0.6681577214574486,-0.014505771464953196,1.4026521168000492,1.5781119885210708,-2.3503441063146586,-0.6532385774660542
TCGA-BP-4340-01,3.2874840867918653,3.859004789523713,-1.8322201175529422,-1.6957353801210178,-1.7850177717919595,-4.3742491768295935,0.5880741790046748,1.241494401260625,-0.3700485228848638,-0.19392716611980235,0.05464267069616164,-2.2744108167994153,1.3789145021138978,-4.067117131871576,-2.1171095886277835
TCGA-BP-4974-01,-0.23236621112902353,0.8458319056771199,1.533290832010728,4.849433517673449,-0.3831078861908533,-2.04405588594125,0.233955039717169,1.2020554539693415,-0.12394475680324073,-0.9136483943467809,0.1608416641096829,-1.5154101193842455,-3.9991516246626007,-3.1217669444540044,-1.3104279520360498
TCGA-CZ-5453-01,2.8897235541455357,4.368091587749204,-2.1820487849999552,-1.3759264484196652,0.1826220109510054,-0.7607209415741394,-0.07635184823217417,-0.5501453007373293,-0.18498761176109968,0.31044444766487145,-0.4575309325213085,0.13899356714821115,0.14942286317499273,1.1210146432232895,0.4405604455397455
TCGA-BP-4343-01,-1.8866371608051218,-3.718125827892017,-0.26178000171038857,0.4287550723996465,-1.6768006440941912,0.7337140400240555,1.7398540503917623,-2.0098869730125983,0.7164446912080754,0.5022613822409028,-2.387998798988617,-1.8931739958344542,-0.898199283029544,6.923292301401505,4.777369613947532
TCGA-BP-4763-01,-0.11828985712615032,1.1786036489423888,-0.9912112565036506,1.202405599364428,-0.9512096076139872,1.690225724383286,3.3127676583364116,0.7076458945470835,0.8346459839084022,-0.24598047284417457,-0.7936750248798367,-2.0910997201801322,-0.012539573415258545,4.320074671235031,3.438809042414483
TCGA-A3-A8OU-01,0.7949565836971525,1.1617936035005747,-0.8166508883986604,0.5444769989561616,-0.13299048539252448,-1.2420923363092107,0.4550136701455846,0.37414518222767607,0.043056861032141035,-1.8053058326063713,0.3583964079127636,-0.13618070897631074,-1.1461602325438391,0.33108136892915035,-0.7846640345665076
TCGA-A3-3328-01,-6.176733655117163,6.761496513638824,14.834513828770113,-7.078506911086614,0.6777254590518131,-0.5693933511496433,-3.295420966596706,-0.8919566564520232,-1.1555571388101578,-0.3992701556645175,-2.1477602548257537,-1.7921855316722302,-1.8156694684701844,-0.7791551582419296,0.7595013581630008
TCGA-B2-5636-01,-3.134801111130972,3.186388150193642,4.852072275354722,3.4044772081061256,1.711512240670404,1.6027569514439928,0.7101552307623256,-0.49427058003511687,0.32217311203275784,0.21733372840707765,0.47074017192375694,-0.26973039875318133,0.7311100055432723,0.6965964321320905,0.8787358514469547
TCGA-CJ-4923-01,-2.107114004273691,-4.072265295712017,1.3644796780439743,0.8088870172393423,-0.6782047891217063,0.9200487190248554,0.7969568512820383,-0.2422177016039375,0.1504769716342717,-0.20212375625420848,0.15602008190356348,-0.2375591755280081,-2.3945465471343774,0.23528141585835718,-0.4244820783645638
TCGA-BP-5195-01,0.016644966613450635,-0.4162422945452367,-0.6484365275794671,2.14846704557154,0.29435091023606413,-0.8026310030524626,0.9146212737830666,-0.6163653601561409,0.20244245363396737,0.079507064048349,-0.2738928708867115,-0.20686196533020448,-0.5058125029376103,0.9147759846491959,0.6985268422774128
TCGA-BP-5170-01,0.30575947275640347,-0.20922208064949685,-0.5979881181565834,1.0572116879770292,0.6322048238836958,-0.9648406373881968,0.9005773294785576,-0.5441151238258108,0.24405978150342994,-0.32934175963778495,-0.4284741629111081,-0.2007805883108398,-0.5806571825391528,1.1683966326939144,0.25745347953093567
TCGA-A3-3336-01,0.49034739881553646,-1.401576645950532,-1.8755169839738537,-1.644617364538188,-0.6464589224466238,1.6159443745048676,0.44615291905743404,0.04982444733133685,0.4808860197819871,-1.8673122632467979e-06,1.22666800142346,0.47147547665778267,0.20213200878152623,-0.1039855357760928,0.3171766568946978
TCGA-B0-5108-01,-0.8372505221309131,-2.7477919316892883,0.3099378498643858,0.750899698019233,0.8838765373229676,0.6597227052820964,1.0285527458406307,0.6598394970866734,0.16420639251815725,0.351829039957522,-0.44909685140948097,-0.17437328418335654,-0.00841505094140073,-1.5902882122373765,-0.09902701853999289
TCGA-BP-5175-01,0.08514069322715967,-1.4471551681471102,-0.7171508264578506,-0.8732508926046847,0.8976080879245645,1.6058617466201537,0.3845623673744325,-0.5118579697023593,0.23559578082947033,0.026621174362032585,-0.1984397300012178,-0.07098582292821759,-1.3915445705382856,-0.028345380867174294,-1.3386320057657386
TCGA-B0-5110-01,0.9502966812650158,1.7237158522964973,-0.7921702955699343,2.4425263011930545,0.0729338743263098,-2.1256878493362694,-0.07921323023698452,-0.13163339118824818,-0.15416659657566073,0.26136106100801615,-0.25040224914087217,0.18540596321229552,0.6151152898395063,-1.7037120827638674,-0.4207458949314721
TCGA-B8-5159-01,1.9392163439496453,0.9679127711054388,-1.306724566919012,-1.6529141354201569,1.3352250433482309,1.666958437542614,0.6198870989410993,0.4902844754878438,-0.027810529203428903,0.2663083650205358,-0.19941359355087487,-0.03229208150113972,-0.49704700755075526,-1.693065835627644,0.522263250514323
TCGA-A3-3363-01,-1.191862480513095,0.8913185951362091,-0.2902330029029608,-6.829185125437156,-0.10767060498588239,-5.45176401479911,6.378845366023486,1.438431654126024,2.3918792408806744,-1.1233299612930214,-2.737703459847688,1.4343728322553646,-4.603360196694843,-0.9257901830244404,0.6003705520829544
TCGA-CJ-4870-01,2.022317744447589,4.052592889466844,-2.2102311207361685,1.6058888300774015,0.18188049568124454,-0.5392776334078915,-1.4048579482852237,-2.089715935564851,-0.25986567913706005,0.2728998446588873,-0.8633122712633079,2.1558858236092995,2.4028496811286613,4.386459875087456,0.9401796677175367
TCGA-A3-3326-01,2.0077390085607694,-0.3179646649430182,-1.382291300894582,-0.6901568676132347,1.5044328538910101,-0.7962547363970951,-0.9852238387582049,0.05671153396306289,-0.49227591253373165,0.30363147897843296,0.2385942083604928,2.046064934507876,-5.544822797889175,-1.9704105733548514,-0.1055762662911585
TCGA-A3-3376-01,-0.3701998854911214,0.29415702837039903,0.816692316381885,5.033543162346734,0.7412299350180498,-2.2245801426872482,0.2211182949649483,0.12340861785284378,0.10313176645398986,0.35458227404965514,-0.21242496188004034,-0.030821566236508342,0.12197666762898603,-1.3589663530975982,-0.3343319182037141
TCGA-A3-3316-01,-0.01467072053472308,-0.26646801816855464,0.8592575855415469,1.4677075846191767,-0.7620263305117205,3.1529084887977907,0.14662390615437823,-0.2324533274300867,-0.011523851416832704,0.33056092025850914,0.22332923923373724,-0.22450536775555943,-3.159400920221348,-1.0164371637911056,0.9375980065199229
TCGA-B0-5098-01,-3.0065140777217825,-0.4956622379155919,2.1780462527717073,-1.6622258230131135,-2.4780144117235205,-1.1269313095128777,2.1809656068422276,0.12086981082473697,0.7785302639687022,0.34899570659469836,-0.14818977791285456,-0.5711794969257818,0.06335243648808389,-1.528750837520814,-1.0577667328493248
TCGA-AK-3443-01,-4.8925374049296675,9.133252469998832,14.044779946441203,-5.543148131222043,0.4088820737728226,-0.07926565045915075,-3.0162529560852573,0.38334755922603253,-1.3464818725156067,-0.33193602192779675,-0.8153612390616145,-2.544828435013334,4.0635785749542235,-1.0516212232005027,0.06789349642625389
TCGA-CZ-5466-01,-0.9439305982817381,-2.9275132510017494,0.0645776036432497,-0.0371883230773745,-0.37601559521190614,0.81215655765253,0.7649952125924129,-0.6379894300294203,0.1538092869930406,0.14787244208017622,0.014687002189475848,-0.22225695316716929,-2.2453803049093746,0.22228743845984011,0.18695313406190503
TCGA-CJ-5671-01,-1.3451154268814214,-3.4723942015997196,0.46901438877052193,0.9613573269785661,-0.4107858412975512,1.304989071884651,0.8300868646904117,0.1465972520590375,0.16729082951576588,0.22163760825259204,0.4727238745497705,-0.21993629665586686,0.13753809656038288,0.07365873370864656,-0.10198215363439407
TCGA-CZ-4853-01,2.717393230551897,2.749512005428577,-2.3452858686729585,-2.3476352946441628,-0.29430121436702894,0.5879301014606627,-0.07911382691761215,-0.15937295856735148,-0.3451798992224702,0.13232989728040162,-0.3395817130866564,0.18458770106979147,-1.3505420717382113,0.7212434599583838,0.8223428783766753
TCGA-BP-4355-01,0.4388534856788398,2.8803544397676095,1.6246119855836467,4.656662838428631,0.3367364064496933,-1.0151149268021233,0.6845071340708092,3.3431753630103165,-0.13792111309519264,-0.8409549895879272,-0.1712557967627044,-1.632958359254219,-4.451927403594789,-1.5943286728174269,-0.9618557649179919
TCGA-DV-A4VZ-01,-3.6058752667064486,4.489657629562842,5.141127308024504,0.7259995710917301,1.5163031068929593,2.2828827712095956,1.1711282229744655,-0.11151181214935622,0.3654356674070221,0.18043886157654435,-0.08681878153025507,-0.25271498155384253,0.6552374037040409,0.0411496247533354,-0.7246165086941747
TCGA-B4-5378-01,-3.3931845380370644,4.216023282805127,5.416070964962293,2.6235925784580636,1.235334560779709,0.8359708584807759,1.1984608362253881,-0.7238834287444943,0.28001742873173024,-0.060461033146821025,-0.6188496551061372,-0.21168243720425683,0.007878735770143008,0.9591620492804314,1.2477043963331664
TCGA-MM-A564-01,0.8908971853942748,2.293076308981758,-0.3881438295619437,3.5284697773677376,0.15054246148256378,1.9938606563636487,0.12140582805128429,0.3314284520721616,-0.05467820271038649,0.14914531224072175,0.10803840839620582,0.0154258203104627,0.1668385727981412,0.618076691569217,-1.1648920067848756
TCGA-CJ-4638-01,1.7867361249551108,1.18941135587164,-0.5034823213250929,-3.7614471440719512,-0.550546496707747,1.0169894776721071,2.7696733899998045,3.9688555157492833,0.3947184083269345,-0.1051567392349815,0.269049402661749,-4.065331583443141,1.8188655028732654,-1.917967658510253,-2.4348117148744963
TCGA-CZ-5457-01,0.3779599595410742,1.0791610697227108,-0.4792151484314769,0.8796638615274007,-1.6596484271032883,-2.0924800683811617,-1.128432352342918,-0.8114092274007438,-0.31542373626200365,0.18111338252274736,-0.2271135675912379,0.45384949908338057,-0.7311436696583699,0.13794979433301008,0.20716805637140107
TCGA-BP-4771-01,-2.1004982897849636,-6.709735286283374,0.8144967806463461,0.6790633332213942,0.686423576733755,-2.053869862306058,-0.29111756395866784,0.8678478008590019,-0.22984303910981024,-0.36385213358057866,1.0354004600330753,-0.8580446526680272,-4.935755063359727,-2.073014359933214,-1.077582903305122
TCGA-BP-4971-01,-2.058440239926285,-3.9612625841493463,3.225426497917044,2.7688374875888346,0.6902307097641464,-1.1475245010855974,1.8738287898740547,3.836887677356546,0.16001466667892525,-1.3733064596679307,-0.17440949086940233,-2.829847203771418,-7.788176425694272,-3.762204738290948,-1.263019963939998
TCGA-B0-5106-01,0.5016132868779227,-0.5898226616924246,-0.7848487175565556,-0.034675173912805266,1.4601046780508082,2.244214605545166,0.22294507425175528,0.06617087586648895,0.005604798019121809,0.29673722797885527,-0.04800230547611147,-0.04474451058265457,0.07981851163354947,-0.9482633784572069,-0.13594904477174086
TCGA-BP-4167-01,-2.3984937065373364,-6.1224418906293865,1.605348132752045,1.981850627070348,0.8357177480334977,1.4140497221880408,-0.6316908447203495,0.21961615446008975,0.16726343920000436,-0.330928171783006,-0.08811348994338696,-1.1877750228072415,1.0648365530506045,5.403174150673639,1.1667230542388376
TCGA-BP-5192-01,2.645861809949353,3.749727123811701,-1.4009642008200691,-0.30834004248719327,0.6603681819368513,-1.0797717343086428,0.586886393119303,-0.44940875651569023,-0.00658152450214077,0.04611298046469668,-0.1476335834407317,-0.07016485737285931,-2.184496507051776,-0.1864735581111073,0.40543189915958927
TCGA-B0-4852-01,1.4447150662846024,1.9551500853453008,-1.6815802741403492,-1.032654582512739,-0.7807923068000104,-1.304970451847063,0.8809110563294772,-0.33666587081044297,0.011737893723837017,0.16648041984701525,-0.15016717329576804,-0.16982545058090417,-1.8574755569524448,0.10440074418600084,0.864314532589091
TCGA-G6-A5PC-01,0.5024191840287957,-1.044557596762769,-0.8610660074899639,-1.71498919295661,0.18896484761131765,-0.3205760089378569,-0.20248344470530188,-0.5912710064415384,-0.08087714204701417,0.410858924065273,0.4078797462902046,-0.0020546188733169507,-0.38661194978959174,-0.18962682294941086,-2.9078931394906475
TCGA-DV-5565-01,1.7193121433377943,2.4592346046204225,-0.8081716303221693,1.333241416472815,0.710548334978093,-0.4019277526620037,-4.051671714237522,-0.22750684186271009,-0.8744015349228907,0.3419832243105582,0.275952536721373,0.8733657953665444,2.1797134345930727,0.5457700252395739,-0.8644242800033586
TCGA-B2-A4SR-01,1.1316687955095412,1.7491780312471654,0.05127544884928134,2.3961604246629022,1.4331822853502076,0.29990927587854704,-0.3237245784837141,0.11926299238018981,-0.12214448112051271,0.1499740878486786,0.3128532124486752,0.048540744759801524,-1.3541488239247375,0.9512470523679409,0.9760881230711589
TCGA-B8-4146-01,1.5673031707019531,1.092694416012089,-1.2365085862480394,-2.500506602426157,-0.16087417969260165,-1.4324353165522605,-1.4138412379831116,-0.3640628816307107,-0.4860129112818382,0.3591475628361158,0.04931577282512409,0.4940537422851017,2.115636890818971,-0.522104512525215,3.3660856172903157
TCGA-B4-5832-01,-2.3577269357815376,-3.3114733739317774,1.142091776927792,-0.831550836056332,-3.489279440223998,1.5310391001187111,1.7879259937377352,-0.05701155390518257,0.6866636280476159,0.3944648430536648,0.059628996803603444,-0.448009043857779,3.3360546996326375,-0.4203406062027621,4.633759835084146
TCGA-BP-5007-01,1.339191585849492,1.6216049856042656,-0.7246988176612864,0.6555116965273529,1.9070005453718322,0.5539785515093218,0.11916173169471117,0.46536769885014645,-0.1955634840637441,-0.6519784282250587,-0.5801144233790588,-0.40100834493230336,-4.932335191177103,-0.6048247189839805,0.5839594780707692
TCGA-B8-5162-01,-1.9160202791205885,-5.815575550679872,0.2422212984098755,-1.8510862509682924,0.015464189344403178,-1.498423155045106,0.45311106647223204,-0.10406228736038131,0.08821787373565027,0.00919880280928006,-0.5185620152375024,0.00353671121017664,0.07983745019715986,-1.568997234911179,0.12307650787674831
TCGA-A3-3383-01,1.6088548591637106,0.6217862924268808,-3.0920404924108333,-1.5313839554928714,0.7292973296694287,0.1427681323002168,-1.3605869925160656,0.13901880334942057,-0.1318295336824655,-0.7746029841438549,-0.6687874155390103,3.078382508099722,-3.842449706822534,6.236528558117762,1.473389195156884
TCGA-B0-4706-01,1.5390737987119623,2.4702651810860434,-1.7431483402750967,1.4632944669562098,-0.06496960787852585,0.18838926967688255,0.32795942509868115,-0.4044121230228539,-0.1359466908482895,0.23553538160710646,-0.026238057192622056,-0.009526821751377928,-2.097117929274748,0.13646514237506138,-0.7772917458137542
TCGA-B2-4098-01,-2.36045378776131,-1.6595624120767782,1.504040591394793,-5.599346385980829,-1.1994476145810034,-4.110364218241202,5.445536961830896,0.5472400389446885,1.267551142010961,-0.24953316685626845,-1.3872082745575105,0.017466092845720305,1.84999816180365,-5.712668014257551,-2.1335940571585548
TCGA-BP-4991-01,0.5543009352766229,1.278728807993819,0.22006688080085615,2.8435259422294483,1.010876371122277,-0.2038158476450637,-0.028704924258791734,0.3799481817842085,-0.12404628013624901,-0.20200375525742945,0.05797456698233058,-0.036213638765043174,-3.166947233440919,-2.9690333647755853,-0.08942169592648685
TCGA-B0-5400-01,-2.038928523524785,-4.888596563981221,0.44740383315495724,-0.20916914792029578,0.2821835335861983,-1.488971977437735,1.0198770677576303,-0.6845443312190981,0.26595976427793316,0.26457697190353335,-0.4711107211212396,-0.227542670824272,0.8481018176880617,1.3239072925167934,-1.0353906834258515
TCGA-AK-3434-01,1.6041388881716232,1.933311103680629,-1.2109192920342728,0.6223255600740938,-0.31229642158223586,2.132431200613603,-1.0848757315360888,0.940809908926657,-0.5665267942992485,-0.12124356385521315,-0.1714286278192183,0.4445726815553824,-1.0690990813502592,-0.1896154377749299,-0.19543851873760804
TCGA-BP-5173-01,0.8540846457837916,1.1834337741780836,-1.024498896948177,0.1846219738953301,-0.04346197498317902,-1.459537976467503,0.7549987658241419,-0.6630316881397545,0.06967306342411735,0.11112415900107175,-0.22922802613456486,-0.10070117557981219,-1.1603721614186748,-0.3341502944356837,-0.12095944642707608
TCGA-BP-5199-01,0.7830345661391702,1.1696507682879138,-1.3226560728953582,0.23894062338355196,0.4319220713156874,0.4655264352954065,0.30668722760516304,-0.23372639070921453,-0.03635944107311623,-0.010024914491724537,-0.17537793173885627,0.0022129738064338056,-0.7574738219500627,1.047105121923557,0.005942233665680507
TCGA-B0-5697-01,-1.0359615065403853,-3.530721119342382,0.6294707363103881,-1.1617935623242654,0.9299454111696202,-0.9993118140723218,0.5569797419415149,-0.01761547415839361,0.13204758123841287,-0.013865322093617584,0.2824121357351683,-0.1222698567173705,-0.08571487224053692,-0.1525410941366505,-0.05690877854627526
TCGA-BP-4993-01,1.7640409353169735,2.4211247923286634,-0.9836881038334622,0.174523705340892,0.7174954891042276,-1.6871113767626524,0.07896678792911589,0.25522010969252945,-0.0998771586222768,-0.11793226030684284,-0.24913929340580673,0.10193115849483997,-1.1326488559238221,-0.8833839532054867,-0.4667727656943904
TCGA-BP-4165-01,1.7963100009597,2.0953766168453813,-1.0044787767589138,1.4183088587616395,0.5549374185688978,-1.410436543336525,-0.8363336212708141,2.3577144869551963,-0.3178008517191132,-1.5575448914864423,-0.33516336846418343,-0.1366958431728865,-3.4067737682417953,2.47941585852464,-0.0017692225549628552
TCGA-B0-5107-01,-0.5449005304143117,-2.1370448854025907,-1.7465380709126725,-4.904531578776235,-2.110045361209543,0.7491040695542421,1.9619336865372319,-0.0848739997453258,0.48171462772568996,0.21613614506280382,-0.24943646496500715,-0.47009546944494957,0.5100365214065136,-1.9085155206107598,-2.140582725317194
TCGA-BP-4777-01,-0.4533259825881396,-4.146972957714329,-0.1128055987791608,-1.2663808688222151,0.4482611957310549,-2.2688837640229598,0.3198203431894038,0.6551494668505392,-0.048302286946498255,-1.2385874945691784,-0.7159222371635262,-0.9794639915154322,-2.370356056925179,2.0997664981632895,1.335992109994436
TCGA-CJ-4904-01,0.6670890271447028,1.548852740246173,-0.31860008863679107,2.8562727285505547,0.26538115456339906,-1.7965736096049314,0.47561749083683597,-0.6522702876671158,0.03411680197407729,0.13790661132240317,-0.08308081221290686,-0.07333993757088683,-1.5738605944480413,-0.28098330385371595,0.4151546569458057
TCGA-A3-3367-01,1.9094394137113597,2.2662854328068445,-2.2095824200051624,-0.7812580575239182,-0.8258430977021003,1.2994259944399356,0.5551547908600194,0.4145085591396006,-0.26469343703260273,-0.39587363706561174,-0.545025040520649,0.08078168833798205,-0.4551853703227004,-1.3679140142346997,0.3786288047688366
TCGA-CJ-4893-01,0.756618915970234,-0.37206060142009084,-2.0089175537614965,0.29587015366023367,0.2599374778637209,-2.0275712816315314,-1.202653673259871,-0.8677873377347539,-0.7009533982682379,-0.15160707357588954,-0.33949592238447707,-1.310580736081122,3.485248200054973,1.1765461891483104,0.12097938205245735
TCGA-CZ-5460-01,1.176745125632261,-0.009350016519904735,-1.4461055925726727,-0.8143847358780525,-0.3105113384367793,1.69098456164587,-2.979198426063777,-0.6361676175797366,-1.030046043267591,0.16692357789986478,-0.11408046622888812,0.9313843532142609,-2.058485266683588,0.023215949886508696,-0.1611890487919906
TCGA-EU-5904-01,1.074128740789567,1.4596150109738084,-0.51942034148751,2.063401560227761,0.5202778921240259,-1.039723257151927,0.5755438630945662,-0.5047561367588737,0.03847016303258212,0.3765965147713084,-0.03187928692577733,-0.10082318239974473,2.0515133991667702,-0.25649283919660176,-0.22118614196392017
TCGA-B8-4148-01,0.6376360885340366,-1.5319370989638057,-0.9587110542693404,-0.3305098028473845,0.4171098476131294,-2.9793841982219575,-2.51297264643359,1.6346345485885718,-0.9220409104074215,-0.4512970699330338,0.9058379385028681,1.8491090198827602,-2.406308141781398,-3.257142678232151,-1.258081200284103
TCGA-CZ-5463-01,2.2112717981229073,1.6638891471892816,-1.858641793603722,-1.6887149854609167,1.0418798849746844,1.5983590684439264,0.34245191371329897,-0.7421419657569542,-0.03196440921761124,0.27257262916838293,-0.4256876542624315,-0.02644940429695469,1.0304924870712022,1.070587367338333,2.069444678937151
TCGA-B2-4101-01,0.05124761890692249,-0.6836693024652112,-0.1309470075737144,1.213553679109084,0.09692669931081176,-0.4205814296129335,0.25540221031689747,1.4241108318980402,-0.12286490110592016,-0.39129427842678227,-0.3006517135748024,0.01961010989026665,-1.0404463178731227,0.2712158783141373,0.6613258999915641
TCGA-MM-A563-01,0.4959274886922219,0.01950340940265394,-0.0630419977137544,-0.02499948972452325,0.64998480068919,1.4524012045705292,-4.525482443805657,0.16069636926126588,-1.159220557790623,0.10143343196754875,0.09295309362606431,1.1880741331517082,0.5366700328863439,0.658929130647772,-0.6204803057078796
TCGA-BP-4341-01,2.5703535706250573,4.114046499585059,-0.17994614211348722,1.4194212940374287,-0.0272014573494879,-0.569891090200378,-0.9278474687613602,3.3532759692804586,-0.5869958275390985,0.8196858388772353,-0.18956672833493504,0.3776266615460123,-3.982063990464477,-0.7394193169104626,-1.1007836471739403
TCGA-DV-5567-01,-3.5393223185511533,4.741163699689213,5.342265951857839,1.0528327037318816,1.2791687298210006,1.5858838955352532,0.8852625992326003,-0.34183384587027177,0.3002048968354476,0.1109787537737863,0.14784573578863092,-0.22074443251112252,2.200798982681735,0.7128392272278264,0.624875131968355
TCGA-BP-5194-01,1.6450857887847037,2.2772464183293377,-0.8106986981831527,1.0962842490033882,0.5853250789131369,-1.5371760841127746,0.14999765658905628,-0.3141767623013781,-0.1084905302940031,0.23427997211726384,-0.2837597304518622,0.055193511452920035,-1.036811936949135,1.1128701387079878,1.2188479596352504
TCGA-CJ-4903-01,1.3079511213207258,0.8015665496011501,-1.1980472052619746,-1.342918682790411,0.24071998698403166,-0.7407204894811193,-0.9232148705634003,-0.24907391979657847,-0.4266419633144199,-1.1272202904849478,-0.33344405840071534,0.41960081409599814,-2.5530658839855667,-0.10622673345810635,0.6439818800084739
TCGA-A3-3307-01,1.5855953247995478,1.305295094171205,-1.5218082820299808,-0.1648041904074315,-0.3716604669511566,-1.7478227452877393,-0.8740884202569161,1.2287946925636086,-0.5583748601115809,-1.1422131861144191,-0.860175055485135,1.1328168887505394,-1.6757578453256141,0.6201802029421297,0.8031759579206491
TCGA-B0-5713-01,0.9244011867804707,1.2905261589677117,-1.4066314247285274,0.9267606050557179,-0.38411539960546787,-1.7456043907101688,-3.752219738416503,-0.3252711189029309,-0.9904200823319341,0.4383784809485227,-0.11128113528376442,1.0215774439520404,2.3778773262418844,-0.9797254876890061,-0.7582001013628451
TCGA-B0-5094-01,0.46637930812730555,0.6171862115449962,-1.707325046362112,-2.1326779591042593,-1.9376766544350128,4.780583433543623,1.5933532003313775,0.253574600709776,0.4147107883294027,0.27117605613459145,-0.23941127425079708,-0.38034066772209074,0.023071152180383473,-1.5476674565042838,0.07642688841979013
TCGA-B8-4143-01,-1.6033723304253509,-4.022299286441756,0.29407306718923637,-0.9141946480622521,-0.20032302845280006,2.0116808353010263,-0.6067388675576559,0.7954290182844731,0.2955076205101578,-1.455753019315862,-1.3403542465022331,0.4309134533228268,-10.235745083849803,-1.911148799331678,0.647298538439514
TCGA-CZ-5987-01,0.8307820852596328,-0.13827201317557877,-1.9621775825715406,-2.6286109579344337,-0.7810306605275775,1.5989410907224746,-0.12362429848919353,-0.32391306782270224,-0.122191848235602,0.3063574952837411,0.02723881835230323,0.09972663092599994,2.5150538143947827,-0.34657746846875687,-0.3199265288521321
TCGA-A3-3317-01,-1.1647194429281416,-1.6636923637601972,1.6785891074190729,0.6436915994025905,-0.723742407588088,-1.4662670126991133,2.3929683752937407,0.17482793025287757,0.2286563778539052,0.01602763558112005,0.8737445096917752,-2.293910694459861,0.35616848532188067,-4.4317566304479294,-1.4759540861149152
TCGA-B0-4691-01,-0.24304175586918872,-1.1107823849914737,-0.608740054864032,-1.4894132314031872,-1.2207857431166405,2.4573837258716575,0.23287606289370896,0.7302241204496718,0.06995521579721202,-0.35279801590334997,0.05414044990288001,-0.02947962207147657,-1.6460910625244682,0.32020237778862426,-0.5568947348456438
TCGA-BP-4789-01,0.7758079571816489,3.0867193866733995,-0.04896053439113332,4.064677561835015,0.2499975869884193,-1.113987983503933,0.20132842355763791,-1.2248764557601148,0.13029833428104434,0.27130613476733806,-0.35191827601723497,-0.5830605581680544,0.7555168432534178,0.4217900154139835,0.556156980456096
TCGA-CJ-4913-01,0.5736883283550857,-0.020073990351898826,-0.5958952565728837,1.3811450957950746,0.5262193461503826,1.0413305855688817,-0.9347839200418588,-0.5312717199130504,-0.34735010564884555,0.08834563578526583,-0.26873280367501995,0.38908504111726583,-0.935687145365544,0.5272584012933822,-3.4678650158360695
TCGA-B0-5709-01,-1.7655931645583003,-3.573542104430632,0.46247928625259943,0.7428156251194121,-0.6998624312111666,-1.7312796868387006,0.5748212369320096,-0.33372517866410395,0.10874809841713029,0.15463061351712587,0.0800771688553473,-0.1268805814149087,2.851674042090189,0.8094695770318631,0.2606280582978127
TCGA-B4-5834-01,1.2392769351574366,2.2320000985783177,-0.5502705255688426,2.1018481626697807,0.6200214541280324,-1.429845570317395,0.9284934698526539,-0.5052885635827187,0.20847921018492455,0.4275913671539402,-0.19699376256316606,-0.17080381719113089,1.3139441229465894,-0.6643756648034609,-0.05248004102848564
TCGA-A3-3322-01,2.610969382128652,3.130149396988708,-1.0762372879161985,-0.2564726328643739,-0.006028921166226071,-0.19655907746242451,-0.15943615697484373,-0.4861661116401574,-0.23513252088597322,1.0696701039176784,0.6603614607109307,0.8729749873032928,-3.4390767993801226,-3.874032456664561,-0.9040412142888014
TCGA-AS-3777-01,-4.1079944317810995,-0.06999799491993425,9.753954010162676,-3.2596389756543878,-2.4917781017361205,-1.3684315783942826,-0.28956787045833154,-3.8835643027767546,0.246660636256913,4.929524414480392,1.149417961559107,-0.5667392831694039,-5.850146358779576,7.54037833062747,3.3874393530788565
TCGA-BP-4177-01,-3.192861318208204,3.591432993763205,4.777472731272683,1.1619653661971077,0.975754578237838,0.4799719720432539,1.2697594553690479,-0.15907694503700298,0.36567885283602125,0.34096022197490966,-0.11315761399819683,-0.2946611485932177,-0.019951194787938453,-1.3343906259652247,-0.3312412624535943
TCGA-AK-3431-01,0.0746526915550595,1.2077063800027306,-0.274686008669823,2.766996153096799,-0.44836277783966016,-0.8049511148112456,0.27536410008351264,1.1233652163626522,-0.12394868710808896,-1.2230138987637242,-0.3731049744993623,0.11464300553157876,-1.1066759685773422,-0.4284203202229297,-0.061297723030711224
TCGA-B0-5812-01,0.39751295195800296,0.8035618741818755,-0.06159645130911982,2.756497853397706,0.495459561764513,-0.8914623243537239,-0.11377439820030076,-0.24378097654102165,-0.11516049261101637,0.4893292682162957,0.14190105346869816,0.04904112091825975,2.147111371179335,-0.4603706315971231,0.15220937565354636
TCGA-B0-5115-01,1.6074944636604342,2.3926486499042716,-1.5209734339617866,0.3057894516922706,-0.22296529913705235,-1.110041647355884,0.2979758190927148,0.779650995190016,-0.1691810630159988,0.18042521189792698,-0.38590947810779286,0.09191353414649447,-0.1794525947805247,-1.6186219252548015,-0.5478447931809283
TCGA-A3-3374-01,-7.623224653708596,-2.1010031317826403,14.282679480949128,-3.32863256989253,1.198753081327952,-1.101446260358608,-2.463167058555167,-6.251276416579306,-1.5176987913756357,3.8039391603223107,-1.009488718123757,5.772339073548806,0.024233159396459134,0.45123560772915433,-0.20723375742576086
TCGA-B0-5117-01,-5.770134138243764,4.48447595383703,12.327494900022447,-2.0555273045084355,0.4534823606144906,-0.5485456238336678,0.8844619665901002,-0.2750490628908719,-0.023295480365251423,-0.04469817317774877,-0.3473785312302729,-0.08609154903714153,0.38124248304211356,-1.5130338687685927,-1.0906822817294535
TCGA-B8-4621-01,-0.33286673176530784,-0.7057229003664224,-1.2626380047256518,-4.86174289783263,-0.9964082670006192,-2.390810255915904,1.5987941282836,-0.06856353640673443,0.5334109720034396,-0.12721665288889392,-0.15209673990456438,-0.44051983481868007,-2.156615258895104,0.39088415456350567,0.7876001384539666
TCGA-CJ-6031-01,-1.1972392059080312,-2.5254452056836034,0.7958128840640086,2.847010881948191,0.708843020511783,0.868653119094319,-0.19998511830646942,-0.2658855495867692,0.03188265734158697,0.44732260998659973,0.33737541330508897,0.01576577707657196,1.4794793928033867,-0.4836626448515308,-0.61484570692328
TCGA-CZ-5452-01,-1.752544224677997,-5.979474964151752,-0.05821181226420177,-2.9040886037501132,0.0839115074780897,-0.8976119696495086,-0.23824242916698996,-0.2411606918698454,-0.1510348845173771,-0.1719588056240901,0.04693952242445541,0.08429245373792538,-2.9894589617935936,0.6919749965439662,0.2370837894316802
TCGA-BP-4801-01,0.30322128511483953,0.19221265854882108,-0.38157950068117763,1.4635697013972258,0.2867671653866341,-1.7431574102388545,0.27206903978022173,-0.44908747932395576,0.012317916894120894,-0.0581750217901727,-0.05764044539865638,0.019179388303466948,-0.7073020424960442,-0.6547120853793281,0.0025577726150171785
TCGA-B0-4810-01,-0.369993490161524,-2.245235008826787,-0.3133674615186421,1.0706316220388017,0.6319938888289717,1.2145524488794137,-1.012641729718837,-0.5121431832707916,-0.36942474943290876,0.0023353695553732295,-0.5966699827931893,0.4273341470574713,0.4285859384860104,1.1622608616884695,-0.0968917266090423
TCGA-CZ-4864-01,0.8669838033948252,0.09317274342016484,-1.5837890225627893,-2.1551729406575135,-0.3229116180864799,-1.517845920302563,0.5044881579561851,-0.4716725671297746,-0.05409884091869091,0.13985555746992076,-0.5525992571377161,-0.022624359241273942,-0.212108139869678,1.0447560113430265,1.1570570895633308
TCGA-CJ-4637-01,-2.275714635594011,-7.173779574410792,-0.7398978327316451,-1.8224998878476164,0.3462795290536784,-0.7423132622742269,-0.8800185411120593,1.2872515741170865,0.1688433883230292,-0.8519279363009306,0.01958139949464981,0.3074366700677719,-3.8415163501912493,-1.7790636183224529,0.10597752670202784
TCGA-B0-5698-01,1.744358941582335,0.8801133852512041,-1.887690867554038,-1.4774016753242996,0.06810908109635296,1.9761666837671426,0.5650015623498653,-0.10199690815047849,-0.11777169515047849,0.4683363188737926,0.20058244509165535,-0.11295308115106065,2.2959302737348826,-0.666612171679729,0.09560552873974563
TCGA-BP-5186-01,1.056447854921797,1.801999378324298,-0.38360469083951254,1.8762896906839341,0.06075420356148824,-2.8402016627482,1.0291088909364412,-0.40167628464330163,0.10798013391327953,-0.6145922437365465,-0.4345861106006813,-0.1707900879660474,-1.029452724840434,0.9197245359478978,0.29035053600544297
TCGA-B0-5081-01,-2.312154826303264,-6.109709938412333,0.7347706317572769,1.3748611908316475,0.13495392466364248,0.0772677662282009,-0.14452752460561039,0.10622475470019366,-0.17673663320578734,-0.6783076668054598,-0.001177335755643216,-0.9865598649278704,-4.698974597489939,-0.1530896703315363,0.05386217385221082
TCGA-B0-5691-01,-0.06537616341653227,1.0097039036874378,1.0366633331948822,1.3699963826125738,0.5285534782262197,-0.8219791222579446,0.18926672993012778,-0.31217097294736723,0.019717635976932147,0.12681604878462444,0.34930185049811885,-0.07405144960368303,2.1219734326444777,1.1497910947749457,0.6425458662828896
TCGA-B8-4620-01,-0.5600344587432239,0.5105879279022334,-1.0389824335861786,1.1286598391511244,-1.2619756489660559,3.871161260577152,0.11231005077254788,-1.3928472499666111,0.28142019955901554,-0.02738129647678751,-0.30107633436134434,3.8910570559873663,-3.110050116191717,0.16993831970054574,1.3331014466176176
TCGA-CW-5583-01,1.765159224272838,3.239597467304627,-0.5122823747757788,1.3940666416303298,0.7731567865271469,-1.3488292803264341,0.9023780875926771,-0.13644962767950886,0.1456170613737954,-0.15317627855265367,0.19969244147178483,-0.1637673631582853,0.21918120669924682,-0.3941500475216201,0.23719390243984717
TCGA-BP-4776-01,0.8321088872801262,1.3467460342622821,0.22045702384060223,2.3093775129216216,0.46087605287228306,-0.45952258111002237,-0.19322523735835934,3.136218662929857,-0.3181569763370835,-2.4455483788879158,-0.6313002363949531,-0.3326837458394259,-2.5471279441020385,3.5915252713306325,0.2590426901537649
TCGA-B8-A8YJ-01,-2.535399112204997,-3.132756043174119,3.000798413624195,6.027309573884976,0.4233520663346395,-1.7709343797235162,-0.6133070257998775,1.0199536223901011,0.08233301547344224,0.08646413404774778,0.9737126578787939,-0.029271999278635857,-0.5281373384813248,1.3216025317690234,-0.1378137896043297
TCGA-B0-4814-01,1.4360817446777403,1.7393447569327398,-0.8514121221364619,0.8023282458315966,0.07458568539621072,1.9231405922666802,0.17154086180763967,0.2222077313033059,-0.2692323373929678,0.041745836284059167,0.054086535355638045,0.03945825163090515,-0.9009452434099066,-0.6240578787853718,-0.14117866579043192
TCGA-CJ-6027-01,-1.483531040540008,-3.2668431700551652,0.23526186527378432,-1.8772452378314237,-2.787182555923792,3.2112021277853278,0.44959156066025163,0.0945545926009773,0.2182721105818862,0.38265935637480114,0.330591806784312,-0.10970508694662434,2.8868805588944637,-0.28325296697069563,-0.01973801177725021
TCGA-AK-3460-01,1.6300933263350843,2.482146314813292,-1.253812370728472,-0.053978739327425654,-0.07860328559358663,-1.7822010505394086,0.7054133145591843,0.8660592909204317,0.030281588292038527,-0.06664065909395202,-0.43958012382025174,-0.07702307795104818,-0.778900881391689,-0.5071985874244703,-0.06151500582995165
TCGA-BP-5000-01,-0.2818590763442504,-1.890839689497624,-0.14123044093999348,1.1578793789806567,0.7084869070236748,0.8786472702368064,1.9392448846629557,0.9119597064567206,0.299110369258117,-0.2682038686126364,0.07501167230347178,-1.3801470479333418,-2.6432267328288,2.873730697276276,0.5521974980368238
TCGA-CJ-4902-01,-0.46972526049220287,-1.444347459838981,0.049945099602224284,2.8280419693686447,0.7737213180608299,0.9860442266088351,0.4143610311010657,-0.4853784499238597,0.06526515546159004,0.02497375314411015,-0.25796842754661764,-0.03430212466649384,-1.2165740839054218,-0.4799813280335357,-0.14457037036571774
TCGA-CW-5580-01,1.1366537559926568,1.8695042640858965,-1.9063316108731794,0.20816395208863675,-0.9938403107915872,0.8700453465719094,0.6130429587513901,-0.17402326805041862,-0.024279101777435596,0.28444453985313933,0.03988542122990234,-0.0679250891000132,3.309840528313542,-0.6736170117081554,0.15503364919129012
TCGA-CJ-4881-01,-1.6862303161835641,-3.667629154839181,0.6306568511405798,0.22874559854167306,-1.0047066853954274,2.495218246337876,2.148690298046161,2.1068170464838176,0.4538559067459259,-1.5645787716053403,0.33370865107515024,-0.930956837863659,-1.0995275534718536,0.27159719657674086,-0.2522981030847856
TCGA-CJ-5684-01,0.659908288312268,0.07153687070263269,-0.5208649971330901,0.40541035927368235,0.4355361642239418,-0.08519874458198481,0.5426923973332299,0.054520432736276145,0.05822840590977645,0.014621120343937866,0.6473086380092686,-0.20290946805364957,1.0469353085443736,1.1134854037460997,0.2682320840352211
TCGA-B0-4815-01,-2.8488417509888486,-6.22223957242173,0.7195172285737178,-2.360349114181585,-1.7866460582995078,1.2959077510794077,0.4002146693573136,-0.041135839575237566,0.2144735932835599,0.18485432637739657,-0.44044072909279935,-0.13886189058725265,-0.084908635664186,1.124712828837873,0.6216876489669235
TCGA-CZ-5456-01,-0.7166150863731006,-2.707081908367475,-0.6570502850303461,-2.7321815530451983,-2.3115200737835044,2.5023752413336706,1.4999556532916591,-0.6898096094359083,0.3127822030858885,0.24861565977230132,-0.5159427560198764,-0.31923312169492785,0.19039249692058866,1.1710093001996809,1.2519723003692325
TCGA-A3-3358-01,-0.10049562223251104,-1.938076611963054,-0.01842739154445844,-0.4394881044095253,0.4768766269982339,-0.27717799150162387,-0.03940085314389479,0.01397543969060411,-0.11282374269513061,0.20741390633905504,0.4011675728736558,-0.037127790868876395,1.333914027970179,1.1482042167308897,0.407255404611427
TCGA-CJ-4892-01,1.1004672158472055,0.055682935845054224,-0.4317241252637858,0.10828816639584861,0.9374069493290209,-1.5003492547543844,0.019405964427977106,1.8362810252320518,-0.22843107694872056,-1.1786359899342593,-0.19312265450432098,-0.5052720809304844,-4.741686998646456,1.0438732250008491,0.3665321941407753
TCGA-B8-A54F-01,0.9101541255270307,1.587876396918042,-0.7434304671854455,-0.3201413562120955,0.07812662525437987,-1.2553740048047028,1.2539232179186253,-0.07291768847702097,0.3125775615634142,0.19036286652146953,0.09436109598060598,-0.3351294596522291,-0.10340378813493044,0.19026015795663792,0.10932578663190808
TCGA-BP-4162-01,0.9899660251182211,-1.1294706686880702,-1.3651672748679107,-0.1750730777585883,-0.17074104345367533,-1.856492413957292,-1.3673041181777186,0.524095594749436,-0.9430710084151069,-0.34841715180580884,-0.295161107122471,-0.8511087118934064,1.6820319870611338,-2.486216790566168,-0.8237988768083837
TCGA-G6-A8L6-01,1.266197344487307,1.595502029646915,-1.3078833049237877,0.6933119397267872,-0.21138937557129572,-0.878005372955402,0.35092027862642944,-0.028592247421468462,-0.1916439501102992,-1.5304771320169952,0.07148600306057022,-0.04062258525060638,-0.34648616006698135,0.4853273057107284,-1.5152909613332757
TCGA-CW-6088-01,1.291449084716013,2.4232889527089165,-1.0531134831150404,2.2533883965486723,0.34382006530500936,-1.2533522313932952,0.09543828361885516,-0.4507862247962728,-0.1045294857754173,0.45218270902338803,-0.09596200454519405,0.07163880960242797,1.7371841891057858,-0.9331033120687084,0.20326878928698572
TCGA-CZ-5986-01,1.9344922810716825,2.5297560170124314,-0.7749464252172348,-0.5436329079197667,-0.24751716256384845,-2.0144750593265606,0.4473208469789151,-0.33811853141426357,0.06291110263810265,0.3483505221709848,0.2156887743058996,-0.15280866098920837,2.2600437661807344,0.19725106803968023,1.2628087750311734
TCGA-B0-4693-01,0.34836779893441605,-0.8812586077174921,-0.47541551205577615,-0.4656912003589313,0.4958632411530466,-0.2925556749516373,-0.7112910430870106,0.7881188493240486,-0.2956678314145546,-0.13718001112348693,-0.08145404654880192,0.29661397277476553,-1.2706232308789822,-0.33900956631581947,0.4952044786414622
TCGA-CJ-4634-01,2.048283171465797,2.7541131396446836,-1.2905520305782088,1.0488917863183227,0.14005580570163648,-1.6792088288637372,-1.0168402573425894,0.01500873891652824,-0.2991682325293756,-0.22331916196938734,0.8782591233547768,0.8057992699540906,-1.2860893375959637,-2.2239858221541726,-0.8630232291891561
TCGA-CJ-5680-01,1.2680234831255555,1.884018491287813,-1.33005413651181,-0.8191543290763738,-0.19622234513435272,0.3897070067855756,-1.2743031129108022,-0.16705819234012242,-0.4124072374894447,-0.17352133004123743,-0.054589668570512624,0.5179277683290097,0.22697022704852313,-0.3432739130165223,-0.4530336468784677
TCGA-BP-4769-01,-3.415485482504866,3.8501296264037252,4.012619390656821,3.938884587884086,1.0652785443468846,0.4845799940102321,3.0228369815433376,1.1975384878595168,0.9802447076997532,-0.34042311058344144,0.872323697135861,0.23380086361599384,5.185075591973971,-1.1471678767373472,-1.199417341921063
TCGA-BP-4349-01,1.1434757310472174,2.103946028116523,-0.1569875989277943,2.4795412050933177,-0.0784895529542794,-1.62688128869936,0.31413398753949345,2.503721475261004,-0.26948729624066237,-1.518505432516422,-0.3574097843218424,-1.1076168067425773,-2.6684201184052547,-1.0750061704806988,-1.0427423422635358
TCGA-BP-5189-01,0.20117680210567274,-0.7624071533928025,-1.0256728829218145,1.1413016294126894,0.2586136938290224,0.5307295694431989,1.0144997153261706,-0.6684713504312599,0.1549187195616226,0.024530282045720424,-0.22938854964460453,-0.210343882268838,-1.0888993405085396,0.6504266964005192,1.3152946588439272
TCGA-CJ-6028-01,-1.487578746716546,-3.8707016634507303,0.46709943641580387,-0.553518215465177,-0.5003248028312122,0.7480354239182108,0.32584210522734375,-0.007446830371478386,0.13094988345483727,0.40812287979202905,0.38971149990746423,-0.21051743999494477,1.9821620014130557,-0.19775064091824063,1.0904940578490678
TCGA-B0-5084-01,-1.7630889866253159,0.202031322754828,-1.3734319383143503,-2.6719662036261806,-2.467054883530835,-1.7012207855356556,2.6297408837058414,0.0067235403059317965,1.9284540710724485,0.6885921930422539,-2.5079261386711886,-1.5814441782592705,1.2615185178632786,-5.2780643978065065,-3.1783104343125332
TCGA-A3-3335-01,1.4884974066299168,1.5034849658855094,-1.6569395115556738,-4.2747129942422655,-0.931189206867757,2.633875573045466,1.5848107363277577,-0.8684043260118698,0.12885031971255095,0.49250313809365037,-0.7683793751815761,1.4764189429346672,-3.884051087612415,0.23668343250810972,1.2382610644427037
TCGA-BP-4347-01,1.0341952257470193,1.3571925920821906,-0.9634490422725442,1.6325203012164082,-0.4117292905913358,-2.5127668064479916,-0.11915027431790305,0.9947880887294275,-0.2959016325425685,-0.8811208588907975,0.059064730873039414,-3.582054890444285,0.46516911378799236,-2.340910273315519,-1.175062123154619
TCGA-A3-A6NL-01,0.8524184132121624,0.9369625591450168,0.06855371497134642,2.1492895468609263,0.9472961249861336,-1.2072975433762236,-0.12365168472205597,-0.47715411277915226,0.01190804304730135,0.442780891839456,0.38504329815468685,-0.061229913062321756,-0.04239040576785212,-0.4058892590741263,-0.7577127486922053
TCGA-BP-5006-01,1.8154672276612598,1.954341736397408,-1.899742657622455,0.6990419046330814,-0.915184808009643,-2.7649006697682865,-0.2691609747071153,-0.6919960033067547,-0.3393951166740316,-0.4063345294300505,-0.6523064690699507,0.8347583474110689,1.1837743458608632,0.13321089591723645,-0.4777514982091417
TCGA-BP-4784-01,-3.2895516904321966,2.9018481140798924,2.4707869933034567,3.5974097774237777,1.8794780545495244,1.7501785692267555,1.9391511002691744,-0.06342599642544625,1.2484054653982446,-0.16358852435085483,-0.8382407520088314,1.3318286221094704,3.4839714709488527,1.7994331785369715,0.776486542860673
TCGA-GK-A6C7-01,0.79627437889004,1.6037202495188878,-0.11697663465176288,2.709545711558311,-0.14996749142876645,-1.1065417259723531,-0.7448324561830687,-0.5277753685620314,-0.15102542702412128,0.4108482754393043,0.6088707120635609,0.08371342930428258,-0.1499281559207251,-0.10552717094038042,-0.6130605598600966
TCGA-B0-4827-01,-1.4359148718469044,-3.549944291669559,0.9879237007386233,0.5421193454376347,0.6062688055833333,1.8844393006972597,0.05391652479238094,0.7227404875622558,0.0512931637481371,0.2024928094519184,-0.11817198783785926,0.0012744534231992589,-0.5742317543284658,-1.0547608278524168,-0.22640817100884003
TCGA-AK-3440-01,-6.818610217608696,5.4315679029503166,17.452199422089485,-5.090615013448417,0.44833523497478556,0.020503100144351073,0.29455256070083385,1.4945282719744017,-0.27375932707307066,-0.2368523124765971,-0.4982495435563949,0.02810778070654713,-1.8223543521895138,0.6197284634705055,1.1435312580181534
TCGA-B0-5703-01,1.0364824842633977,1.2943472958302156,-1.3447405722625725,-0.27496135932104765,-0.8371766970108823,-0.8789555089602143,0.6482566570590087,-0.10693706625958,0.050184381817265145,-0.03184081190283876,0.05339232527855653,-0.06100866615071778,1.306726405737839,0.5759733153903257,-0.35425298985836273
TCGA-B8-5553-01,0.07655353372588533,-0.9752311284477496,-0.2098250976957591,0.6988772164591488,0.7203884430305019,-1.0703368153651176,0.5241378823202525,0.032983502441461324,0.13281539406463927,0.28571466526684414,0.4201120545381655,-0.14234909989897765,0.9279341479493356,-0.575061076690542,0.01163572107504953
TCGA-B0-4701-01,-0.89851680202281,-2.32475103345414,0.24229216153645194,0.07049406169175058,-0.8366988214487271,0.5669417985668938,0.7934786359621654,0.9001186221016344,-0.027912003223706374,-0.04016390763495714,-0.16841574963411532,-0.11456855577080965,-0.7445223291187761,-0.6790821831748052,-0.26151272643522167
TCGA-BP-4759-01,1.3229812788162514,2.331539483224373,-2.1450966198677457,1.9157651698407863,-0.11162059922568214,1.4867023359275153,-0.7027596483408131,-2.7367238732656816,-0.038868641303897514,1.1616945269082595,-0.6950541720586784,-0.2488140064174354,-0.8179443315297601,4.283772612072287,1.4009612697826064
TCGA-CJ-4874-01,1.4346531613698057,-0.05604977130325817,-2.6353949161575208,-0.3789788688507576,0.4044336861286158,-1.8370617594714915,-0.8940231322200998,-0.9921487149221624,-0.33114675154295586,-0.25977389211916313,-0.6212663874617318,0.13062937248001522,1.0782162789059235,4.395334719124907,2.0792285044315997
TCGA-CJ-5683-01,1.8411964995361136,2.504362152961383,-1.0764755849533931,-0.3415525216117383,0.3213455078679411,-0.9290298563561624,0.31281051644521013,0.4786534447971731,0.11109248448135203,0.1372418624496804,1.1258073854249075,-0.20401682080851624,2.0680577808527847,1.0845545655243158,-0.4951503309807789
TCGA-CJ-4878-01,2.497503640410099,4.586925486746202,-1.5672585798410132,-0.2578170981094454,-1.3992897324556242,-0.9542292356161979,-3.114705557822994,4.302973162172964,-0.8974442373886231,-1.7126241828798872,-1.1717241519623969,1.606395324069459,4.533739414182923,-3.6158103811556437,-2.5110447643162965
TCGA-B4-5838-01,0.47733889341986996,0.4305913691739319,0.19465396880343977,1.4021276663784712,0.5937933645594741,2.2047835737177244,0.1631597606449171,-0.3495687720100306,-0.030857944888968633,0.48356557746548123,0.2845179821490227,-0.04084231491078706,1.4911299732419316,-0.8217956829502322,0.560855492198691
TCGA-BP-4774-01,1.597140504184284,2.4100077804784927,-0.9132515079362645,2.222019067976021,-1.1987371157269142,-2.848234950655087,-0.659009183955962,1.862519612383382,-0.5994162729589684,-0.15236428223040596,-0.005662482876168854,0.6948846705399362,-0.24121783897359572,-1.0342340549115256,-1.5759652656379466
TCGA-BP-5181-01,2.1024965732632337,2.3032380786406987,-0.771723998237939,-0.4000369274502437,1.1293898044840556,-0.022949995472285222,0.5903513405667982,-0.6500257143309527,-0.009281519727734989,-0.7162929870821263,-0.5380801212691181,-0.012702497532590446,-0.7629343244262958,0.6573760914463105,0.5673459286567253
TCGA-CJ-4886-01,0.4450839497824379,-0.3749742228769523,-0.41652091134411096,2.2600941509805,0.45295885798793456,-1.8387110028437101,-0.019374522303755786,-0.5176040615416818,-0.15650993569440794,-0.4421567568953675,0.0004265997189992858,-0.4666064155338414,-0.016003789632276767,0.6967105270883905,0.4355489689291937
TCGA-B0-5099-01,2.0771687906313585,3.789431267586541,-2.282462626328988,-0.6164116214663184,-1.304464706667711,0.06771273512250972,0.5653557203476598,0.08130045409512417,-0.08056022900897049,-0.0051406835931759745,-0.35166987040264297,0.04112814936281747,0.30191410956412906,-1.2577638208730897,-0.5507724674864577
TCGA-CZ-5985-01,0.6251855525586626,-1.1729322903397323,-2.0031693875785335,-3.1875631936816555,-0.6733244449948013,2.326409789673766,0.47620050418477644,-0.1653276588824859,0.08790772537581966,0.31773799579903744,0.27054309390436543,-0.12428987606607092,1.432405033372741,-0.7245941247351438,0.9648749545820013
TCGA-CW-5591-01,0.005255839684595638,-0.1700461973753484,-0.2657112852492383,0.07666830185400043,-0.45527689140948274,0.6049423166271043,1.435747375261041,-0.32093918672793725,0.35453169418774866,-0.03761441215273397,0.3925026826288437,-0.39421957273725244,2.1463066838249145,0.6228065154467859,0.8004933501217018
TCGA-BP-4803-01,0.9382008041305897,1.863895405989534,-0.8107858369111258,1.1477622063027557,0.2828710374712452,2.9184703417733444,0.8406318959435362,-2.8308449149862236,0.1587092478070884,1.2730592557461011,0.8638067934359716,0.7626847347175554,-0.517819841023161,-0.08713125502362894,0.9182147514339368
TCGA-B0-5710-01,1.0002344790062598,1.1215380666271495,-1.3049426695570165,1.786007729104414,0.713233653870523,0.5520111219005052,-0.9388463768447536,-0.301132703077896,-0.3013228159581275,0.4201042846588496,-0.003868770723537557,0.3181079067440854,2.3923978781207893,-0.46453940802898896,0.1530625014433775
TCGA-B0-5693-01,1.925315058009646,3.2599228873555437,-0.551435181383802,1.589993256232886,0.6614406231240321,-0.6709227549247726,0.09375923417874851,0.010685041815523386,-0.034306568571279526,0.3142266196667358,0.49960025357289833,-0.02250041529948293,0.8273957805133453,-0.6405736947643325,-0.41795608681825813
TCGA-BP-4329-01,0.43692945853530674,1.4900377435586427,-1.836963456987905,1.3800867598321491,-0.6896034269133371,-0.29179502205592733,0.4897532091297508,-0.7486247428623368,0.01545283406518334,-0.13016939258887908,-0.9932496564661226,1.9828766482665117,-2.53684050594129,4.205753484826901,2.2208625585732156
TCGA-B8-5550-01,-0.6584577550531606,-0.8169181533015079,0.16330414703894233,2.3287567266153006,-0.24040450792750281,-0.5056668765063763,0.30873994112870234,-0.3682954682378322,0.14037204102419767,0.3104167710897706,0.21110429017223967,-0.09165617833879275,0.8946121367229927,0.48220000359841275,0.17863430922422854
TCGA-B0-4699-01,-5.476218643087998,-0.5032304736593882,8.296962141337135,-3.4762453912241855,-0.2172502619120528,0.705003681458265,-0.7982205989618405,0.9423520499981911,0.2506970670674209,-0.2747858989353104,0.13244134766351964,0.2233929101465713,-0.7733440068148499,0.023256581869606864,0.8781850138532872
TCGA-BP-4331-01,0.7105723742631803,-0.898576218357699,-1.1274260837951324,-0.6935378635748551,1.0770574694494373,-1.8167719089813446,0.15154106746976562,-0.22748105997870777,-0.1260567952042746,-0.6425701618942968,-0.32054643184848325,-0.29579511624066357,-2.1577107536695572,-2.566906082072073,-1.0694480427674797
TCGA-BP-5004-01,1.7372396031101736,1.570590033991138,-0.489322442814443,0.019947607659039683,-0.3100783627374521,-1.497675491261305,-0.05122896427236785,-1.1336962248774438,-0.215579014325344,0.5503055105033897,-0.5074535535469095,-2.4790761635336245,1.595168302273303,-3.6762484819048984,-1.1088354438907673
TCGA-B0-4696-01,-2.0096419142543236,1.4149362486149664,2.930803721576038,0.8630048338499107,0.6371725343255141,2.849552299239495,-16.310338512428665,1.4372844691043267,2.6500412752043085,-0.4515380019214933,-0.16149278202591388,-7.79348217621589,-1.60399706408038,0.4774580802783271,0.525688721695301
TCGA-DV-A4VX-01,0.9553424774360254,1.2185277260085432,-0.8162344875470928,-3.3804280862671288,-1.7216425989664157,1.829773107719978,1.2898055291186163,0.41720009552714066,0.18501608501970374,-0.006140941624480972,0.45224342441147164,-0.49261707438963753,-0.8226901907314268,1.6006526848942397,-0.35229174520264417
TCGA-A3-3373-01,1.157447789379541,2.1197331307395686,-0.5012994286570346,0.8301410727663828,-0.14885262228783402,-1.9073826542446546,-0.07040634776900899,0.03382929346026611,-0.1450077812280804,0.3546403264571911,-0.035756573746712865,0.10156962239608701,-0.30371390674103105,-0.9101899887575176,0.11286083153433037
TCGA-CJ-4891-01,-2.130000985535101,-3.7649383094715403,1.1113646782562252,-0.5795521715992121,-2.6695916506544766,2.0597559661751164,1.573402338620792,2.1089922661187535,0.2717833753556084,-1.261182189095794,0.5202256708857758,1.2724249351271355,2.0138441167649983,1.0739317203730734,-1.0136451498188046
TCGA-EU-5905-01,0.8752284045779251,0.4370136158214983,-0.7412926496581412,-0.22390565901436013,1.1681726413740694,1.3232793653523345,1.167963800484526,-0.6022872553089602,0.37944079909404693,0.4112533581071681,0.08105131299456156,-0.3566279120345336,1.9430334183854283,-0.5491762005762876,-0.0791617136695784
TCGA-AK-3426-01,-3.5278821357027392,-7.633885955585,2.6072009377239067,-0.5037218258861491,1.4114937432978327,1.8147799622881724,0.2097995536467049,4.963108393128954,0.3887933014742629,-2.1516848041194137,-0.42808238181166347,0.06628349651342984,-7.983881190902378,2.1752614433683615,0.9151772932493814
TCGA-BP-4761-01,-0.397133115345159,-1.2451542831309919,-0.1754634458827818,-3.5677194970751653,1.01391864596726,7.205076817686053,-1.228997419748476,-0.9741215324065378,0.29529992648750375,2.484763149107833,1.75488863595338,1.8465581251532293,6.181807146885004,1.079161883833724,-2.2472117865265324
TCGA-CZ-4856-01,-0.08164464528929893,-0.39576020840655096,0.08924536194255259,2.6237914241537967,0.2842994922218946,-1.664928021929504,0.43095158716533144,-0.339757624415383,0.06357959171178734,-0.3501475075439388,-0.20234558749449616,-0.05624410961260409,-0.9776710762751726,1.2250264730294447,0.4602855429394052
TCGA-A3-A8OX-01,-2.8528274623615846,-2.9040878998567976,1.8810057247370702,2.149171226248434,0.39566714082262916,-1.7971490135851744,0.1826682310495573,-0.0419333578086291,0.05264951240252766,-1.6944780164164768,0.24384399772233667,-0.06172861192779121,0.08892199929053843,0.35167193265294966,-0.3679773055406101
TCGA-B0-5116-01,1.4117305580028927,2.136577242496243,-1.467839231522947,0.8016592781931668,-0.9120136938613296,0.9324820628328665,0.6798848521738271,-0.18325975712516115,-0.018058510298140387,0.20880932862855575,-0.2837243372908971,-0.022554591726526668,-0.4302367833953313,-1.1292580518815476,-0.11509895132671918
TCGA-AK-3461-01,0.6698972426792151,1.8382324209590821,0.4187854160865869,0.7301235443068883,0.5025068811985947,-0.7163002675979807,-0.014868209355106953,2.7630071457007555,-0.11448392011291893,-0.4017653738230493,-0.47636436183880737,0.07372693924285044,-1.5210713156655942,0.0063696522655754765,0.41172884985389185
TCGA-BP-4345-01,-2.731901965272873,-3.2953777743667074,2.039811019545768,5.616764623192754,0.05047269485866764,-0.5122384156594398,-1.110553999560399,0.09095022292567198,0.42638852441405256,-0.5756561014785101,-0.45347235120669827,-1.1916901231568482,-0.49584770912912657,0.733281760388569,-0.06281426304896842
TCGA-B0-5399-01,0.8519579327713527,0.12843231172730443,-1.560607095820745,-0.5825093806986996,-0.2066954978448723,-1.430489586602193,0.9790078891315981,-0.6980552595257383,-0.03519411805581296,0.01806628158540098,-0.799041934904875,-0.09030355883517818,0.11416635741461253,1.118366298506119,0.2511989296750732
TCGA-B4-5835-01,-0.9337762343421727,-2.3986713178281946,0.9114020118062628,-4.1124516164519695,-1.5057028070347904,-2.592128209241588,1.2436556411041308,-0.2838349618838941,0.3758254041451939,0.4440241282081567,0.03015550069248106,-0.3244491887367759,2.5424407458464913,-0.6692872214184014,-0.8952475883106973
TCGA-B8-A54D-01,0.021791391232742256,-1.9549970428635224,-1.1471401652961046,-2.7924880799855796,0.3936554123679735,0.04379951040824742,0.2162808456536399,0.1045743434490665,-0.14380297464388547,0.17987633716140294,-0.008942336558099097,0.03590499691422219,0.341084573350821,0.2670767147171301,0.15091046327772012
TCGA-CZ-5468-01,-1.166645469762999,-2.531138469172804,0.28450771103932515,-0.7614815713662554,-1.4041835002981107,3.3444806545517016,-2.187899164841545,-0.9952542035540736,0.23455566377984857,0.2560367664398008,-0.3659570078903909,0.6611689783424629,-0.7063000668901676,-0.6762005929679158,-0.37588586366986504
TCGA-A3-3323-01,0.5744513412192807,-0.3479499104701297,0.3310284519544164,1.3128015186752282,1.4849676918425336,2.4305205303631747,1.1197497738584585,-0.6881227885600888,0.032804860382419684,0.9627004967812615,1.1476119610881925,1.2881449350321403,-7.157214275731321,-2.167910038350036,0.776062338583124
TCGA-CJ-4868-01,-1.9682958211267545,-3.8870093761165387,0.5489663034324013,2.3635472027448743,-0.04399579686415743,1.2321725929622034,-0.8101556166733868,-0.9072750088043993,0.4758039036224346,0.12134886708330181,0.22916833796034305,1.6435154905277174,0.155694786772197,1.0242995643286257,0.41569072505310145
TCGA-B0-5100-01,-2.4870988977027895,3.1878284351694726,1.6554570434211477,2.20093993741155,0.4236222918132625,4.160742848908524,1.1363035483962631,-0.1133925800669906,0.4534389320967017,-0.12719535176367666,-0.06314070820390882,-0.25189726171868043,-0.9596131842053676,-0.8019870802010285,-1.1812252683852973
TCGA-CJ-4897-01,1.670617484722351,2.110498296943597,-0.8251742668515151,0.971193424232876,0.7001901430495049,0.05739500672017231,0.3173627823014743,-0.27056045677767254,-0.08212623079038125,-1.1659703557380456,-0.16884607780713978,0.021195912343036923,-2.6191846135141503,0.1294056747869785,0.7146401111410496
TCGA-CJ-4871-01,0.35379865172504243,0.4684495498069121,-0.7583645811879978,0.9340438541758086,-0.5183939642795647,2.308098871381829,0.18803102185943724,-1.7781566074605155,-0.06697751177613123,0.3306132845170479,-0.11182131065816052,0.7583238642286451,3.269529503122613,2.5796232576790326,1.2254219801711996
TCGA-BP-4798-01,-2.743727728204919,-7.0020239965718725,0.7978090920149586,-0.41766543450186455,0.8151390545086863,1.0843627662927806,-1.0301156012820507,0.5970804962972702,-0.13645615738085434,-0.31802555522156606,1.0143767628113336,0.6345886744475273,-4.706966205950936,-1.2605337463105468,0.33303318094985157
TCGA-CJ-4644-01,0.992198307282498,-0.09840529848324368,-2.713960031876653,-0.5539383499526582,-0.5295497964506181,-1.7656959417876978,-1.201994674123773,-1.5749599570163917,-0.44893781677593275,0.23708338076401034,-0.046760369554691594,-0.03917823354605748,5.060816585311759,3.3494869634532125,0.860362757369386
TCGA-B8-A54K-01,-3.652848079652702,5.591281334534304,7.258480205160427,0.04819723586246096,2.0765338710376655,3.5479158563360227,0.8974486169432245,-0.8419663277879174,0.2713747208027357,0.3070129867640619,0.24959806804938797,-0.2747932036342536,-0.5029307647638948,-0.2873587757070474,0.4934122613590158
TCGA-B0-4700-01,-3.5272728731426386,-7.1498335618627245,2.119597770041094,-0.2116246323496724,-0.9255610957359729,0.2740033477518739,0.5448726340013264,0.3994702606957386,0.2819166865568954,-0.06809313763435562,1.433162598578044,-0.33604329003865324,1.2878290826605379,1.511234862543772,-0.274196618349786
TCGA-B0-5104-01,0.9839829580305639,1.0195683511722335,-1.0589925211370648,0.2163341167574577,-0.5612591462279257,-2.010480063441265,1.3781566082309364,0.07264636117487856,0.19343026710263383,0.30224060065232333,-0.21518237635751475,-0.30250546204818585,-0.2554041959036251,-1.22410316133061,-0.29556329638933376
TCGA-G6-A8L8-01,2.1044187548863817,4.02903291620414,-1.7370422149007603,-0.6137611301322383,-0.9474235438861832,-0.8683037695937293,-1.4865141262821304,0.35574915985328803,-0.5746676169263808,-2.129861711353496,0.33479716184718294,0.44144274812321566,-0.26823293772555895,0.9898554519704653,-1.4251197186506572
TCGA-BP-4995-01,-2.6117344120622894,1.6397992317166723,7.321491271756002,-0.6116987366452296,-0.2724988374094708,-0.4510719716742546,1.2061067000663608,-1.8288768268449553,-0.8056903732321261,0.6916757942626872,0.49893195505047266,0.8084713249685613,-1.239630874375827,-0.042786025259805446,0.9726027720740271
TCGA-BP-4970-01,-0.9703851794517339,-2.1162607068870805,-0.3017979919249569,1.6060201964987193,1.566518391389894,-1.6676382432993653,1.1426366127329344,-0.7632289501561487,0.2584449721340868,0.27524283269129596,0.2954296959805082,-0.13771743620285745,3.755355095294911,-1.9205925137332056,-0.6097540761357773
TCGA-DV-5574-01,-1.9484486699024284,-3.5409691335291633,0.9864608452649124,2.518134713071074,0.4086040922463488,-2.067515006889922,0.07897867721186973,-0.24055180442048701,0.15970313546538265,0.11131302280017093,0.13378175719757388,-0.06130180606133259,1.8265732866402542,1.1077204150514544,0.45520360113251435
TCGA-B0-4816-01,-0.26018281421681333,-1.4872210449512049,-1.219065287610109,0.6757894593163393,0.12324277722578084,-1.1207019732955543,1.2709792669544617,-0.3910805061993715,0.22464160387968413,-0.134447299219214,-0.7786214692345963,-0.24252904965228456,-0.006361968928183799,1.2952850413904413,0.41223607123073636
TCGA-A3-A8OW-01,1.0712329095552584,2.0870220876206313,0.01792268744827413,1.591341967938329,0.5678726628748547,-1.5042407724050655,0.4645924082563174,0.4023380020776646,0.02012029380386605,-1.9186049114194241,0.2759325452997149,-0.09892927979699953,-0.11868286002700655,0.7456439381041186,-0.06967146789445719
TCGA-A3-3324-01,0.9683481806577416,0.3895785216134846,-1.669936545469785,-0.8229444494567464,0.35837098367189985,-0.1350479012596566,0.1639893746638802,-0.14723299330135212,-0.28891118035791713,-0.508704862011096,-0.09808127297696026,-0.7400761736663269,-1.995102952488154,-2.352035334647694,-0.03812136866113578
TCGA-BP-5200-01,0.8089151613004626,0.1983052788934921,-0.6019005218739102,0.2391210655328495,0.4098741385657733,-1.371258438828637,-1.8782396554825476,-0.5803625046282843,-0.5493654541302715,-0.0024107241840105285,-0.3485231240283696,0.686530224333024,-0.40772833619312004,0.7905883520961168,0.9557730561971889
TCGA-CW-6093-01,0.9805343887852591,2.4291478517048297,-0.2821557566066142,2.0741656448922563,-0.03905296009918721,-2.4091311752996405,0.28546502958965914,0.321012782436287,0.13342030105894792,0.39248673697165665,0.9171491016744032,-0.2313278667071637,3.58694659923416,0.11373422165612208,0.007802311234758657
TCGA-AK-3433-01,-6.70242286722334,5.786017257440765,14.89487373922543,-5.388691901732213,0.6518342003584722,0.1351730369008678,0.16508460042213247,0.9857963305263764,-0.28929280855559997,0.024041144293902448,-0.34133892342073285,0.040369094482190754,-0.3455126309361206,-0.12071265831652057,1.1381598186936694
TCGA-B0-5699-01,1.985115420868721,2.1775972077021164,-2.313318426758186,-1.5301964360171583,-0.7703837182065563,0.03552717485211216,0.713566519228777,-0.29302179636086745,-0.13338040994146239,0.18145705295871511,0.2646241848151775,-0.10521009243069707,0.7966974850989247,-0.22047784579612928,0.1197320143435094
TCGA-B2-4099-01,1.0462913757214132,-0.27861314693439954,-3.022767975044973,-2.890068693966975,-0.6221172219202182,-2.035143633076539,1.5604048076560084,-0.4469210520083978,0.4435045896974221,-1.9982895188502412,-2.970879062938641,1.776114378513931,-11.207861990909462,6.497959820412543,4.330393605203876
TCGA-AK-3458-01,1.194159621903718,1.0082645942937971,-1.9189876222354108,-1.0444137492640175,-0.10094300982245775,-0.6751132262956558,1.27049026953057,-0.6294913048440577,0.10140682356951841,-0.0717710758985341,-0.5005489994834474,-0.19079680371663452,-1.7045306867191619,-0.24699315294170798,-0.516215178947219
TCGA-CJ-4920-01,0.8727910558981022,1.199550916378946,-1.1879626382375672,0.7635350192738195,-0.7842381042133076,0.11458938062792182,0.5561014595122301,-0.20537476408504393,-0.04317756829422687,-0.9595300831858681,-0.381283784800647,-0.011234168147284892,-1.5099744595020654,0.5811491978431887,0.46794937948295307
TCGA-BP-4960-01,0.05280612862553674,-1.5190987342448987,0.5348347057922104,1.5865893495361048,-0.1672787688519573,2.6702608858651677,-0.509950524747544,1.1364815583483054,-0.2512959645865323,-0.4687589703238718,-0.09133871799242321,-0.4113045155739633,-5.106788095753706,0.32442344418596303,-0.07224481457247059
TCGA-A3-3306-01,2.831443997492521,2.694077895659653,-3.6704473472391106,-5.232705790608398,-0.31909509656164714,2.0532825197456406,-0.12804430329340577,0.4678380908621088,0.2554745237853267,-1.071256955433583,-1.2494252224272235,3.1281752387273825,-4.800458623461905,2.116952402878976,2.6840857841902617
TCGA-A3-A6NI-01,1.6920256507301947,1.9088075314044384,-1.1241962940992207,-0.03467945977712908,1.0196882397571791,0.18399758146660813,0.406694464241222,-0.45837078736812625,0.12187910245055839,0.4132390125770639,0.36192454317020784,-0.1905044319752645,-0.5487094076441957,-0.4554481457011211,-0.8772293600672015
TCGA-B4-5844-01,1.2233414112286993,2.091334231091626,-1.5620471199691592,2.156557165852118,-0.005343150145701917,-1.0096368075637234,-2.822524648503613,-0.265617598592022,-0.7531618812364959,0.35378259753182917,-0.0891061534114101,0.8990694791486006,2.8033155508520124,-0.8643414373293536,-0.4353045267309986
TCGA-B0-5701-01,0.20133573721956263,-1.514254155795061,-0.7730013031185976,-1.4815646344597486,0.5022370272165544,2.291778590750999,0.3510054287701163,-0.031474836831395556,0.21024904542764192,-0.04208700786147502,0.6956409107923858,-0.16820521702166183,0.8111383288530785,0.9552445542695772,0.9155411118501899
TCGA-BP-4768-01,3.261610651927037,4.09969111340219,-2.937579021194969,-2.58644810994391,-0.26006059606179405,3.0126874673159203,0.9514792477034968,-1.9707661822051223,-0.11611093237188513,1.1155640646984686,0.21506704885013123,-0.22021414123938537,-1.5669542385828759,-4.33929005997138,-1.1243090446891928
TCGA-A3-A8CQ-01,1.2655229497480613,2.903436997583485,0.4046289932857144,1.2704089329516968,0.42688839532270645,-2.236523759590507,-1.4212950490922338,0.8401287955253774,-0.36884323149643433,-2.2809108991408062,0.467727122828295,0.36825344247009556,-1.0106634067127978,0.6419663756296319,-0.20415086533089075
TCGA-AS-3778-01,1.8218631221640147,2.000173522889088,-0.31489325759897735,0.7404023813104952,1.5599174828168973,0.05807477092293881,0.8208981414715507,-1.3735027246082725,0.19540562387168806,0.06803853442284924,0.10760950744023484,1.441035851667311,-3.3163218657172773,-1.752452122046765,-0.5459973065408318
TCGA-B0-5075-01,0.377894832827738,-2.593720556053985,-1.021137912418812,-4.221884626635935,-0.00850537375933015,-1.1126449380929928,1.7008451537000089,-0.5694122520387562,-0.20146539780822878,0.22450073189968991,-0.42901282199510016,-1.667574065342283,2.3508120598695945,-3.3717347903271118,-1.179564400423829
TCGA-B0-4817-01,-2.886701317150205,-6.5618431977997425,1.2388262791479765,-2.315200611597973,0.17613334710585205,-1.2502887926333193,1.8553939412563687,1.2041265341676546,0.5791413742660186,-0.15357406380490968,-0.11928841191481603,-0.5832009885697759,-1.5372566506183913,0.02449639184592421,-0.4754259142404065
TCGA-CJ-5672-01,0.2034441649507222,-2.1451599576638505,-0.8968253779417787,-1.5844377984821927,0.9691150317403292,0.6772353560156141,0.6625017751466535,-0.44976810611672313,0.08817474355082605,0.2836525951078453,0.18925643640420411,-0.14610680047789734,0.7854738593483117,-0.09030952512110127,-0.20758542595138188
TCGA-BP-4770-01,-2.4837374002389336,-1.3290435676535701,2.6101901942996646,4.412699634161598,0.9551178848152837,-0.13323451165639566,-9.13829599178517,-0.28364024589468795,1.593473420236937,0.208409971219146,-0.1259135476988929,-0.4131936144616368,-2.1876879641945326,0.5251179273675922,-0.2421353606833882
TCGA-CJ-5681-01,-0.6914274247142288,2.438819466076289,2.6584167291350043,-2.5212872718148116,-0.25650413722135257,-0.6613917656435006,-2.290056788554321,-0.20705388774548764,-0.1654943297759297,0.21300849256221152,0.555799279182329,0.527022124613543,0.5270735026679991,0.33048922769366257,0.3549309864221384
TCGA-BP-4337-01,-0.453823928439425,-0.3846204461920547,1.631182069106797,1.500915983875064,-0.8551167819512229,0.06966336286285844,1.8839662733263773,0.7563433611378044,0.22641447107170706,-0.42013193791234,0.5995647704566947,-2.4275947048717175,-1.57756545958058,-1.5154377087522704,-1.7687300096805203
TCGA-B0-4844-01,1.207236840357004,0.8025682354222962,-1.5396389816934628,-2.1888072806664196,-0.7412033953137535,2.8275278271692845,0.6182912428845988,1.2010774250593614,0.015523492198862501,-1.0248084831969135,-0.464199856297206,-0.024107549753763405,-1.2417035449187988,-0.026680415020682784,-0.5069264894912722
TCGA-BP-4326-01,-0.6796988784244975,1.8878526477540043,0.2814565105724879,2.250922752833263,-0.6884383025410825,2.9269402257634396,-2.146041784262431,-0.40983900530976336,-0.3197790833589307,0.760901710454253,0.3393720432099941,3.2036685576683013,2.4545878456469747,-3.4001201566610715,-1.6968127190572766
TCGA-BP-4765-01,1.4285783552600289,3.0285935430222293,-0.5957608068395234,1.6913264834570296,-0.4404080699762653,-2.4256704479212843,0.34924684431249137,0.7441482211432016,0.1347267717186237,-1.1107784040056898,-0.5266002456678599,0.7519143138067687,-0.3099539449095166,-1.5093147065962182,-0.6368183352374841
TCGA-B0-5113-01,1.110199673385219,1.2686210857459397,-1.5376010240939386,-0.8657679332822925,-0.16818691104395803,-1.0272999031721075,-0.8747787220260302,0.3519257548578181,-0.48150852280728873,0.3274540243761785,-0.32367868303805725,0.4557781155276359,-0.12818704646063864,-1.639026964276979,0.06918832323299788
TCGA-BP-4975-01,2.189893362110447,2.79044397091961,-1.7335426846556377,0.7026807251809557,-0.022016555091054702,-0.8277813443099129,0.5175014831293053,-3.0320995167569036,0.15225122515816975,1.38423237355,-0.24547882239293117,1.4572426002644392,-1.9859013272443637,0.11108882012779153,0.8015012084614939
TCGA-B0-5109-01,-3.7091374218255933,-5.831837902039456,1.627174020314744,-2.4325877312777124,-0.842587586885686,-0.28893584177235004,-0.06355397728408832,0.09328863720183943,0.4657077464891349,0.26832102972696964,-0.01705137238961501,-0.026028173924645043,-0.7549469878778317,-1.0799641118674657,-0.6705960846031087
TCGA-B0-5712-01,1.3332827032295473,0.7758936486300377,-1.6022448401295204,-0.7569000593011264,0.6060098225438431,3.2902056817161776,0.38014626412377556,-0.1354950971350727,-0.0677482445957903,0.4373392339619492,0.18817405165099482,-0.07723323912538124,2.707277758408089,-0.6983637694057558,-0.58538934538256
TCGA-BP-4352-01,-1.2805405507404442,2.037407988380585,1.4260274084627265,-3.3575151520008406,-1.7459464781261045,5.587468391732099,-0.6189793161003778,3.1921017994991017,1.137946314143696,1.6051100465896544,-1.3256117910400314,-0.7497954714075272,-0.31366562123466224,-8.143364243786245,-3.928077696170734
TCGA-B0-4834-01,-4.804182806585695,6.615949499388886,11.81795775447986,-1.3840794054469658,-1.1770731802734333,-2.645897056214683,0.49074166598602526,-1.2532462742237247,-0.6478449359879314,0.08121974369356531,-1.3489590197774362,-6.587954511606767,1.9756619422102257,-1.6419438760313894,0.08504693310757178
TCGA-AK-3427-01,-5.397074757994253,5.690190496849875,8.883971810059988,-7.346519310377015,-1.6194490456581419,-3.454091535740121,5.102286683770677,-3.4567394236252325,1.3337793979979384,-0.29789035577871326,-7.397128419170699,-6.942961311171872,-16.055758442163945,11.214395592434826,7.676921538609957
TCGA-AK-3453-01,-4.194002152005965,5.141036000107559,9.666130176023989,-4.737294891630951,0.9660288751680846,-0.2339735485561347,0.8522772802243221,1.728097150896266,0.1958238485763002,-0.27669438718693146,-0.5730322040530514,-0.17042639859647293,-0.04847474431493638,-0.915035707773359,-0.07911698579656136
TCGA-A3-3380-01,1.0989137600103438,2.0798595124782566,0.32566059242876516,1.3374837151350984,0.7637205635753315,-0.4827595757123763,0.7262966667067904,-0.07965376975315054,0.10156674728077689,-0.5300968116986801,-1.3659790299868366,-0.3515663574334103,-7.602759227774568,0.4865893305577789,1.2471214602732132
TCGA-CW-5585-01,2.7653836865422887,3.9381639494630223,-1.3383195008503868,-0.6587995986993882,0.5534881996031422,-0.23477606195621176,-1.1457642356135693,-0.4529640865072538,-0.5016500868102284,0.0786071999105293,0.0971020102265299,0.4645000559824018,1.3723781055945028,0.14543668407303625,-0.1466231600669503
TCGA-BP-4964-01,1.2685973916249929,1.4348374275851044,-1.5253055645709157,0.456215089306074,-0.24405241300100347,0.7124782002889988,1.0864485045779966,-0.7929606980129776,0.0017595226056594145,-0.31894218635285077,-0.30898404392837553,1.3485264648469089,-4.293771940696446,0.39752238722993294,1.2360355010396156
TCGA-B0-5690-01,0.5559330818961348,1.303490678571858,-0.2136100315750479,3.243094526181087,0.2676207523567073,-1.4256664873971956,0.5595156144747276,0.04495430526623837,0.09617654708173559,0.16845749027739632,0.4869602964974842,-0.20593801509910734,1.377786528909231,1.0740584071879609,-0.18551584254242778
TCGA-B0-5095-01,-0.9924948175503837,-0.11387228835541437,0.41229667352844185,3.1172981967023206,-0.5308997667908317,-0.598348665284867,1.0143940810849932,1.2023777077516287,0.3606734739971052,-0.7534606431531721,0.0529521577326806,-0.26846243855906265,-1.2013852427425176,-0.3193779047662269,-0.1562254798823867
TCGA-BP-4969-01,3.3018649328274234,4.031394468660533,0.22721926993167954,-0.31080175694619566,-0.6012461696839783,-1.6170969011799425,-0.4551610394220946,1.7452365756682466,-0.6262251221175655,-0.44405889344837624,-0.7607072745914345,-4.364115081872838,-3.426435278678551,-1.4712978579873304,-1.1426325094127852
TCGA-CW-6096-01,-0.9697937956944441,0.05130037508817121,-2.0933556400145275,-0.8806149485932917,-0.6167855532822639,-0.1752830797405076,0.488833812537248,-0.199394754500876,-2.483165056049751,0.00034722694554734475,1.0461032143047586,-2.016032157065349,1.0277827709215561,-0.23357253728109756,0.006841680076509686
TCGA-BP-5009-01,-0.756874064875894,-1.8708928538997838,-0.6199855603482076,0.273599126457352,0.02279293643214053,2.3724133742520404,1.5065899528964615,-0.21472763646282547,0.02690419898542794,-0.9207290222240939,-0.2029158312002668,-0.9713859608220164,-3.548947848106826,-0.07298742795792212,0.5795747758760617
TCGA-B8-A54E-01,-2.1579167056921023,-3.1071543895684903,2.1343136455037612,-2.320204493678477,-0.5290249685201284,-4.1305570169952555,0.7454795099768279,0.691892666706523,0.31938976525342905,-0.11577725055345799,0.31771187881503926,-0.22855230445306723,1.0692239974959892,1.4507164877877743,0.3019982625781564
TCGA-AK-3444-01,2.1531413481875634,2.6108599403111876,-1.8498597959876382,-0.6175540776061089,-0.172647489992749,-2.4856654474874147,-0.6163020084475216,-0.32195621831275123,-0.2969681211873736,-0.6950097042852695,-0.52305677490543,-1.5823583265110057,3.7889555791214975,1.0121439453675931,0.009993854899395648
TCGA-B0-5097-01,-0.983183374351579,-2.0682293903019224,0.05948674147190375,1.328145218876757,-1.1042230156187658,0.3260669763203892,0.43776884210122907,-0.0856872802837935,-0.0057354956752529405,0.09389270459979038,-0.31722690523694536,0.04532145543036511,-0.16439289907758692,-1.2867630886480939,0.10107258784473645
TCGA-CW-5589-01,1.1554841802163083,1.594623363642402,-0.3923162858904813,1.02160399845462,0.15578749801000175,-2.236709391741234,0.9247480511681174,-0.4428268673957947,0.2422557151191782,0.19330601887048607,0.17926469515953702,-0.22566604479820448,1.484734868695578,0.43502768567522765,-0.09399931222618116
TCGA-B0-4833-01,1.4647864625580818,0.20638213365906755,-0.35182142721749454,-0.09671979973347937,0.520081452081385,-0.6571642473606116,-0.6207889201114039,4.128867534055405,-0.5802048867589641,-0.21394900729810198,-0.1763303321872228,-0.6005626464739492,-4.422106516646802,0.6447050726177922,-0.31904641173682724
TCGA-B0-5088-01,0.37509829668116557,-1.4805860945706635,0.7897147228209718,1.3398464167950972,0.7355050838292414,-1.1427802177230764,0.5595724948548824,1.3503637004575049,-0.24331809560412496,-0.9022215969109463,-0.1819795728865045,-1.1159253615385079,-3.6228426852038345,-0.08973522177105195,-0.6559659938415966
TCGA-BP-4972-01,0.08550761221441172,-0.9012597263850365,0.2421421361251204,1.5450039570670544,0.8153364914702292,-1.4397596534541863,0.7727939857060951,-1.925056942215176,0.03505084987504716,0.7300388557366085,-0.2972984894606395,0.28241681852174033,0.3935972324167682,-1.6769518759130955,-0.04810684681425283
TCGA-B0-4698-01,-3.9014962616541666,-6.7303116580994,1.359541039887123,-1.9656942958844155,-0.8988257926091868,0.5881765500813956,-4.0090342057946495,-0.5446441847524642,0.8628588930412548,0.044028310729354196,-0.37610375668796997,0.8560845005355734,-1.5342820396672208,-0.5153403492077164,-0.04354115587398892
TCGA-BP-4807-01,1.0569300795952077,0.7801925933002979,-0.8024244908957399,-0.14528380540328578,1.105806004111778,-0.8808893489548826,1.2525822211737028,-2.1486750806273385,0.5759808550597836,1.1202500282454997,-0.26447876303669016,1.2208846019465134,3.468249033452602,0.2987342124359732,0.529357073205684
TCGA-AK-3429-01,0.7398671366068351,-1.2929880606005009,-3.6618971125896125,-1.986267532135593,0.4688899022525609,-1.5992288862588302,-1.1265311646579181,-0.37487285809244786,-0.248805642730752,-0.9186965350738059,-1.711170738910881,-1.3897055263769806,1.7856885013519257,4.973735884029483,1.89773824462803
TCGA-B0-5080-01,-1.7081994863644245,-3.198854727988296,0.6004775176939804,2.825821889788384,0.2106606984463409,-0.7136418957766145,0.004998380111063712,-0.40867983524048224,0.11261002186694706,-0.1159222851946342,-0.13592734796060738,0.03125729672176934,-2.5646510840045167,0.12289317628657156,0.06568336077039426
TCGA-B0-4688-01,-2.777542279741457,-0.7219162766066847,1.3403196039363339,-0.975646217261505,-1.216824380752261,1.775612516367047,-9.814824144374732,0.6848053395009521,4.176469669316754,-0.39919686339620225,-0.07365252818696919,4.193015286551029,-0.6783081168286477,-0.08240089845769391,0.7477235235951688
TCGA-CZ-4854-01,0.08336271580972393,-0.690551972182159,0.06525153362822202,-0.6468156409683639,-1.5768790329085873,3.746136871575232,1.2138053157788191,-1.2577323474610722,-0.06865160804093119,0.12241783589799424,0.3036636610665121,-1.517312075480076,-2.212435856601529,-2.9270230273519227,-0.40086276066588206
TCGA-BP-4756-01,0.1574936505338366,0.7556722286635706,0.8195308598238847,-4.271722467691106,-1.687014400553275,-6.574867984183353,3.0832720309950448,0.6329914172424318,1.1406616053843999,0.16844180936337866,2.4355012756367245,-1.4260845488514797,1.5850589670773503,-3.525110574407641,-2.5560220629549466
TCGA-CJ-4888-01,-3.0310762862465337,-6.621263010169416,0.6862031298494748,0.04399101822414686,-1.3049175159348863,-0.9869231871676815,0.17690661225500356,0.4319551026964219,-0.0071067179898502125,-1.2432659405241029,0.45326078143686044,0.3360241865508367,-1.12742635697732,0.6020297883321327,0.2443794217260311
TCGA-BP-4325-01,2.43360171737019,0.8180718287175958,-2.1500973031761523,-2.9759008740066606,-0.3465952392541538,-2.0491088721195103,-1.5240092464905501,0.9899053975408744,-0.5679284884835512,0.6840256650624061,-0.16926701834524124,1.611103035540919,-5.402583192788418,-1.4898339881517613,0.44477669570884076
TCGA-CJ-5686-01,-0.8042702768751909,-2.843861704776402,-0.31396491725170317,-0.527553794399846,0.054899815084130874,-1.8854500073087521,0.576168366559193,-0.1265192695309574,0.12451938670289953,0.29583607973903425,-0.02388767202022439,-0.10182890253798381,1.9285616578090654,-0.37934974128799487,-0.0009428622126465153
TCGA-CJ-4900-01,-1.2424290081905491,-4.256627414707501,-0.08798560953956933,-0.8523020400357827,-1.0493263377893973,-0.5709015981141327,-0.42154232846165385,1.7230487123829512,-0.05187971339663046,-1.0073086948260848,-0.2057407891694511,1.176844782262374,-3.3058631864219947,0.03463240087180901,-0.35850237465551665
TCGA-B8-5545-01,0.08465794009297616,0.17350049025514208,0.8592967700052391,1.8788627201406427,0.8170251326728265,-1.3867753055468846,0.2727902381163221,-0.2831343166994953,0.19978085882847357,0.409479571784073,0.24474439035308138,-0.13804412733430407,2.5036808016361944,-0.5140061834298718,-0.037774125260995585
TCGA-B0-4819-01,-2.7727467044383456,-6.046656553559033,1.413323756805545,-0.473600916188154,-0.1640503336039336,-0.1632552307640027,0.43301156648189243,0.3943306228483823,0.08916737525403079,-0.16856545305700762,-0.014203994981323706,-0.07554032811606039,-0.5414178494580296,-0.33245822376563805,-0.6352280368857568
TCGA-CZ-5989-01,-0.3422378458123043,-1.2874856328612294,0.04582396668296796,0.8463007350868376,0.7621893920392767,-0.8073259863163151,0.4154703799289446,-0.32521251911951143,0.048055658764235,0.4742539767860133,0.056086207272147096,-0.12003185723473912,1.5037709300608375,-0.39130171181935414,5.104099690908949
TCGA-A3-3385-01,2.9203721729270526,4.816585603292115,-1.7954570991283856,-3.7945655607620856,-1.784475492835215,-3.395782670902046,-2.9655144725110345,0.25026351071558506,-1.0426782394633969,-0.027187844275703452,-0.5114643264969709,1.0895451799970766,-0.03581878774679811,-1.584593091221287,-0.44189043586278504
TCGA-DV-5568-01,0.3080871847545335,-0.42328744519082934,-0.7522270159022767,-0.3899889062447115,0.4311448716706542,-0.25362898514029103,-0.2812623846652997,-0.014404187945469066,-0.07419460500079123,-0.08806965403674204,0.3276441347223378,0.16921234068038377,-0.3424569530638313,-0.1324828203283385,-0.7897529662708704
TCGA-BP-4795-01,-3.528216154351218,1.0412712540831401,4.340597443036804,3.9110222558411545,0.9632225551354269,0.0019963676070772762,1.0118206351114922,-0.2816397681818559,0.2826727486165868,0.3191230069864782,-0.07677278510590947,-0.21171483326132468,0.1758054754483981,-1.2157622878409557,-0.5156461898913774
TCGA-BP-5001-01,2.386516624042803,1.7611489022700455,0.32067079329387677,-0.28681266350872026,0.09655652330645163,-2.043975503107166,0.09168241925896371,5.28868855699725,-0.42755306452535913,-0.31849144774589344,-0.11483873298272651,-2.1911089567902944,-6.096973763582319,-0.16752285882889842,-1.1105191793203042
TCGA-BP-4781-01,0.12367184197622791,0.5980648385073886,-1.4837510085247156,-0.24088651236798875,-0.8340250218968834,1.4320624721539958,1.6175030482960708,-2.9150831376746793,0.5280051829485259,1.3904394642766151,-0.2699984225632053,0.8271288996298553,2.5319585155855577,-0.8931031128193522,0.28937272992845287
TCGA-3Z-A93Z-01,0.8209370369618378,1.9304118660295013,0.7285914121331678,3.03958371301817,1.0767031357027101,-0.9609579380201547,-0.16981622975229305,0.1577578313983868,-0.07251941807902514,-1.9469894233340939,0.3637385523898522,0.04211191983387964,-3.6503914685020318,0.32450732141917876,-0.7986762458282726
TCGA-BP-5187-01,-0.2988763688310585,-0.6265415050695368,-0.012215892318832479,2.268821453948984,0.22035663554206153,-1.517348819355629,1.0338722090018502,-0.5618217255506132,0.23701760551068715,-0.627940362411642,-0.4375747593551713,-0.1993131034413802,-1.214102150678209,0.7191653088983185,1.1910867540931958
TCGA-A3-3357-01,0.6473324120260764,-0.6189127163369927,-1.618382234390227,-3.614241545786457,-0.541423251630365,0.15148674860747022,-0.3838402303219645,1.4393303546644391,-0.2931895494390621,0.21606924896210333,-0.3234618875302717,0.2649339731652961,-0.016724151358669365,-1.1131709966489072,0.5965394867799934
TCGA-CJ-4912-01,0.6719355499793848,-0.18557435564296312,-0.2956418982302346,0.9483610014440838,1.4443769346789772,5.898607943530545,-0.15699265352936065,-0.317324936332518,-0.002433601045094274,0.045833886009679095,0.10762028798420009,0.022894460301914332,-2.346711088944723,0.026525214040319902,-0.0681312781191037
TCGA-B8-5549-01,1.3777482838399626,0.8259537210368133,-1.104655435763819,-1.0347654048383428,1.0324331957896147,1.4529821833030907,0.5874300421159782,0.23793363496447595,0.10591414195423798,-0.1827254192047861,0.1491280792905846,-0.0814495452568776,0.15402064333039606,0.19060113077313556,1.1624897082352843
TCGA-CZ-5458-01,-0.05649460045651769,-1.1200510314229921,0.24504151161141147,1.6112581933390129,1.733459743303677,1.648487625898258,0.684539164447506,-0.4144807198434025,0.11604239811565452,0.24207813930898092,-0.5170185554227822,-0.1473691893875934,0.06861232727694948,1.8055934452336064,1.2293747508731048
TCGA-B0-5077-01,1.0966286132161744,0.9938359001327259,-0.6164884665882462,0.1325281950994046,0.30136509664746497,0.16396815253548058,0.684554410118583,-0.8365730754603337,-0.04221080051302056,0.029204253307405486,0.18786851561720486,-1.4895490450673277,-2.6885187372617794,-1.8322961051600577,-0.4594142417587227
TCGA-DV-5566-01,1.110527743667762,1.4602811692884827,-0.7236860800945301,0.8325678605213199,0.08806448066561677,-1.1442323649418376,0.39774450021525076,-0.013012298971053835,0.05248301302003948,0.025202247730572287,0.5946402277752753,-0.15184140546056757,1.4735062082049808,1.0880606761229337,-0.5897378622265267
TCGA-B0-5699-11,2.506543208687156,0.9209838097393227,2.799154186097557,0.9996799496769215,0.2540387996452517,0.40810412414095804,-0.23193200192860733,0.1266135593975832,-0.03836650423758772,0.4939340482180446,1.4855474875283692,-0.9223011645214211,0.931296021836355,0.4640546361338393,-0.13006235888786807
TCGA-CJ-4905-11,0.18499315752809506,1.2581515017552607,0.6750841860534417,-0.670868613108585,0.16068974194232297,0.16069990568572207,-0.09700342217135227,0.08188640226088484,-0.015583871302825989,-0.2686564602377832,0.2070490136601462,-0.0037547415796608855,-1.335884055805666,0.5710751234106032,-3.0390367237355593
TCGA-B0-4697-11,-3.2239162701338575,-1.9172901685960293,-1.1550615326062739,1.1036605889159867,-0.08274922920279491,-0.23651717200836408,0.06530249047019286,1.3714148013302843,0.02576831005279024,-0.12602287662544975,-0.1963322615028519,-0.013010387416784947,-0.09372768681329968,-0.12698035209379838,-2.655020059323556
TCGA-B0-5711-11,-0.5476300357064965,1.279396366001844,-0.8938554231582979,-1.5135246654725636,-0.18013754144209423,0.005949687473538105,-0.008066334556794803,-0.3562078926586285,0.013465860591689085,0.6312026162365956,0.5073226697747065,-0.044671933319485366,2.8714419276516634,-0.8336990782216047,-0.40492265989048554
TCGA-CJ-4901-11,1.421164933118785,1.072144690476518,1.327765707576074,-0.9653241376164541,0.1546878965517784,0.07570788180629158,0.1141681486998826,-0.46143444098454206,0.020816762964961367,-0.5303852615398764,-0.13886267589134016,-0.02169689132886925,-0.39424666010940385,0.8649535979813474,1.5117790446175365
TCGA-CJ-4913-11,0.872390183854487,0.3329628175995384,1.696235811009877,-0.1255184233588512,0.21108130374253817,0.06678904254976244,0.05489823950588391,-0.514631895973756,0.00027150316710081743,-0.8151745399463218,-0.009746976685649089,-0.005062151479753831,-1.4946195031518301,-0.0734017338999147,-3.084125405218333
TCGA-B0-4817-11,0.443232111641621,-0.6614298067374133,0.4123882712218283,0.39507403084484055,-0.009352697903651001,0.06394919288160525,-0.15118703614184956,1.4752441877415918,-0.027055788702356094,-0.43863310607363903,0.16883397849840948,0.017126447720723137,-0.4714905546962274,0.8802338292961934,1.7174729424077115
TCGA-B0-4691-11,0.949674087126736,0.241040347167064,2.530699230653514,0.3184370874373285,0.046280550434862615,0.03606851399718131,-0.10561165801489941,1.8553325324636485,0.002294169017757962,-0.37989345210104475,0.005618799458217531,-0.0058478951809493255,-0.36950352149754834,0.6790930529090754,1.7918120677697806
TCGA-CZ-5458-11,-3.1776243222244585,1.9862088922046552,-1.7309662211118855,-1.3505567427619585,0.10990432576953879,-0.08162637108913015,0.23720024909372087,-0.5435569409186586,0.03646390605833704,0.3092721841684065,-0.379354439618406,-0.03347601104148593,0.7414687480691016,1.4436494038248526,0.5122831001411564
TCGA-CZ-4863-11,-3.4436051561410936,0.8959491904555164,-2.230401230632245,1.103948075686967,-0.055486988417144285,-0.1673050481683468,0.2825746358432462,-0.3500794133460475,0.07051094903588834,0.11872054430609542,-0.6483517460317978,-0.020653526974404382,2.6556917103027367,1.7824138217702736,0.4259393773236482
TCGA-B0-5710-11,2.675598189579786,0.8074178455225707,0.8904593823156405,-1.4681715760622682,-0.15706404405235674,0.06192556805497378,-0.1739194346606596,-0.1969093851345834,0.021886328496491147,0.533191163178433,0.5639677169011155,-0.03753544611613603,2.331997369350648,-0.10495024510385577,1.5178886270942982
TCGA-BP-5194-11,0.8880520089341257,0.698670281663506,2.0791483361382963,0.2646985032757162,0.21571745929973382,0.18510112902700884,-0.08066150551277676,-0.4715603451606745,-0.01678801750753313,-0.2722870060416863,0.04082534789067127,0.0060825932530495334,-0.4557925257902676,0.979869135587779,1.490893787739057
TCGA-CJ-5679-11,0.6104597332241094,-1.7564647316927378,1.7376017058030357,1.037002956055103,0.10662854343064357,-0.08050580077670633,0.6061564264856311,0.6599132756685928,0.044052901564057646,-0.6202604189777796,-1.102368600695345,1.1581931149734812,1.3970827613515164,-2.0514025104488662,-0.7660629670131275
TCGA-B0-5097-11,1.5198773479759045,-0.11671962917513687,0.6931077338647602,-0.3750110453464324,0.009302340273768693,-0.04122525742997436,0.10806137001047493,0.4066690942629523,0.019190444283504478,0.11628558464612015,-0.11929879782175902,0.0055564594307143216,-0.01588847021677188,-1.0995170831117642,-3.1234704173174466
TCGA-B0-5690-11,1.3358022426575573,1.8685170756413627,1.2517338328323644,0.2735323015038009,0.2205550281655604,0.31383715106506366,-0.11997825072508045,-0.42307546185592637,0.001605218083468715,0.9092351439072286,2.000109620504423,-1.1322956540466158,0.7566936251273549,-0.0728229849620156,-0.3896660459597794
TCGA-CJ-4882-11,1.3447511900232867,0.5719025383768889,1.5346477731712516,-0.5013444267623383,0.14570551160911419,-0.005038011586334135,0.03897447897619811,-0.36390686409307915,0.0071541928221471604,-0.558121636131422,-0.13261575537621378,-0.0014697026110818002,-0.4253282837954305,0.8337880931665824,1.5326115979588164
TCGA-CW-5581-11,2.930211616202073,1.1426330841967334,2.6257889941281105,-0.020550349895886964,0.22021433021807824,0.28467177010808903,-0.3854895606228318,-0.23235427328130587,-0.04628535663965504,0.7711035262541059,1.719278869493295,-0.3529998545413897,1.6512011821652197,-0.4010505478595518,-0.7170601973004247
TCGA-B0-4816-11,-1.934119871573838,1.342060520580951,-1.6354130342814133,-1.2736644836304398,0.001872732680613426,-0.09393241678256949,-0.07349236294690568,-0.28376388322616314,-0.016308014812473823,0.32369921033388543,0.2928729926277371,-0.03476996612784554,-1.109085225633036,0.5441874362108984,1.3997098552651908
TCGA-CJ-4916-11,1.030174017768232,-1.8056643489482163,-0.20524709793994156,1.4196463464803097,0.045864353717695504,0.050338413306661604,-0.03876542957383096,-0.33956958523110625,-0.006659643520921324,-0.38378128383597426,-0.14927195971018095,0.02042827090509906,-0.09801000127972107,1.0208562238776238,-2.9324169684287615
TCGA-BP-5184-11,1.1135036608012296,-0.028531579066022442,1.1299617014816867,-0.395380996950053,0.03385880111996176,-0.11277263564382897,0.13280215750529362,-0.8880059254760558,0.04436328910850226,-0.3588730806740458,-0.3156963858965271,0.003378733102762822,0.2521001440146865,0.36589025547157494,1.456729213834665
TCGA-CJ-5677-11,2.364209563590024,-0.18942911369074533,2.632650992355407,0.72555505316202,-0.1150571782669252,-0.19591681664436683,-0.16500958446849753,0.7244008783009643,-0.10867348553187095,-0.051306562701347515,0.6103310275247084,-0.04444676589068625,2.2002124676716597,-1.795413210458605,-1.1511646757257992
TCGA-CZ-4865-11,-2.9417379853217738,0.8918602996514252,-1.5188294920015761,2.3616036694940106,0.09834807318220817,0.06732759138574647,0.016819248945343843,-0.387629436499555,0.024145784053431867,0.25160968410081724,-0.012808182489313348,-0.033652756789753165,-0.4061712283905878,0.1060719988691639,-0.1846076129409829
TCGA-CJ-4902-11,-2.348037294363562,1.7005934562852818,-2.2326785371645577,-0.8071061011109015,-0.1256152326772049,-0.26616083580632355,0.12080911521359489,-0.5592136983833328,0.016260500713296884,0.12811253724142285,0.0684853244220811,-0.027076080197649403,-0.3820373613892314,-0.27832868068081257,1.503832778378725
TCGA-BP-5174-11,1.5714053888566029,0.762460969686869,2.5817243824755023,0.1746102348918105,0.48512388907220017,0.565309936335845,-0.12790917519336809,-0.6063847631058289,-0.025312800425258023,-1.3624554725627491,0.11461083595964955,0.015485292487704036,-2.0629735738080086,-0.2176447856477393,-3.1231977779992106
TCGA-B0-5100-11,0.2646140466404093,-2.8308918635059244,0.12095532867497673,0.8783743324635059,-0.1984129881202405,-0.025030232490349504,0.10076775206133261,0.2725955691531706,-0.008533565276216477,0.42768248190170094,-0.13751848633241967,0.027882099248539384,1.3905797345360835,-2.1323756145097352,1.6422119811294806
TCGA-B0-4819-11,1.0836242590273757,-0.19352534204116217,1.6936041609009123,-1.171483614750474,0.0032313174329027276,-0.034525319272044074,-0.09059322646926808,0.9806894262303162,-0.01641702996083369,-0.1764072355877195,0.14540412928665145,-0.0026236556391093816,-0.21815612192424766,0.18273833667839648,-2.6478488197247296
TCGA-A3-3387-11,4.333192450954245,-0.3243449330667881,2.804340122908522,-1.4139513643109702,-0.34376795530455445,-0.6375013647350948,0.4243160131967257,-0.4253562230129807,0.2654706521665075,-0.1110403515475774,-0.5013108571248648,0.237904843782876,-2.962055642467017,2.3685627797891784,1.15264977316731
TCGA-B0-4699-11,0.3012274483704857,-0.06176415827417109,1.2414155511267932,-0.1334725116632486,0.10773344909678916,0.06936823484006378,-0.023723549307892573,1.4414185949723808,-0.006079854662948568,-1.1827458396556119,-0.13384361891911614,0.01724875231398789,-0.4768671603441297,-0.032016578840129296,1.656322736893902
TCGA-CZ-4864-11,0.832791561118125,-0.5181015323774647,-0.6626977910944929,1.0732366489042753,-0.09231694548914626,0.08517332632658672,0.013718203875012387,-0.626256085365794,0.007019329132403355,0.39022109817217826,-0.33331169662175275,0.00970742333403316,1.4714610960941865,1.4788291273032135,0.3358398465623739
TCGA-B0-5712-11,0.08987856485065289,-3.259010835069325,-0.12934865467211853,4.203968227819327,-0.23889458708011657,-0.02424854465366614,-0.1761288350499892,-0.23183187448287837,-0.011574844730508694,0.38705355097517546,0.2703969999203786,-0.0018264393437814747,2.8463513231101625,-0.02186051575694306,-0.9496534012927174
TCGA-BP-5196-11,1.5473301640081654,0.7436440132831947,1.9442985346534891,-0.5433760613266562,0.21416259440114874,0.28896515292775493,-0.009403695505346518,-0.44799180132045585,-0.0055001197755081815,0.3105578244114307,-0.07943808119803904,0.001526007698068737,0.32141820200973575,0.8487183990252971,1.3981976490568333
TCGA-BP-5189-11,1.191650780787389,-0.02943075132485981,1.0578467092212656,0.1961849203905205,0.1807304696895373,0.3492809038235537,-0.23171331545945767,-0.6817443946118783,-0.04519266883408223,-0.06268118571795683,0.20366082682196232,0.03169576720740342,-0.5496472446911786,0.9860250132214563,1.3282100296349937
TCGA-CJ-5672-11,-1.4047671984908447,2.1539672302144073,-0.4874196452052129,-0.1447606243887911,0.0037686241880520934,0.22682789394914524,0.08639429796155237,-0.27442926006892604,-0.09806638419118503,0.5372636036291328,1.2175044561077926,-0.8916026416734815,0.2848120940036857,-0.6777125890030655,-0.4117665106907403
TCGA-BP-5183-11,1.5565555212135143,0.8643013740902021,0.978593592365572,0.06651727628647046,0.06770920257036991,-0.029598486145419985,-0.05200617238171263,-0.44116743312249024,-0.010033178466800326,-0.15197380988199266,0.24896995829502083,-0.025710481070287165,-1.6319757759178575,0.27072102597498304,1.5992923699985233
TCGA-BP-5190-11,1.4101945488650531,-0.27241452350388523,1.1194898825654507,0.41459474973463945,0.01654834109271148,-0.08814883907680245,0.03072477170942857,-0.45075903600947614,-0.0026243195159083065,-0.42967905311482985,-0.14545108402687923,0.006151147974168438,-0.27811231554965554,1.1099687119255073,1.6303942688666935
TCGA-B0-4710-11,-4.115086801091561,2.1287972397832906,-3.5796125758202915,-3.682712683165766,0.03176789700161355,0.28679483234637654,0.012002795047260574,-0.627598362765586,0.006834092547726301,0.33469289351690873,-0.1349793252514379,-0.014460631895361311,0.8879294648377836,1.8001493516052747,-3.3209366869264016
TCGA-B0-4707-11,0.5660518844633563,-0.5055654601514469,0.9635513189197096,0.6164703969612384,-0.050522709764237526,-0.03248367423560736,-0.10465076045882107,1.307021867001563,-0.021965876920275535,0.022516741589763297,0.026479573671140982,0.006922229539303767,-0.016501312012930248,0.26536676527592806,1.7575180669227273
TCGA-B0-5709-11,2.6784155165396384,-0.7911136575873247,2.011722577142626,-0.17039519176948945,-0.21401144723617138,-0.7894305643041337,0.9125942787641753,0.5567893690677073,0.2763817713345575,-0.6041884846765935,-0.42951629187377005,0.013807939396127249,-2.7662501605052654,0.20266098926683504,0.36247667489903046
TCGA-B0-4945-11,2.1333589596709115,0.5615462678643588,0.5366236620290643,-0.7707972372425308,-0.10907690655886776,-0.09275571331539703,0.16196878879924734,-0.34855964439297893,0.024200169163395003,0.06631376111704361,-0.0697857602760549,0.01034851039459349,1.2733545555361057,-1.408345190668999,-3.100664606096503
TCGA-A3-3385-11,2.0304323098656156,0.2916153643943345,0.7192609251976281,-0.7706469408210732,-0.288857594078737,-0.5722611110535651,0.2036809827019265,-0.07997170418916179,0.049828474437376556,-0.25183655423194573,-0.07306742567728773,-0.02369844938611524,0.5166197344316132,-0.9527044689654455,-2.957402212385323
TCGA-CJ-5681-11,1.1154853159460107,-0.49257235521692094,2.179454274733806,0.2212547660523147,-1.0573618781759349,0.21775275061673327,-1.1483043631403487,-0.3817529682935932,0.3069771030337619,0.19307716569490657,0.26463513365149216,0.26498720845767226,-1.912109843561264,-0.7707466127560355,-0.3300167599319404
TCGA-BP-5192-11,0.19024408621958955,0.6540844654148144,0.7345012015132313,0.26006318907322734,0.12752713580647873,0.11203904979392516,-0.017140824157732548,-0.7489206134296925,-0.013160687395697904,-0.018928617879199444,-0.001667639437456885,-0.0031405077833747746,-0.1814117242180063,0.9889695039936539,1.5350961006737427
TCGA-B0-5705-11,-0.6427531315876617,0.9851721892263702,0.15411241769082382,0.21414039059455395,-0.025596426135257287,0.012186740544448597,0.13171650790285516,-0.3799242062031344,-0.1727260904342137,0.7040198193485764,1.5507654069921715,-0.49041405597981746,-0.16048993210761545,-0.9109988333347083,-0.4544590102136679
TCGA-B0-4814-11,1.0551595667937255,0.7045396478404655,1.3050636526045942,-0.7086462597811262,0.04122675488683654,-0.09618477612978363,0.09264475577385699,1.0226678307205246,0.01713717660426746,-0.08041761489807048,-0.07954387248039048,-0.025928116251113444,-0.3448364621638966,-0.22997484154515802,1.7021206536674296
TCGA-B0-4693-11,1.077759752869141,-0.546755259233109,1.2134170031531626,0.23299948246446867,0.057214226505874564,0.09837941109410218,-0.048743793571663634,1.010595125484484,-0.0010091852428147534,0.07964029290950322,0.06787312813492312,-0.0063171258851924825,0.030726440904208025,-0.22144236440993137,-2.7538869319368056
TCGA-B0-5083-11,1.606260198847703,0.7273781184846394,1.4159338171569023,-0.06971870152817124,-0.1517003958509665,-0.26429854206073605,0.06826180222396187,0.4467838585559616,0.019128714772421253,-0.043703092504801686,0.05651472639613194,-0.008012956799265655,0.062224140044576236,-0.7301834386770637,1.7020257772572975
TCGA-B0-5116-11,-0.8873278313143782,-8.073462297109154,0.051262383535594556,-0.17385158643160298,-0.1631763678490471,0.033722971889585986,-0.15541257906736045,0.6761473095732579,-0.1100140238732416,0.4049205207620514,-0.19054357737495023,0.12025710941200193,0.7904964249665669,-1.4072090313813055,1.4012728910292802
TCGA-B0-4701-11,0.48083925536500977,0.6538009395685863,2.550293215561445,-0.28509118984290194,0.1509641166149307,0.1843228602500887,-0.09345252104033087,1.2963743060144426,-0.015069991739942928,-0.2912444522615356,0.1328922310258606,-0.0019526133711648692,-0.2242756306875803,0.2982625964568405,-2.8306433137358415
TCGA-CJ-4897-11,0.9328772565022504,0.7408657579594682,0.9170185841414537,-0.2674200291997344,-0.11559432466785702,-0.1742320194597946,0.08150278041469783,-0.49306209927790806,0.0057427385013437155,-0.15255949249393308,-0.06133900465744765,-0.01472195970185013,-0.12399445830969011,0.9586424611034717,-3.3197169620684948
TCGA-CJ-5680-11,1.270965351551527,-2.786331304825108,-0.47934034873520354,1.3515294418940946,-0.19532590822798698,-0.4207924429768418,-0.482105999839392,-0.06817025898998366,0.06884200848473937,-0.32032422521857495,-1.9675691663646864,2.3004691499528325,3.9124151380538605,-6.16173985600007,-3.0430214457083062
TCGA-CZ-5987-11,0.1282652302400369,-3.359593444765112,-0.4020731558936039,2.3867479539166365,0.018139684034296586,-0.21365747775470223,-0.5129704481928978,0.3089108463928407,0.004349517486312626,-0.29220202460680583,-1.5500492369573655,1.8928195261831775,5.927985515558789,-3.1275833450185306,-1.4572998244890465
TCGA-B0-4718-11,-0.7354378806134173,1.196029137606711,0.03726498782978724,-0.14790091070109662,-0.03610014147480741,-0.12124240067116657,-0.08264952613573714,1.4647494849024962,0.0001427245366156121,-0.13165531712645498,0.1882784279914184,-0.032481354842420464,-0.6836860384557725,0.06036632208780276,1.8233423272331273
TCGA-CJ-4908-11,-1.34881720399725,1.171045388160445,-0.9552653580046822,-0.19763047113610474,0.00030886284889544203,-0.16840917470657565,0.14306481465882426,-0.7519693050639488,0.018745372222509535,0.2151958262951065,-0.020734999961908914,-0.028577110783179153,-0.29926378122019753,-0.6166562557688415,1.556544674591741
TCGA-CZ-5467-11,-3.2318163874729935,1.7446358753567541,-3.379667504678995,-2.4245910574119516,-0.12152616886350719,-0.10274033753210353,0.046970418720429834,-0.5274643523752596,0.011750665978812675,0.28547742514567526,-0.15112201191424776,-0.013463214456601792,0.752448563230653,1.352832589625923,-0.13088599020829011
TCGA-BP-5201-11,1.295801311930248,0.39214380115353487,1.0767214085088153,0.6068203095631415,0.17288595056300468,0.24105182097925035,-0.1952130274627134,-0.33258920375743656,-0.020581647558643112,-0.6146105290976257,0.23978705951514034,0.013445347016880117,-0.825528343583248,1.0254930243289513,1.5167650601916933
TCGA-B0-5120-11,0.9962970004361912,0.7785851094923207,0.3298504443882256,-0.7193401229312044,-0.15880133625934656,-0.3095180743483239,0.1748678974842398,0.3232115029125475,0.02539667590462491,0.006756144725437324,-0.04366023090734936,-0.017358679406322717,0.320639988817691,-1.1827996463711186,-3.023432838102988
TCGA-BP-5195-11,-1.6373692799901438,0.8807454767531226,-1.69286002149804,0.42868475071977424,-0.09474670495206201,-0.19874741710094992,-0.010181520976562627,-0.17269720770689154,0.0029556383024069953,-0.14116779006454894,-0.003548054089253288,-0.0083014782935832,-0.24188636726190132,1.150488214873468,1.622946910992349
TCGA-B0-4847-11,-0.6771654088112659,1.3406610094789486,-0.4552196320126229,-1.1727888484546578,-0.09409929454709107,-0.2339041913884324,-0.04757277134403401,0.9855138195139729,0.000916919684001163,0.012958168925184898,0.1811802643933312,-0.04467862266840127,-0.7696762291976134,0.43004513226903557,1.7129559202596893
TCGA-B0-5115-11,1.1271458928495548,0.006854681594037663,1.6977611457570592,0.027307952131014314,0.18820368886302732,0.2332813060195905,-0.06903263873110965,0.09879711599363286,-0.0103668439311613,0.5125984789171557,0.16598891511258387,-0.009875022987102576,0.40780289525570856,-1.0050634424726124,1.638381324406984
TCGA-BP-5175-11,1.8910785990655286,1.2177270300508156,2.083277512222301,-0.8710495808090478,0.2545285120915748,0.3933300205599086,-0.07164914407818822,-0.656819050859889,-0.008972082222871667,0.28288176566409273,-0.04485160916857577,0.001846777179864713,0.38686438494509573,1.0274680193063146,1.38942020416256
TCGA-B0-4842-11,1.6035435040276227,0.5756345926190739,0.9538418027266491,-0.644122718174162,-0.04775061489284479,-0.03211163609976692,0.057154581418433534,0.05648335428279034,0.02026872149419071,0.10381272610376095,0.0508008307958233,0.0063101135029601735,0.6529322379803623,-1.3604743753688762,-3.2011338394709004
TCGA-CZ-4866-11,-3.3507148697744347,1.8905298982303482,-3.1714529474117374,-1.2762010185478947,-0.11840651532978655,-0.2669644845585395,0.209531839213675,-0.5551241685916356,0.03370214504714966,0.12019179462509999,-0.027873989380230026,-0.03733684779265709,-0.568284512122995,-0.13039206666901715,-2.903202469865268
TCGA-B0-5400-11,0.40003856497270457,-3.3214971696860465,0.3206843179323837,1.1675005105480825,-0.0329691015560411,0.07059759653763333,-0.3480596114937779,-0.6006944688080422,-0.059161334231850195,0.2411357738307002,0.32985393442384686,0.02411802888898316,-1.0147452609651382,0.3540648687327728,-3.521336218712238
TCGA-CZ-5457-11,-3.7876873433617715,1.068048921608029,-3.342286827588779,-1.596762665009976,-0.19074491005319516,-0.2952776319132872,0.5445418679680576,-0.421644166392932,0.06641207157826477,-0.12565049161999667,-0.7241516162530898,-0.0318543062130524,2.622265857586649,-0.7635104604239715,-1.0362912277866678
TCGA-B0-4815-11,0.5742648938384165,-1.8129145104057618,0.60016517816914,0.011971234574448446,0.09303863661472794,0.37215055409905023,-0.17584723212021114,-0.5518354788241798,-0.05963244641401452,0.47448832073839126,0.08807461848745443,0.0601460359245445,-0.6906819044136112,-0.31025281577685926,1.2661775805789361
TCGA-CJ-4923-11,0.7185115305688452,0.31922533515613516,1.1120357799035925,0.5352558199461104,0.14946766367908543,0.21631900035183013,-0.053245262323716604,-0.5187305666281673,-0.0008080613913439127,0.1502596302659309,-0.015392264875858095,-0.004355637959582362,0.421909775888365,0.9308314093014513,1.4851659174349603
TCGA-B0-4827-11,-1.909838887540186,1.4767300995959263,-2.2069088307359253,-0.7830037700515531,-0.18186876179021846,-0.18548743052340344,0.19564232614252833,0.08616370676020918,0.04127954891319266,-0.022169265186781546,0.022944832906960724,-0.025081767825030653,0.4654310195268905,-1.363648045769125,-3.102038141854788
TCGA-CJ-5678-11,1.8288185815032327,-1.150730534001347,2.005618760943765,0.9909108479956553,0.15561348149798215,-0.1531200815472337,-0.06075164742815655,0.08139225665969675,0.01414515973352667,0.12128007691034765,0.12349042352867143,0.0006030550072935985,1.8188211530478025,0.9401695541841101,0.2591623814563845
TCGA-B0-4713-11,1.781297398982486,-0.5589628672073684,0.917185814236091,0.5051108229390162,0.07013652584990727,0.057822580709220125,-0.09328318206616108,1.481090069902204,0.010390581006770844,-0.12782403996437902,-0.02886381592915038,0.0047598460700275765,-0.6550676928098966,0.0740430730983261,-2.574974500938979
TCGA-CZ-5470-11,-2.6280890950117395,1.329951161475629,-2.36074658339541,0.1304677301493791,-0.09683541415151889,-0.21938559036974717,0.12559345506506175,-0.49111585685364095,0.021456339649782965,-0.01667024450680154,-0.2546586456076226,-0.005698280379032592,0.6650688236735423,1.1712101170489657,0.19863950415781317
TCGA-B0-5108-11,1.3427903027486774,1.0276018730354752,1.4628885882039477,-0.5053532433951169,0.06500780199298208,0.0669916007529453,0.18015842565509757,0.7504387606335514,0.030506803580407665,0.4501267075115811,-0.10569214309538563,-0.020930971581374205,0.7407351001533813,-1.6119948164743123,1.7314870685216457
TCGA-B0-4846-11,-0.2096188693553152,-1.5101933222929689,0.6909909520697267,0.15313227909633353,0.12125413552609585,0.2358691483176956,-0.1596144376309862,0.8367401919664534,-0.03544461587765471,-0.030955740183119695,0.16226071089448454,0.021056236234067,-0.5540828958060375,-0.18781428791876484,-2.8737036728352225
TCGA-CJ-4904-11,1.1436623727026465,0.6238427578422377,2.6343230336121404,-0.4106682377080463,0.15270645361724855,0.1708022207496746,-0.0401463880870385,0.07240663036626768,-0.013825392831602204,-0.7874274264771141,-0.11070679502119916,0.010057393702478169,-0.22693834375874328,1.605238781322261,-2.8706300971754946
TCGA-B0-4694-11,0.09338621675057963,0.8964651499750353,0.32612235427320513,0.12710880206936073,0.18879233304954363,0.26932475481794294,-0.2472808807325209,0.6746495278627898,-0.02557170744355991,-0.29943981576476736,0.3402164427538109,-0.008626167745957468,-1.2539889510294906,0.4991418594084532,1.5840168308233549
TCGA-B0-5402-11,1.1144725792668277,-2.316208293738222,-0.08705951393053389,1.2435103770402272,0.0007165805686764489,0.07669699285935855,-0.10054553416472406,-0.6092506045040142,-0.02102140488202676,0.44707799483040117,-0.0069146762740937544,0.05091894131791344,-0.46344930310171883,-0.35857545494061954,-0.19947509323964221
TCGA-B0-4712-11,-3.2667307849788423,0.9738257701477019,-3.13796784129601,-1.4026243404277228,-0.13524075121752263,-0.23295220410933287,0.10644378778317494,-0.5191318335773002,0.02406549845200208,0.22570361641839157,-0.019033723128085687,-0.018141770439977594,-0.6177608948918786,0.02303764130953642,0.02533509001727217
TCGA-B0-4706-11,1.622315597952694,0.2040500180053978,1.0640773410784519,-0.18154308184219775,0.2017675164787824,0.34799491468474253,-0.24450328771236943,-0.7182571826297525,-0.03344683525142757,0.2686161745915347,0.3287582537814062,0.0054477340009807095,-1.0995990556910469,0.313365599926453,1.2747888369906801
TCGA-CZ-5463-11,-2.97792313395838,1.3204031737458286,-2.9440848917592795,-0.7961652993815366,-0.14336982049726843,-0.17062328229911075,0.180746414066272,-0.39571180539041184,0.028176598794683837,0.36629038460682245,-0.28025479954368987,-0.027227731369570973,0.775014058801065,1.1761060367114984,0.7186404779985774
TCGA-B0-4698-11,0.4971032206507195,0.06612282221949449,1.1452492546012618,0.2617217550581938,0.09582180373566809,0.11599446553790718,-0.14987555873644784,-0.7162828888143772,-0.03282525813380864,0.39627038569713907,0.1991158114241941,0.002496960534430048,-1.0660118151849713,0.19053342984916355,1.3929585290956112
TCGA-B0-5092-11,1.6604308559667438,0.6049079435428276,1.3723177706824858,-0.9018527730179376,-0.06833754544993886,-0.23239612220772587,0.13157773955098115,0.8871534046926481,0.036991925281591564,0.13645950559465822,-0.1373605484907579,-0.00587608447559759,0.08870566453638702,-1.3401413620136842,-3.1151567047631747
TCGA-B0-4696-11,0.8439991737476825,-0.5890771507304202,1.3234362585817596,-0.23474771955771911,-0.002239643090157151,-0.03514296050352671,-0.04171712884108474,1.0497870008526815,-0.0009681517520995056,-0.23659446692295116,0.028608329607679193,-0.01414852259718916,-0.10817481392544734,0.32414717649709074,1.7184192619897263
TCGA-B0-5106-11,1.5761846824910908,0.2301396145442395,1.44150217049098,0.04067703569822389,0.07927163028663207,0.14020637026134247,0.06065475438675977,0.36910881798825673,0.00412916813681609,0.014090391563803324,-0.03176975161840176,0.006636878975070196,0.10852557902868096,-1.0755184055014098,1.5649524366525966
TCGA-B0-5119-11,-3.1422705653605707,-1.0486955593197917,-2.6579141885609694,0.8930111587843714,-0.18495276060853627,-0.28450323729641336,0.10431754971188378,0.3698487087551911,0.02726705425651348,-0.02427118987169023,-0.14806518862437734,0.02220174249376579,0.40190317819932586,-1.1336521178862398,-2.7986576257512645
TCGA-CZ-5986-11,1.0739538556512769,0.8983540352912134,2.3809978967144008,0.49012065609795985,0.024789254117596693,0.2929399144113946,0.4685994481500922,0.9054323637396231,0.08075331376341706,-0.21290376337675895,1.1884991424988325,-1.3184754073858955,-2.248157713780892,0.2671706721178122,0.6390278282335324
TCGA-B0-5706-11,-1.7222454966204797,2.5680452520407466,-1.2475117682497185,-0.003983044240169387,-0.11097589635714221,0.4543313970447705,0.04384310302156524,2.2419007321243978,-0.018272754336058652,-1.3521506918954498,0.068525307581859,-1.6393367184945231,-3.601568612187156,2.413807604105946,0.9434974271642015
TCGA-B0-5113-11,0.5622138503060083,0.5493269597101176,1.2285239473759433,-0.2580967389549696,0.08535922684330581,0.17901088795456802,0.08249772732666306,0.8041722079459017,-0.0031667491878797725,0.41105937189032565,-0.05915539053551098,-0.006804423594788001,0.7110620045530835,-1.0044215234233196,-2.988466449360794
TCGA-CW-5585-11,2.6948014256993607,0.0019081370636352274,1.8349563016796753,0.32398168306838754,0.09617298436091176,-0.2103507494327192,-0.29712889832187633,-0.3519170557164918,0.06122767374354115,0.34654676428938797,0.26083600101433213,0.3148742980803559,1.7434759917284073,1.5806616148184536,0.03261390997787037
TCGA-CZ-5451-11,1.5867807673811039,0.8367873166473744,0.40501368948627575,-0.6511653103974564,-0.0740142784516752,-0.0406724074215757,0.08931594700065851,-0.7114262973800641,0.018486680923142377,0.41572628789983707,-0.27778397193355625,-0.011535168139793248,1.1082504122623889,1.406357412990754,0.5676034069427672
TCGA-CZ-4856-11,-3.1092968283676843,0.8902437753950089,-1.9496354948717372,1.1272247394582557,0.08838715368858774,0.0466397548245523,0.0238277463636339,-0.49432742233283866,0.014879944992025372,0.09990287794982618,-0.03813879427955436,0.001183766457945791,-0.10419448688372793,-0.21151867115816506,-2.9982692661934927
TCGA-B0-4824-11,2.1153689561996214,0.6332613629958109,0.7404193636455815,0.3194066200289992,-0.0178503692847392,-0.030913037085991267,-0.020750305647463954,0.9057581374256999,0.022228628713215466,-0.12972510686086705,0.04287934113605859,-0.011226873084270212,-0.2000334783894995,-0.08231430458158533,-2.6836382386480024
TCGA-BP-5178-11,-0.4173150544840219,-0.5727593311409023,0.08773220588722759,2.5773328153707062,0.2726430829433929,0.3980948551193234,-0.22458776410274375,-0.09913755110676734,-0.04436288089756807,-0.14492849159965498,0.26098043770719126,0.017885577183651868,-1.8723516304829626,0.23024913751846557,1.6027086275604614
TCGA-CZ-4859-11,-1.8150711670356627,1.3739447456835148,-1.4717359759873214,-0.4825691572894122,-0.08556498220598517,-0.21216732624827536,0.08663891363906463,-0.5247167578488339,0.011808720876846217,-0.026217389856768046,-0.029736337094344558,-0.023779283982195958,0.2230944037190633,0.8819277347390231,-3.112352314960155
TCGA-B0-5696-11,2.5584851208857464,0.6296191486523127,1.9574403543969718,-0.2462139690149768,0.13115461602065984,-0.11551207925408545,0.27136826418322024,-0.25181424826833027,0.15680033948939412,0.5697347838233583,1.3657493415794835,-0.6552066764634016,0.14073891029402083,0.0900656445455167,-0.23472280744864707
TCGA-CZ-5984-11,1.937525526188417,-0.48160176400206994,3.0940462007983136,1.3853291511520125,0.016139694188316046,-0.012826005375898918,0.09225896116455884,0.7844220501160615,-0.011443868915378172,-0.32720873675244677,0.25142665757377397,-0.1781382320999028,0.012343049544540888,-0.6271864771683787,-0.27685600248057685
TCGA-A3-3370-11,0.38061920343190164,1.1251186028919826,1.3180125894783132,-0.9355379340060215,0.06744987144221393,0.061197137772029765,0.19640892646157657,0.01826271992918101,0.024647631885459945,-0.16324206219896098,-0.027467886102147395,-0.016778798953370744,0.751050926693147,-1.28803110896054,-3.5175343325598645
TCGA-CZ-5462-11,-3.1827698968919296,1.680996234217323,-3.4508070355432006,-2.620554574978537,-0.19727101512351472,-0.11314300281282735,0.07794694494091237,-0.5356166627501919,0.011836722023616998,0.43328059573330807,0.1706553162344819,-0.03765626185622012,-0.5833657028954421,0.04275925266921666,0.25463133001458016
TCGA-CZ-5456-11,-3.3138627575974895,1.430664009203834,-2.232040116532413,-0.24757130500691188,0.05390340935415106,-0.016677269305165204,0.14705612670177423,-0.610832124523587,0.029432521743915138,-0.14083659088911024,-0.29522284749954586,-0.022988617604509022,0.5745934526078945,1.561226627096946,-0.1698219251057039
TCGA-A3-3367-11,-0.27732739491439684,0.1262708810766379,0.05864240823889323,0.7297309265673142,-0.0955650509806137,0.06105382530054273,0.06876746527926929,0.7680974462646211,3.375569256226584e-05,0.48620141305651216,-0.014792061755647007,-0.0034026669831731986,0.7267092952041988,-1.358462452740395,1.7121133511812745
TCGA-A3-3357-11,1.9622602873677366,0.8549963679355285,1.5481905903399882,-0.9206494694871472,0.07827521666333682,0.050622293464044454,0.0498672500530332,0.5177426124086157,0.007030744467871842,-0.26874334694634033,-0.13074839283374665,0.02024425528936582,0.16200925607005862,-0.9210929456470827,1.6073251205660748
TCGA-B0-4811-11,1.4050623042360255,-1.5922845433619077,-0.40850684004471555,0.9783405401940212,0.02089413355647512,0.16843857838659723,-0.054657663515080834,-0.33648340596250337,0.0012537533804886432,0.34732972864046446,-0.31082304488037543,0.012582257193054832,0.8708049416684184,1.9985983125847002,1.4841788498838224
TCGA-BP-4795-11,0.28417621151027384,0.12751437885460465,-1.0979147681973984,0.8938814928985895,-0.12042262745182966,-0.24217891575727854,0.14393518567967759,0.5265087913031272,0.03526954767750272,-0.004610520554231336,-0.0459498971068059,-0.013369689517286053,-0.519205240788093,-0.9093015629518457,-2.9341618220738055
TCGA-B0-5121-11,1.8489963730890042,0.400269619892279,0.7387022213590768,0.14454095538435105,-0.05112142347634951,-0.1706156633318218,0.11183114773827774,0.5074935770979387,0.034461507706643815,0.34677609566354545,-0.07473884398831274,-0.01184907334513975,0.5802060658827308,-1.541756431651584,1.8297236678894715
TCGA-B0-5080-11,2.1968968134757425,0.05411455477859384,0.5910668435995399,0.31358903506432306,0.0825245191404061,0.19474966820016515,-0.11756506791045009,-0.28975938542444557,0.005107774706000395,0.28745271921640003,-0.17997973436234752,0.016915391636593554,1.1237191802672266,1.8527520806632385,1.4877502325498966
TCGA-B8-5549-11,-2.9319449222667027,2.675003703109562,-1.9472481919333644,-0.08554906843158769,0.2957811121836965,0.5859902725658541,-0.832218898294173,-0.4856247713079464,-0.3504435129960034,0.8094456814834997,1.7227587444226993,-0.8866132803433318,-0.26051412444844246,-1.500216791020692,-0.5501482498306784
TCGA-BP-5198-11,1.009234691404193,-0.7293788988893168,-1.4622251524675955,1.197902986776933,-0.45495067715600024,-0.5751473373773199,0.02147008128768333,-0.8828442460598264,0.002344594896494924,0.2509251779644211,-0.062000153204010554,0.0057141350331630526,0.16375670728041686,0.5619359980902486,1.6450948096218245
TCGA-CZ-5464-11,1.555603902893626,-0.6594921032613265,0.4255763702786022,-0.07717267896493998,0.1389300382986604,0.21316326009572492,-0.06314363152693689,-0.6832413645728466,-0.01299261989045286,0.42486887028377174,0.09294920241821146,0.005705499937045041,-0.9926493291719451,-0.204745786256382,1.4082839985486437
TCGA-B0-5104-11,1.3802126145403228,0.4801214893249922,1.0548827075831848,0.11094833352429295,-0.04213068710364837,0.04555038596115386,0.051076087097555165,-0.2918060313140128,0.019776518351898774,-0.07886236473420452,0.12014916817890905,-0.010630606880218356,0.4646865803472688,-1.0155118971881514,-3.1598999364808806
TCGA-BP-4801-11,1.4047235806189347,0.6203778175831498,1.9913502684958335,-0.4547488548115798,0.05803355179867015,0.11008329148061796,0.017452212561903907,0.001268025662023697,0.024109016087493728,-0.054334841426928855,0.14102087127915644,-0.01018153856880392,0.5928927819945436,-0.8440462074074315,1.5508921651996974
TCGA-CJ-4907-11,1.4152176913360361,-0.3655547170428024,1.8158419859831858,0.49121856409595377,0.3457427670726141,0.3877107988625042,-0.14316284844768257,0.08333794352011618,-0.029462167378566776,-1.0591170933082705,0.10807911001242808,0.019175312953336975,-1.6133195890887617,0.6126870787780195,1.5781448318006253
TCGA-CW-5589-11,2.361151980401492,0.2643783035248488,1.4475787486487108,-0.12933108902899518,0.17075846302715383,-0.19173375421608335,0.36706556911449867,-0.34009605276485905,0.20794653170717942,0.4167928818472492,0.6521813589804301,0.11074270609704294,0.7959076825924316,-0.3423769581198671,-0.4229995684051925
TCGA-CZ-5465-11,-3.7576967864061475,2.105179906119446,-3.564860805503469,-1.762899099630518,-0.0992187013543126,-0.08155132678505354,-0.032706361414477726,-0.3923703627618727,0.008602465552286347,0.3570737316119223,0.26869664431665546,-0.03417929862047598,-1.418312546560346,0.10512295764188741,0.5318407943737794
TCGA-A3-3376-11,-0.7259945870296601,-4.866346306942379,-0.07796741472249163,3.624228848374317,0.012057718675565945,0.1733777502845473,-0.13671678156231057,-0.20214084628956006,-0.0468896029649785,0.07955735602800208,-0.1282488637058662,0.08892948966743339,0.8941778689902732,-1.7374911933429342,1.613871081965429
TCGA-B0-5691-11,1.7728750819780068,-2.4475049202804033,2.035821083760569,1.444500234705827,0.13201610370399747,-0.5165320337298636,0.28199971735701085,0.6430668058855961,0.01149332023496626,-0.2526607243973576,0.2892793875808893,0.11960995978727695,-0.3536351294547255,-1.3466648551673472,-0.22553019373214872
TCGA-B0-4690-11,-0.5540116858067731,-2.0459078879681325,-0.06531710759121913,1.185741244043194,0.028412321258466506,0.013730380058585295,-0.06586010114169247,1.1370888120835803,-0.030024196934402524,-0.27769672015986085,-0.038828373760092814,0.01804674262739554,-0.7741862579564404,-0.1910370060911318,1.7232187118131448
TCGA-B0-4818-11,0.5205000467473261,0.5524571211642315,-0.15873036301303933,-1.1712046261696416,-0.0742092229829601,-0.024165723873139932,-0.168929073271926,-0.48434981685243217,-0.029419409266512212,0.3094251434148065,0.3284252264584166,-0.0032702185468554104,-0.6275749771639049,0.2401841764220874,-3.585944365953298
TCGA-CJ-6030-11,2.3774972766761913,-0.9275647986565599,2.126319619461258,-0.4478597318280203,-0.006425475259000476,-0.3956513625895409,0.044821349903534397,-0.3628444918790159,0.03744105841630726,0.10007349691584158,-0.09560106550638633,0.45552396461223693,-0.6661608296483099,1.261185683649788,0.3893321292153385
TCGA-B0-5117-11,1.5346795402887885,0.2642999814577251,2.552148216183758,0.15051471730292154,0.27799875528095735,0.40307300145948943,-0.14789877984861757,0.2335884336387872,-0.024481285398464708,0.4180655833087644,0.060280932603125024,0.03717245648232574,0.4300593699723123,-1.1488954067421404,1.5703226437554358
TCGA-CW-5584-11,0.5638911581331576,-3.4873236081513377,0.25089462233426313,0.6093952368099679,0.3437144546085154,-0.49447817839525915,-0.16588836469209767,-0.7711978460174406,0.08890907879943652,0.11338628599940685,-1.7141837645547238,2.3933462052553853,4.956379675455042,-3.6380916911145245,-2.274396180125139
TCGA-BP-5168-11,0.9435083533010568,-1.3175078319489018,-0.6416696941772417,0.9279109234210429,-0.4677265084494246,-0.5356198922325669,0.20574940460150148,0.06341726246431606,0.01860791211107342,0.5714115103842436,-0.22539775156803682,0.0030432832201177052,1.7390423366508911,-1.8539616457636685,1.864297947079972
TCGA-B0-5107-11,1.3650310588852825,0.12768765436171142,0.8390424014077499,0.11812212528382465,-0.011148572807608182,0.08733012286814239,0.1014215004781887,-0.04304655846407037,0.028817022456710445,-0.0855914575063517,0.02819642403196498,-0.00673851530991544,0.8104994191513117,-1.028078082091127,-3.2207927911358856
TCGA-BP-5177-11,0.5291680307658444,0.576262408583123,0.5985522535460709,0.009459497470266165,0.12292771712956531,-0.08741862188074159,0.2040758049381128,-0.5073598418146871,0.02889885875326386,-0.95972292084343,-0.17750380088249504,-0.017675645743179026,-0.9528331625298986,-0.522702121016173,-2.828713079080636
TCGA-BP-5202-11,0.4591408453021435,-4.080925402643136,-0.02181864039656792,0.5332069027178463,0.1732973609423616,0.7183170140631202,-0.31182909039692247,-0.6472104749572768,-0.1088307285549435,0.14669281244035695,0.025482590934167798,0.12768179584927808,-0.20808755696211167,-0.34599696699419186,1.2077119657270474
TCGA-CZ-5468-11,-3.1248441137927663,0.7789367713803657,-3.6186440782213936,-0.8180273958168282,-0.2402537082765235,-0.27406972847172706,0.18132825146852377,-0.5896798712178706,0.039947464666025,0.33666330454811716,-0.33949289462591536,-0.017666346363062448,1.1423751277373397,1.5650297930728274,0.0348050960085441
TCGA-BP-5199-11,1.7150445822403744,0.5661476823637461,1.6033139994835224,0.029342460577461527,0.17880290983466302,0.1852174211606393,-0.07191559095957056,-0.5477811161314078,-0.026133470617106688,-0.7036414481425627,-0.04405950965923752,0.028203440706526965,-0.8059420884310509,0.9895255714235387,1.4923074170911041
TCGA-BP-4760-11,0.8464356320516948,-0.09684038379919015,1.6213316653283587,1.0697318684652255,0.07609099520045336,0.16432540894606923,0.06805894961743272,0.010712482775006287,0.0006479854082484688,0.505841382267145,-0.0046469927924890206,0.0016602536656417375,1.0988221892980845,-1.3542918173833443,1.705946896573054
TCGA-BP-5169-11,0.7211726806739087,-0.3644712984798081,0.32791780802870363,0.6860032155250456,0.06650758464232909,0.095020975777159,-0.0138204832847869,-0.3012242387924442,-0.015188411975110432,0.345017876958613,-0.04532762081128543,-0.022287618413576855,0.22483634143166284,1.0608899282251083,1.6542511279593783
TCGA-B0-4843-11,1.668776652566962,0.08516251395184575,1.4918464656212738,1.2650741810380874,-0.003807203679298208,-0.14623262566998144,-0.09434261019303848,1.3340142038846463,0.0030328690586681234,-0.19057030006092837,0.051913042734002525,-0.010843627682045628,-0.7211848167007667,0.4755678365173618,1.8633868916189262
TCGA-CZ-5455-11,-3.390061778035631,1.9166787693815672,-3.6944528530368435,-2.0396107555767324,-0.1699818985998914,-0.1855132030050452,0.17100891146272842,-0.7074419473199434,0.04357970457610337,0.3510632187148489,-0.3346538591920123,-0.024316623166280662,1.447637619830447,1.5449447257628384,0.4842392103849784
TCGA-B0-5095-11,-2.1157149573931537,-2.455819960528917,-1.6607341189664837,3.186010488680999,-0.10745499025925345,0.31442840320708665,-0.06233491865486934,0.1357275010593578,-0.022284535863492296,0.3848771451117131,-0.07624972097587766,0.06331374965002419,1.0128617980253147,-1.6474350359117615,1.6440334713180358
TCGA-B8-4619-11,3.6831465716803398,-1.9183668728099255,2.2803002514328066,-1.8007247575323702,-0.12541107192224232,-0.711055515130467,0.8630290554321619,0.7974618620308935,0.444115555725474,-1.2648466627120878,-1.5456827353814095,0.5281535279950491,-6.233644543343306,4.68723225129114,2.867332070745902
TCGA-CJ-4920-11,-1.9250293836396344,-1.4271879649429735,-2.361224582535757,0.3910860499838473,-0.3643891601468365,-0.6404984544158958,0.11474899022118443,-0.4076347859772011,0.007972213730054044,-0.9382538523846454,-0.06329015397004686,-0.009227340698914366,-0.939179066480828,0.0032833912176394252,-2.5293284750834792
TCGA-B0-4700-11,2.15382952604796,-0.6439452330280501,3.4093922360550852,0.7808084443689812,-0.11153946253883798,-0.10225065396244903,0.615515323633161,1.4264313343110768,-0.0068326427837923955,-0.8334291197530302,0.2953730656231906,-0.6959829210002845,-3.5518520139562435,-0.38592210203060306,0.09929524322731949
TCGA-B2-5636-11,2.453496795213968,-1.8398485658611494,2.269656434785081,0.8376251491551897,0.12850013541574912,-0.4902823153922551,0.2405495134781082,0.10971915642205989,0.023719993782460987,0.04145422875012324,0.5862625835977897,-0.15434881032163547,-1.3099162463813372,-1.381588565255754,-0.5396916545383956
TCGA-BP-5185-11,2.227772299827239,-0.7724859600906132,-0.11897454953475825,-0.43053618279900135,-0.030594043581612988,-0.06702996941007165,0.035275970980840045,-0.7950625524468685,0.006064512522738809,0.1683503405599564,-0.1892163467196093,0.021828420283736365,0.30670301578277165,0.7408690463483563,1.3648576830392805
TCGA-CJ-4869-11,1.4582457327760225,0.36339555525288664,1.472284486977851,0.41845434917905366,0.03231980290635149,-0.09672604461638719,0.10159424803514835,-0.4656747108264998,0.017033249810307325,-0.4734679781367121,-0.15443663510056616,-0.006568564092436073,-0.15206106848148762,0.9982463682292698,1.5599207992375321
TCGA-BP-5200-11,1.6928381228580007,0.7289844731356094,1.7350575425633072,-0.38781464124449866,0.25435178058479696,0.2509478143516322,-0.06256960557827113,-0.2637434336719409,-0.004501585244735921,0.15274559319255207,0.16577051912291688,-0.013994822618531593,-1.035625561385905,0.1654232208571932,1.544667029456187
TCGA-CW-6087-11,-0.5104245808744938,1.417738980481401,0.12665748418210793,-2.042982778705388,-0.39684767104422597,-0.04711345770047603,0.430727919862901,1.0111445494436682,0.07507238362004523,-0.28804716431244326,1.0629026836113789,-1.2699409238806871,-1.6665000246349773,1.289441264041787,0.7622085279360912
TCGA-CZ-5985-11,3.028287311025862,1.3490122568166376,2.341590336635994,0.05706859061759671,-0.1528529311679088,0.258319676096494,-0.11740596857034931,1.0626966748811852,0.04693748852258929,0.05670943823634592,1.372280439695646,-1.3868169239900063,1.9724367929067597,0.2227384482045144,0.21392844284116108
TCGA-B0-4813-11,-2.208936584659461,1.0922763566939087,-0.08072550746873013,-0.3441859639238629,0.14536099387227347,0.06119631383552706,-0.25584338273803386,1.6743200817789177,-0.018852933909502562,-0.27948266798019733,0.28694207283558654,-0.012158109815760617,-1.267937997878643,1.319565841441317,1.7747177415409965
TCGA-B0-5094-11,0.7276182615157138,-1.5566639033134377,-0.2579347152788272,1.588283551867861,-0.21421951251509325,-0.2366856820789592,0.16355942410772273,0.058697835582702924,0.015481996798601435,-0.0318160090951911,-0.1944190694427661,0.020341978434597865,0.8896979871741023,-1.3605957212613555,1.7985344916201087
TCGA-CZ-5989-11,-2.8475203378174205,-0.17251726243112167,-2.5882628404651857,0.6174095760815674,0.54234990663618,0.1443104653264166,-0.3494714817403116,-0.5045583271364269,-0.040040900861844184,0.38632401174131925,0.35248762629456515,0.4774455621901063,0.18852020506547848,-2.794338129566089,-1.1724251807500765
TCGA-BP-4782-11,0.9881566726503848,-1.777665750527724,0.6821188912015493,0.35254014776223813,-0.22518461282201413,-0.3703979000187081,-0.0036881464205062056,0.5146481947855585,-0.007842894791265952,0.4188348353931963,-0.22037980560617676,0.052369934648887645,0.9275199235117209,-1.7124330083501351,-3.4272072691589153
TCGA-B0-4845-11,-1.3665020250147315,0.2954147009315041,-1.6302066647771256,0.7844668281354842,-0.005070052398710642,0.12500401185279755,-0.11018800702561025,0.593979766302671,-0.004677239789150417,0.01281796512114898,0.3021266162168155,-0.032277035881894824,-1.0275486036558017,-0.030953703451407008,1.6372043485446548
TCGA-BP-5187-11,0.8381533434800735,-0.6834057682344192,0.8678191218478508,-0.170500080045864,0.19276598294608618,0.3184475777425693,-0.08193501121449524,-0.7363195790385023,-0.041854654595598534,0.06487831174121012,0.04653161581444677,0.038389430676563266,-0.6065913055757784,-0.2219727562282256,1.3533972524755697
TCGA-BP-5186-11,1.5135566157549347,1.2807134752157583,1.6492596140520108,-0.8806466806466974,0.11224638614219107,-0.014916869939588157,0.06534585261052059,-0.658006484594046,0.01236171499559122,0.10667309479886035,0.0907476280705764,-0.03397051749629578,-0.7815434678105906,-0.16467588018353257,-3.5391188457333875
TCGA-B0-5697-11,1.9646296964950982,1.9594534590715182,2.791979107229719,0.09973562032621823,-0.012944911461208587,0.24913041831496224,-0.12235307003344029,0.25757715764213956,0.06640138394530212,0.281505129030434,1.2981043686787785,-0.8322503469398684,0.16142619699836178,0.330711486894955,-0.3289986077485146
TCGA-B0-5701-11,-0.9525404984521945,-1.6876442719608848,0.010040255798451603,2.5744659054735197,0.5960562938485463,0.1139237061900838,0.07215746736049382,-1.358611683699897,-0.17102441949422648,1.0566444589466324,1.1626009452985753,0.35498323436446466,-0.47090847885799403,-1.5448150569585029,-1.0045690334399984
TCGA-CJ-6033-11,-0.24079658155350792,0.42328448522045514,-0.603143610153744,-0.7334855899475062,0.31403325305549545,0.2472930891131996,0.15648647604230465,0.3751650160746491,0.0824027637967533,-0.09627091018125239,0.6313719391018863,0.02265716093062559,-1.3809167699048117,1.898719695576675,-0.11299837690903976
TCGA-CW-6090-11,3.6823777714536887,1.0734255186978103,2.7659920499368424,-0.91856335993288,-0.3679858196285872,-0.25185961547455166,0.15914188629552448,1.1650289210492544,0.1015304937052643,-0.18014711346188347,1.0423426581767006,-1.1758311928197809,1.445902649081677,-1.8883629491519,-0.5109963901754812
TCGA-CZ-5466-11,1.488683861234941,-1.4540490180956869,0.017265523303883326,0.181794335069651,0.021221823629297604,0.10278883885230393,0.020610045060310965,-0.7653963860486444,-0.009848905371999379,0.1441044948186213,-0.34378610388277536,0.04045135759248978,1.2781868986086835,1.6592871681978052,1.0496645368148267
TCGA-CZ-5469-11,-3.719738871703654,2.0941240225468136,-2.802220151573523,-1.9321886316835712,-0.0018490034645982185,-0.2376734887131311,0.10677710136776097,-0.32140956664459874,0.04183173273378183,0.05368943588962682,-0.018747921442899385,-0.05374899341246108,-0.6624021138525561,0.8111949562325446,0.3689219581190576
TCGA-BP-5181-11,0.0811167402009256,-1.3763788952122977,-0.5088243606037325,1.3370471042763616,-0.004719227232687723,-0.03409031897888366,-0.1108567781487966,-0.4938027362579007,-0.017997582650304066,0.07759567457072812,0.10937692445442118,0.028750331597258753,-0.6381542783650481,-0.07966730814113691,-3.0772465824738857
TCGA-CJ-4912-11,-1.105160920384854,0.9596334891273106,-1.3913546365705067,-0.006605747890769277,-0.20814748960497506,-0.5639540823528751,0.21113536515918283,-0.40974992038845864,0.03011428025262805,-1.1127980322288413,-0.18211179723335522,-0.016971710824367634,-0.7060419260993059,-0.18277078021909127,1.7962830972278008
TCGA-B0-4844-11,0.7825235721462959,1.154697898812136,2.242812309656528,-1.487469300901222,0.13560689694733927,0.1227882369835804,-0.08890507143289628,1.8114730534687633,-0.005249453168060928,-0.6973585148526971,0.0585318783022171,-0.01586738547451093,-1.101492081427427,1.1417799399713597,1.6979597498983854
TCGA-BP-5191-11,0.916297945896257,-2.4362436447566007,-0.22306749913937318,1.5185200935162138,0.08482137619564821,0.09753591953321236,-0.10951224930305045,-0.47743043134808616,-0.026736751058299923,-1.189120087264145,0.002920885200056048,0.040957007054951776,-1.740679778570483,-0.2724937665936211,1.4749675507468754
TCGA-BP-5182-11,1.3640299082490315,-0.014249811684811677,1.3490032320875698,0.9293343702582324,0.0733664534934128,0.07814041136593486,-0.14014284041397612,-0.6100539800239576,-0.01733417529021603,-0.04908908613117362,0.02736668570846247,0.029158048572966486,-0.0355171310008152,1.0809269309353002,1.5268957009311745
TCGA-B8-4622-11,1.8162683204964758,-4.341027650739693,0.6338398456281378,-0.023910971117299694,-0.020483493052817568,-0.8957490282126385,1.1413722525816257,-0.49445795638086604,0.45492071575184573,-0.697054014146944,-2.6580542503000917,1.270977192630627,-1.7785846746393286,3.694745922442145,2.4815129972096353
TCGA-CZ-5461-11,-1.6362904118968054,1.35038124356535,-2.6710103401420366,-1.5273355624927296,-0.1976047525719041,-0.33182419097215904,0.17214740854439978,-0.71835612584753,0.03660575561184703,0.14343102165580976,-0.23090035174469523,-0.020403115622116504,0.8916831698955648,1.3592153352631842,1.011896432510224
TCGA-CJ-5676-11,2.015009580810491,-2.4635146075657435,1.2118857992417134,0.8006546159804384,-0.13230589941329726,-0.5945375322487674,0.07296221775977194,0.35915263505292655,0.15186449412365818,-0.5168767567099277,-1.3281100929168266,1.427903334472342,2.100699815227078,-1.135352532510584,-0.5591286117451386
TCGA-B0-4841-11,0.35056796638438226,-0.6750083018711067,1.308118205256108,-0.2948918548397016,0.047715352308254105,0.12355142293951948,-0.0372742859702422,0.8868062746531992,-0.032763499014749065,0.09291493624347293,-0.010066185279937728,0.0067953654023277755,0.03325577336043256,-0.09249128688799674,1.613322648252515
TCGA-A3-3373-11,-1.6233113573253812,1.0742995862699467,-0.9572775619780914,-0.2887985812925857,-0.15730709614103414,-0.19328604838777577,0.05987276518626224,0.03440702571585998,0.016568951495030265,0.27679567438291924,0.18359507432750824,-0.0363154579612744,1.0626972178620206,-0.9361146857429313,-2.9991729848966515
TCGA-CJ-4918-11,0.5826539783176378,-0.844550456561367,0.6458017859741697,0.2883045752340478,-0.02391449324854236,-0.06736399336196851,-0.012436702710266886,-0.613625686631565,-0.029195381910731736,-0.36542709242958027,-0.20076160425402612,0.03277682462492964,0.013877281714128982,0.6636965222221409,1.5023354837612355
TCGA-CW-5580-11,-1.3795811437613625,1.464690076775085,-0.9722099825383771,-0.21523050918463923,0.07605868890911699,-0.10485900902972967,0.2852479189368395,0.3402161558194209,-0.022259134231833108,-0.07022575603295306,1.0572632756530662,-0.30085881641928575,-3.529574165061392,-0.45441161682176295,-0.05651591204397828
TCGA-CW-5591-11,3.4660606395022784,-4.63815787113826,-5.39954430722149,2.4367937923863328,0.4061936681522775,8.165528570003458,-6.093496582737796,-5.366313498376379,-2.7303248000349454,2.0392674577223286,-2.853165534454066,-2.75212550098382,3.2080275729715577,-3.314747236489967,-0.9193949337193428
TCGA-BP-4993-11,1.4063611329616152,0.565125646737478,0.6226212061694025,0.4959975327619981,-0.04349850867464672,-0.09774747985173327,0.10151798548174867,-0.07435149060773966,0.02787495797431584,0.36859726306539753,0.03609961014372918,-0.011268385558161289,1.1766094755761218,-1.5630175167243152,1.7701284538216975
TCGA-B0-5713-11,1.1727805865627394,0.027734131317668692,0.3088803679814663,-0.15487927708283045,-0.19155947216477212,0.12483460316552221,-0.1349841481676262,-0.23144604412999453,0.013381544736394548,0.4107128230925786,0.5181089781870347,-0.025503266129701857,3.6724081104858155,-0.37459676214660775,-3.350308581447022
TCGA-CZ-5460-11,1.5644610025214458,-1.0692997358869787,1.251768308483077,-0.26897464768307006,0.11106937637261968,0.17485071842556557,-0.23719031946402583,-0.7347080509626274,-0.05227103540276164,0.46723736922580356,0.18711712344774456,0.023105760998898155,-0.8300217028801168,0.23592038349498815,1.3674252192299172
TCGA-CJ-5689-11,-1.54818546781845,-1.5974504282059037,-0.18363879108211037,1.4762783037068279,0.18110601503549792,-0.038072935408115786,-0.0011287066560857022,0.2021180395908124,-0.07066111445909792,-0.15753957554427125,-0.7930169450680394,1.4433878331428585,3.834383634070593,-1.7961282273005361,-1.3614246596649033
TCGA-CZ-5982-11,3.855486296899827,2.0017935835049134,3.4467442188889894,-0.17570864367505185,-0.08062922446469484,0.3831762145444451,-0.38921418200960656,0.25144722890608495,0.04858674866151166,0.4004510576520426,1.3311637225294781,-0.9866690092243326,1.5136754570563873,0.13989162818205914,-0.03075885451666496
TCGA-BP-5170-11,-2.363873065426471,1.548108453043255,-1.088839725625004,0.05120713597596992,0.1495902613789538,0.11454987257605478,-0.10366896466391327,-0.5139637643676023,-0.027934366413728193,-0.0303704997998778,0.18575944411587078,0.011937557046650525,-0.943870659243889,-0.1501817824147265,1.5137216112242333
TCGA-CJ-4903-11,1.759815384653563,-0.3655369802357687,1.306323435746854,0.5758444775778018,0.18606981702434844,0.18958720396213014,-0.07536194131432515,-0.1725021916821018,-0.018148930964856327,-0.16396972486377054,0.053316035203273555,0.02110018949426946,-0.9018088895026589,0.17891075891385302,1.5183950485220201
TCGA-B0-5099-11,-0.39729858942713825,-0.38846074834353056,-1.2252054960450662,2.265031407044366,-0.28098181987329524,-0.396702746553543,0.20206847854533547,-0.12807963126934396,0.0316153931041547,0.012347418784423988,-0.08030755073553782,-0.001675030093298463,0.8297818331247089,-1.6165133519797905,-2.976554846180525
TCGA-B8-4620-11,-0.6473088225970218,-4.9258730017229215,-0.3445005605630979,2.0171632416934235,0.578232928718366,-0.14238039342478534,0.15507368751784947,0.40683978887886707,0.04089195979638933,-1.0375203849551007,-2.5696023513208694,3.1809167018580813,-0.039409753097705266,-0.15982484266908278,0.17613994929083132
TCGA-BP-5010-11,-1.9722634782163835,-0.016093128239078477,-2.3118603169293275,1.1663409671184921,-0.23354176780455613,-0.1838976240866707,0.10013044497459109,-0.10267412590936989,0.02310078109643743,0.33313035136116403,0.11015641252512715,-0.010455981305697847,1.0328538454805143,-1.5180012389467368,1.682583454248096
TCGA-BP-4177-11,-0.01097639260490475,1.433763847966094,0.4990441252146041,-1.259293701616521,0.005740763089427443,0.018916763533666323,0.1503972293263802,0.3859033127725917,0.015354541458621316,0.4283445477373667,0.00886252322368692,-0.02046612580809489,0.9166871929442714,-1.649721205668152,1.66026511017588
TCGA-CZ-5988-11,2.654385164106809,1.3062042315339482,2.501555051314569,-0.250238084349667,-0.18128509544861696,-0.015439507335425996,0.09803702445472925,1.2232873083068494,0.10926113664363651,-0.3446361120310871,0.8972824777554812,-0.9608339336504754,-0.1167941893759444,-0.08218612070951249,0.1604988604257151
TCGA-CW-6088-11,-2.914958592069122,3.204745406515615,-1.9284698050145515,-0.9154608449022873,0.07901747582548255,0.38015303183397464,-1.0153342758806958,-0.24554947295957077,-0.4106711094182936,0.6541595917948617,1.6791933822067477,-1.9884324475675141,-0.44953642501667845,-1.4925799897570677,-0.33353625538980114
TCGA-A3-3358-11,2.990535820103342,-0.4225039083426329,1.1960271839986152,-2.2546201632032283,-0.173053912467248,-0.8978155383775168,1.812209599462062,0.2512831066157697,0.612046427123267,-1.009968164813118,-0.8749116876925648,-0.3709833928752366,-10.374256273833494,4.508100662725146,3.1538765650632747
TCGA-B0-4852-11,1.9439146766540993,0.6335966312913612,0.7710790477693972,-0.3091354793320297,-0.12161729926797812,-0.23640431181492796,-0.00048104369791387086,-0.2211262518051374,0.0035577504463073233,-0.05729208333306025,0.09612060843639476,-0.011451708748676986,-0.9859992295777817,0.3323334416609587,-3.0171548065285703
TCGA-BP-5176-11,1.7053947300131957,-0.38676814018084343,0.02590007261473094,0.9242872236556903,-0.03853189519059844,0.07203575522768473,-0.1889221342873407,-0.6283078470510873,-0.02720021156050425,-0.3093491386606854,0.14915537843330653,0.020695026810486204,-0.514417675493489,0.8442147062541125,-3.1270198386835895
TCGA-BP-5173-11,-1.853947293296703,-1.0503623650383336,-1.739911967470923,2.179176509980201,0.09162687827290451,0.021534214724798533,-0.07640669613956984,-0.31190928444440297,-0.01622267214192315,-1.2340218000405043,0.0512576688087721,0.010358490426720495,-2.2040819957741915,-0.16848150443791762,1.6040124333559063
TCGA-B0-4703-11,0.3036979130615975,-0.4429928941175093,1.9010664058966944,0.7993500818844727,0.12994633793480145,0.10178943488019726,-0.17204355025428975,1.7540212021249335,-0.013446359591805708,-0.11588868457375837,0.11245447642386727,-0.01388183576504329,-0.5080450989415377,0.9447381202494218,1.7866103039355459
TCGA-B0-4822-11,0.1027975887298249,1.6745194126608258,-0.8558054803470867,-2.0692481929388102,0.023216204991959047,0.10534475944247278,0.0010994073147237977,1.021045320070692,0.00602351430900791,-0.5099365324635302,0.12274215198110908,-0.02641274272741174,-0.8304057328011708,0.5291747335129642,1.5333321648953442
TCGA-B8-5552-11,-3.3856552919928964,-3.6011996584226544,-1.7797616823121036,1.181167885598446,-0.1833140514191323,0.8400324077634679,-0.7608427506344014,3.765299532065227,0.009426574077564162,-2.502756475384075,-3.5690467079959625,2.2250374434421936,7.792477072298222,-4.2576673101546545,-0.5330077295667305
TCGA-B0-5098-11,-1.780017223165295,-3.5301502152964077,-0.022603019011218254,4.2806766305434,-0.10253535630000543,-0.15319951062958853,0.18381871256011137,0.023637054160121882,0.007026372282629225,-0.3632614713447494,-0.23703591730672233,0.0347116735913488,0.7862642677818741,-2.014644406846854,-2.8915924051861426
TCGA-B0-5109-11,-0.4939313873567736,-5.084934323831198,0.17510107093767657,0.2925298346102874,-0.03689084418857183,-0.050172477408870333,0.008840593482755505,-0.09877222112326403,0.0022490411833562102,0.35687208908219054,0.024875855866278006,-0.013600134473210797,0.4834689920986931,-1.0513150072463415,1.3760187644805946
TCGA-B0-4848-11,0.5660326549265015,-1.820306891539813,0.7816152008052552,-0.17943256861930337,-0.08979548249565321,-0.22479764233907099,0.015615478420956052,0.9173568402640024,-0.0007882869651294142,-0.13779675075561426,-0.08057808577825998,0.010496527645076838,0.38055672958944875,-0.5574014850800326,1.7302612676412679
TCGA-BP-5180-11,2.1375562589641652,0.9147213355804257,1.5855856902864534,-1.0902969748505658,0.13997525906891237,0.09552577661210207,-0.128810733150867,-0.658160052138403,-0.022730884914038123,0.07569936979733695,0.15475293607109308,0.029369371255449916,-0.9989986833493025,-0.04171935463154557,1.3967593060994303
TCGA-B0-4823-11,-2.0410278856335577,-1.777203785844981,-1.8236011820464293,0.7933524988513496,-0.2532608563805811,-0.019073497426842324,0.026456270225465924,0.22221335140804965,-0.01587210126542329,0.431382269711807,-0.037423525791698393,0.038143046141179936,0.7642229417737032,-1.666295688345375,1.5614092490545657
TCGA-B2-5641-11,-2.534278571288655,2.384617712343798,-1.3044610850125762,0.00803688740878182,0.15403102664424626,0.5434045342004448,-0.8269575880506713,-0.0005975007139978685,-0.41009013712770287,0.5304193253170809,1.3999717341779552,-0.9927276821721626,1.104255530415077,-2.4227347735341738,-1.226448828928329
TCGA-CZ-5452-11,-3.351460033336446,2.292008377303476,-3.0119367269480897,-1.8367387153468349,0.07284963492072202,0.10674655087821731,0.06657061144636287,-0.6655453913056985,0.002352304964450395,0.4415382003974337,0.12056446930852306,-0.025702462098583855,-0.9793186160061871,-0.15856818953826338,0.23518761593099277
TCGA-B0-5694-11,0.9586641316015855,-2.6226553272657567,1.6060916936032927,2.1771042417491415,0.37157463514212125,0.03819610714762303,-0.1584891509810512,0.14581029659723224,-0.17865989753043476,-0.20214660832825407,-0.6424769268072943,1.0945424528226089,1.4008565477223751,-1.8059598001038872,-0.9562595294827051
TCGA-B0-5096-11,1.234090511908398,0.6767715933952471,1.3821766257989143,-1.204895461578789,-0.12193378434090442,-0.11177595288474325,-0.03748217039320503,0.4005758647191846,-0.001736368070761733,0.29409202464314826,0.10587582384609508,0.006215798269609172,0.1441330647999677,-0.8554584317418924,-3.1275784306937755
TCGA-B0-4810-11,0.45950270355562683,1.9204561340283026,-0.278376553335526,-3.8173988355401645,-0.10430789745767094,-0.31098552059058304,0.17650192381935964,-0.5846391419462635,0.016362058553335158,-0.1388971810824297,-0.24199548973918455,-0.022155311180947674,0.1423995288921457,1.264505749815714,1.3719249335807062
TCGA-B0-4714-11,0.3349106883274218,-0.6146503972868904,0.7507267558007952,2.0347697531065965,0.08507555448325752,0.2055064061063937,-0.09165987515756124,1.1072276395180247,-0.00918712383025838,-0.0984263036582275,0.11484466699003473,-0.00958328534605184,-0.5674068171817811,0.1393657207450235,1.7632090988164446
TCGA-CZ-5453-11,-2.674960908868817,1.3828196007409417,-2.376068269555334,-0.007553497315550393,0.00047537099771125673,-0.12810112964356604,-0.0035191187904864986,-0.30122197121338123,0.0038645121225151157,0.0552068119376738,0.16224536498382183,-0.03200292157316899,-1.5741540617577796,0.42513732585986164,0.7475230894327385
TCGA-B0-5110-11,1.9567218589564266,0.13093838483991638,-0.08181900203604892,-0.680767095315202,-0.1340231930740812,-0.051059908363570126,0.041990529425379994,-0.03703569203356157,0.004756753053270479,0.3381997326346463,0.011801026976389224,0.02351474628686026,1.1068214134456487,-1.503095509896023,-3.4383537380297664
TCGA-B0-4828-11,-1.673627149029237,0.3465622738259053,-0.8356158197708194,1.263474279620167,-0.008000428626724525,0.06905880556095,-0.11498659572684607,1.4421009404581908,-0.009332036983583699,-0.404881812009941,0.045349151423230476,0.0022310525492710716,-0.33573216198771033,0.46647335166105214,1.710155659509023
TCGA-B0-4821-11,-0.6721040038958033,-4.317193769668973,-1.3852924234635684,0.24990186015645677,-0.09277880347079859,0.06891400294018207,-0.13087439668213457,-0.4440414953158147,-0.04341767888672892,0.33005810926936024,0.02730266015685392,0.05115896970998396,-0.4296345673545281,-0.09505668989981744,-3.3360080683016635
TCGA-B0-5102-11,1.3315872597241276,0.9336880131930393,0.7978365822859121,-0.7447580709542896,-0.09182068324211189,-0.042881272893794474,0.16403413644444853,0.2507293962826638,0.04340055917242998,0.364936361629791,0.008069419862715399,-0.0340966168854219,0.8444217810955686,-1.2079671334959017,-3.528566563742722
TCGA-B0-4849-11,1.0404117958043166,0.8048272378837524,2.4082118660974183,-0.7481712971244401,0.3102624554111411,0.43875204113430694,-0.11344299600853973,0.4463528610504607,-0.01106229902242396,-0.03454728011229267,0.23740820523091846,-0.014646092767661802,-0.21501310324593573,-0.23591861723484187,1.4912420108366342
TCGA-CW-5587-11,2.404244995686187,0.34607408982248006,1.8792562247813949,-0.6496979948971068,0.010011976064397124,-0.2785017048070702,0.27343208515722167,0.20230422577886537,0.13507306212395992,0.261524280487284,0.9473448383718092,-0.4554847727586215,1.004272172624963,0.461892305706375,0.06957543744768319
TCGA-CZ-5459-11,1.1023694514638107,-2.1810892936570494,0.6635333985330801,-0.3446223794816625,0.24643780914122107,0.3883436532852458,-0.33770227532089014,-0.38266303981364497,-0.07382712852803713,0.40031508741340116,0.22838783762125783,0.038841233208731965,-1.355473274714269,0.42893030555102324,1.3728393561307595
TCGA-CZ-5454-11,-2.8069968308977016,1.837340091150445,-2.549098092775194,-1.6488718285752901,-0.0614957448057669,-0.17511835666770387,-0.005242999973352267,-0.47908273544565344,-0.008770130543254071,0.46102796545641106,0.24621618470739604,-0.02964704948332101,-1.4022764639360208,-0.19257404236713427,0.1498928931284916
TCGA-B0-5703-11,-0.9300186280329763,0.5172494190595471,-0.1828847136308863,-0.8274635131925162,0.07885363678288354,0.17182411729046268,1.354784708252414,0.808277829904536,0.4038855340526066,-1.1740305399313011,-1.2640508202407699,0.38435656629905923,-5.573168229891101,3.1830912610501443,1.822589592573487
TCGA-CZ-4853-11,-2.185858556087716,1.221116635973089,-1.8425115358895388,1.114108275912988,-0.010636418605433283,-0.05441208775646493,0.08468939067061466,-0.28129371720376456,0.000797056572178846,-0.016130930895819656,0.0031481662529459346,-0.012449078505248533,-0.5161934265657151,-0.06455745154236163,1.6112780044607864
TCGA-BP-4770-11,0.8571026018875566,-1.580104387295647,0.8153519397530781,0.6203034220212265,0.09837501531536083,0.1712119390579968,-0.035205104296150064,-0.15122132314317277,-0.012123908446919318,-0.029459416421479402,-0.2966084447597468,0.025005532894837503,0.9208383595177929,1.8713901587614366,-3.1414440102154195
TCGA-B0-4688-11,-2.75534071828705,-1.4200409238235103,-1.053139420438579,-1.0175071313435018,-0.045554826433722266,-0.3147575592173881,0.0582864364203979,1.144802651476684,0.010360161923205704,-0.2546258411491583,-0.11691269558117229,-0.007170171487889328,-0.4058028680603913,-0.30631505270428183,1.6576318037010012
