Factor,View,Feature_Name,Raw_Weight,Absolute_Weight,Rank
Factor_1,CNV,SLC45A4_cnv,-1.1091378796006264e-07,1.1091378796006264e-07,1
Factor_1,CNV,RNA5SP278_cnv,-1.1091378796006264e-07,1.1091378796006264e-07,2
Factor_1,CNV,PTK2_cnv,-1.1091378796006264e-07,1.1091378796006264e-07,3
Factor_1,CNV,MIR151A_cnv,-1.1091378796006264e-07,1.1091378796006264e-07,4
Factor_1,CNV,DENND3_cnv,-1.1091378796006264e-07,1.1091378796006264e-07,5
Factor_1,CNV,AGO2_cnv,-1.1091378796006264e-07,1.1091378796006264e-07,6
Factor_1,CNV,KCNK9_cnv,-1.1091378796006264e-07,1.1091378796006264e-07,7
Factor_1,CNV,SCRIB_cnv,-1.0937650685558224e-07,1.0937650685558224e-07,8
Factor_1,CNV,SPATC1_cnv,-1.0937650685558224e-07,1.0937650685558224e-07,9
Factor_1,CNV,MIR661_cnv,-1.0937650685558224e-07,1.0937650685558224e-07,10
Factor_1,CNV,PARP10_cnv,-1.0937650685558224e-07,1.0937650685558224e-07,11
Factor_1,CNV,GRINA_cnv,-1.0937650685558224e-07,1.0937650685558224e-07,12
Factor_1,CNV,OPLAH_cnv,-1.0937650685558224e-07,1.0937650685558224e-07,13
Factor_1,CNV,EPPK1_cnv,-1.0937650685558224e-07,1.0937650685558224e-07,14
Factor_1,CNV,EXOSC4_cnv,-1.0937650685558224e-07,1.0937650685558224e-07,15
Factor_1,CNV,MAFA_cnv,-1.0937650685558224e-07,1.0937650685558224e-07,16
Factor_1,CNV,RHPN1_cnv,-1.0937650685558224e-07,1.0937650685558224e-07,17
Factor_1,CNV,TOP1MT_cnv,-1.0937650685558224e-07,1.0937650685558224e-07,18
Factor_1,CNV,ZNF696_cnv,-1.0937650685558224e-07,1.0937650685558224e-07,19
Factor_1,CNV,GLI4_cnv,-1.0937650685558224e-07,1.0937650685558224e-07,20
Factor_1,CNV,ZFP41_cnv,-1.0937650685558224e-07,1.0937650685558224e-07,21
Factor_1,CNV,GPIHBP1_cnv,-1.0937650685558224e-07,1.0937650685558224e-07,22
Factor_1,CNV,LY6H_cnv,-1.0937650685558224e-07,1.0937650685558224e-07,23
Factor_1,CNV,PLEC_cnv,-1.0937650685558224e-07,1.0937650685558224e-07,24
Factor_1,CNV,ZC3H3_cnv,-1.0937650685558224e-07,1.0937650685558224e-07,25
Factor_1,CNV,NRBP2_cnv,-1.0937650685558224e-07,1.0937650685558224e-07,26
Factor_1,CNV,ZNF623_cnv,-1.0937650685558224e-07,1.0937650685558224e-07,27
Factor_1,CNV,MROH6_cnv,-1.0937650685558224e-07,1.0937650685558224e-07,28
Factor_1,CNV,EEF1D_cnv,-1.0937650685558224e-07,1.0937650685558224e-07,29
Factor_1,CNV,NAPRT1_cnv,-1.0937650685558224e-07,1.0937650685558224e-07,30
Factor_1,CNV,TIGD5_cnv,-1.0937650685558224e-07,1.0937650685558224e-07,31
Factor_1,CNV,PYCRL_cnv,-1.0937650685558224e-07,1.0937650685558224e-07,32
Factor_1,CNV,TSTA3_cnv,-1.0937650685558224e-07,1.0937650685558224e-07,33
Factor_1,CNV,CCDC166_cnv,-1.0937650685558224e-07,1.0937650685558224e-07,34
Factor_1,CNV,PUF60_cnv,-1.0937650685558224e-07,1.0937650685558224e-07,35
Factor_1,CNV,FAM83H_cnv,-1.0937650685558224e-07,1.0937650685558224e-07,36
Factor_1,CNV,MAPK15_cnv,-1.0937650685558224e-07,1.0937650685558224e-07,37
Factor_1,CNV,MIR4664_cnv,-1.0937650685558224e-07,1.0937650685558224e-07,38
Factor_1,CNV,ZNF707_cnv,-1.0937650685558224e-07,1.0937650685558224e-07,39
Factor_1,CNV,LY6E_cnv,-1.0937650685558224e-07,1.0937650685558224e-07,40
Factor_1,CNV,MIR937_cnv,-1.0937650685558224e-07,1.0937650685558224e-07,41
Factor_1,CNV,C8orf31_cnv,-1.0937650685558224e-07,1.0937650685558224e-07,42
Factor_1,CNV,GML_cnv,-1.0937650685558224e-07,1.0937650685558224e-07,43
Factor_1,CNV,GSDMD_cnv,-1.0937650685558224e-07,1.0937650685558224e-07,44
Factor_1,CNV,THEM6_cnv,-1.0937650685558224e-07,1.0937650685558224e-07,45
Factor_1,CNV,CHRAC1_cnv,-1.0937650685558224e-07,1.0937650685558224e-07,46
Factor_1,CNV,CASC7_cnv,-1.0937650685558224e-07,1.0937650685558224e-07,47
Factor_1,CNV,C8orf17_cnv,-1.0937650685558224e-07,1.0937650685558224e-07,48
Factor_1,CNV,JRK_cnv,-1.0937650685558224e-07,1.0937650685558224e-07,49
Factor_1,CNV,PSCA_cnv,-1.0937650685558224e-07,1.0937650685558224e-07,50
Factor_1,CNV,LY6K_cnv,-1.0937650685558224e-07,1.0937650685558224e-07,51
Factor_1,CNV,CYP11B2_cnv,-1.0937650685558224e-07,1.0937650685558224e-07,52
Factor_1,CNV,SLURP1_cnv,-1.0937650685558224e-07,1.0937650685558224e-07,53
Factor_1,CNV,LYPD2_cnv,-1.0937650685558224e-07,1.0937650685558224e-07,54
Factor_1,CNV,LY6D_cnv,-1.0937650685558224e-07,1.0937650685558224e-07,55
Factor_1,CNV,LYNX1_cnv,-1.0937650685558224e-07,1.0937650685558224e-07,56
Factor_1,CNV,7SK|ENSG00000254144.2_cnv,-1.0937650685558224e-07,1.0937650685558224e-07,57
Factor_1,CNV,CYP11B1_cnv,-1.0937650685558224e-07,1.0937650685558224e-07,58
Factor_1,CNV,NSMCE2_cnv,-9.87428741421635e-08,9.87428741421635e-08,59
Factor_1,CNV,KIAA0196_cnv,-9.87428741421635e-08,9.87428741421635e-08,60
Factor_1,CNV,ZFAT_cnv,-9.605567803261808e-08,9.605567803261808e-08,61
Factor_1,CNV,ASAP1_cnv,-9.122048775894883e-08,9.122048775894883e-08,62
Factor_1,CNV,MIR5194_cnv,-9.122048775894883e-08,9.122048775894883e-08,63
Factor_1,CNV,FAM49B_cnv,-9.122048775894883e-08,9.122048775894883e-08,64
Factor_1,CNV,KHDRBS3_cnv,-9.109459032392553e-08,9.109459032392553e-08,65
Factor_1,CNV,GSDMC_cnv,-8.456225164796513e-08,8.456225164796513e-08,66
Factor_1,CNV,CCDC26_cnv,-8.4476588099159e-08,8.4476588099159e-08,67
Factor_1,CNV,SLA_cnv,-8.105645614605819e-08,8.105645614605819e-08,68
Factor_1,CNV,CASC8_cnv,-8.051036856287e-08,8.051036856287e-08,69
Factor_1,CNV,SNORA25|ENSG00000251744.1_cnv,-7.807369614864197e-08,7.807369614864197e-08,70
Factor_1,CNV,SNORA12|ENSG00000212342.1_cnv,-7.701782672388223e-08,7.701782672388223e-08,71
Factor_1,CNV,ADCY8_cnv,-7.701782672388223e-08,7.701782672388223e-08,72
Factor_1,CNV,OC90_cnv,-7.701782672388223e-08,7.701782672388223e-08,73
Factor_1,CNV,SNORA25|ENSG00000200075.1_cnv,-7.701782672388223e-08,7.701782672388223e-08,74
Factor_1,CNV,HHLA1_cnv,-7.701782672388223e-08,7.701782672388223e-08,75
Factor_1,CNV,KCNQ3_cnv,-7.701782672388223e-08,7.701782672388223e-08,76
Factor_1,CNV,HPYR1_cnv,-7.701782672388223e-08,7.701782672388223e-08,77
Factor_1,CNV,LRRC6_cnv,-7.701782672388223e-08,7.701782672388223e-08,78
Factor_1,CNV,TMEM71_cnv,-7.701782672388223e-08,7.701782672388223e-08,79
Factor_1,CNV,FAM91A1_cnv,-7.701782672388223e-08,7.701782672388223e-08,80
Factor_1,CNV,NDRG1_cnv,-7.701782672388223e-08,7.701782672388223e-08,81
Factor_1,CNV,snoU13|ENSG00000238422.1_cnv,-7.701782672388223e-08,7.701782672388223e-08,82
Factor_1,CNV,TRMT12_cnv,-7.701782672388223e-08,7.701782672388223e-08,83
Factor_1,CNV,TMEM65_cnv,-7.701782672388223e-08,7.701782672388223e-08,84
Factor_1,CNV,FER1L6_cnv,-7.701782672388223e-08,7.701782672388223e-08,85
Factor_1,CNV,ANXA13_cnv,-7.701782672388223e-08,7.701782672388223e-08,86
Factor_1,CNV,KLHL38_cnv,-7.701782672388223e-08,7.701782672388223e-08,87
Factor_1,CNV,RN7SKP155_cnv,-7.701782672388223e-08,7.701782672388223e-08,88
Factor_1,CNV,FBXO32_cnv,-7.701782672388223e-08,7.701782672388223e-08,89
Factor_1,CNV,WDYHV1_cnv,-7.701782672388223e-08,7.701782672388223e-08,90
Factor_1,CNV,MIR548AA1_cnv,-7.701782672388223e-08,7.701782672388223e-08,91
Factor_1,CNV,ATAD2_cnv,-7.701782672388223e-08,7.701782672388223e-08,92
Factor_1,CNV,ZHX1_cnv,-7.701782672388223e-08,7.701782672388223e-08,93
Factor_1,CNV,MIR3686_cnv,-7.701782672388223e-08,7.701782672388223e-08,94
Factor_1,CNV,C8orf76_cnv,-7.701782672388223e-08,7.701782672388223e-08,95
Factor_1,CNV,MIR4663_cnv,-7.701782672388223e-08,7.701782672388223e-08,96
Factor_1,CNV,U3|ENSG00000221461.1_cnv,-7.701782672388223e-08,7.701782672388223e-08,97
Factor_1,CNV,FAM83A_cnv,-7.701782672388223e-08,7.701782672388223e-08,98
Factor_1,CNV,TBC1D31_cnv,-7.701782672388223e-08,7.701782672388223e-08,99
Factor_1,CNV,RNY4P5_cnv,-7.701782672388223e-08,7.701782672388223e-08,100
Factor_2,CNV,ITPKB_cnv,0.033183529709846546,0.033183529709846546,1
Factor_2,CNV,CDKN2B_cnv,-0.03270419682911093,0.03270419682911093,2
Factor_2,CNV,CDKN2A_cnv,-0.03270419682911093,0.03270419682911093,3
Factor_2,CNV,C9orf53_cnv,-0.032080073080694396,0.032080073080694396,4
Factor_2,CNV,RN7SL5P_cnv,-0.0310519744604407,0.0310519744604407,5
Factor_2,CNV,CDC42BPA_cnv,0.03082102234285412,0.03082102234285412,6
Factor_2,CNV,MEG9_cnv,-0.030697180467150302,0.030697180467150302,7
Factor_2,CNV,TRIM17_cnv,0.03066473532702003,0.03066473532702003,8
Factor_2,CNV,RNA5S10_cnv,0.03066473532702003,0.03066473532702003,9
Factor_2,CNV,ARF1_cnv,0.03066473532702003,0.03066473532702003,10
Factor_2,CNV,WNT9A_cnv,0.03066473532702003,0.03066473532702003,11
Factor_2,CNV,PRSS38_cnv,0.03066473532702003,0.03066473532702003,12
Factor_2,CNV,SNAP47_cnv,0.03066473532702003,0.03066473532702003,13
Factor_2,CNV,JMJD4_cnv,0.03066473532702003,0.03066473532702003,14
Factor_2,CNV,RNA5SP77_cnv,0.03066473532702003,0.03066473532702003,15
Factor_2,CNV,RHOU_cnv,0.03066473532702003,0.03066473532702003,16
Factor_2,CNV,HIST3H3_cnv,0.03066473532702003,0.03066473532702003,17
Factor_2,CNV,TMEM78_cnv,0.03066473532702003,0.03066473532702003,18
Factor_2,CNV,ZNF678_cnv,0.03066473532702003,0.03066473532702003,19
Factor_2,CNV,MIR3620_cnv,0.03066473532702003,0.03066473532702003,20
Factor_2,CNV,C1orf35_cnv,0.03066473532702003,0.03066473532702003,21
Factor_2,CNV,MRPL55_cnv,0.03066473532702003,0.03066473532702003,22
Factor_2,CNV,GJC2_cnv,0.03066473532702003,0.03066473532702003,23
Factor_2,CNV,GUK1_cnv,0.03066473532702003,0.03066473532702003,24
Factor_2,CNV,MIR4666A_cnv,0.03066473532702003,0.03066473532702003,25
Factor_2,CNV,TRIM11_cnv,0.03066473532702003,0.03066473532702003,26
Factor_2,CNV,HIST3H2BB_cnv,0.03066473532702003,0.03066473532702003,27
Factor_2,CNV,RNA5S3_cnv,0.03066473532702003,0.03066473532702003,28
Factor_2,CNV,HIST3H2A_cnv,0.03066473532702003,0.03066473532702003,29
Factor_2,CNV,RNA5S12_cnv,0.03066473532702003,0.03066473532702003,30
Factor_2,CNV,RNA5S13_cnv,0.03066473532702003,0.03066473532702003,31
Factor_2,CNV,RNA5S14_cnv,0.03066473532702003,0.03066473532702003,32
Factor_2,CNV,RNA5S15_cnv,0.03066473532702003,0.03066473532702003,33
Factor_2,CNV,RNA5S16_cnv,0.03066473532702003,0.03066473532702003,34
Factor_2,CNV,RNA5S17_cnv,0.03066473532702003,0.03066473532702003,35
Factor_2,CNV,RNA5S1_cnv,0.03066473532702003,0.03066473532702003,36
Factor_2,CNV,RNA5S2_cnv,0.03066473532702003,0.03066473532702003,37
Factor_2,CNV,RNA5S4_cnv,0.03066473532702003,0.03066473532702003,38
Factor_2,CNV,IBA57_cnv,0.03066473532702003,0.03066473532702003,39
Factor_2,CNV,RNA5S5_cnv,0.03066473532702003,0.03066473532702003,40
Factor_2,CNV,RNA5S6_cnv,0.03066473532702003,0.03066473532702003,41
Factor_2,CNV,RNA5S7_cnv,0.03066473532702003,0.03066473532702003,42
Factor_2,CNV,RNA5S8_cnv,0.03066473532702003,0.03066473532702003,43
Factor_2,CNV,RNA5S9_cnv,0.03066473532702003,0.03066473532702003,44
Factor_2,CNV,RNA5SP18_cnv,0.03066473532702003,0.03066473532702003,45
Factor_2,CNV,RNA5SP19_cnv,0.03066473532702003,0.03066473532702003,46
Factor_2,CNV,RNF187_cnv,0.03066473532702003,0.03066473532702003,47
Factor_2,CNV,SNORA51|ENSG00000206878.1_cnv,0.03066473532702003,0.03066473532702003,48
Factor_2,CNV,C1orf148_cnv,0.03066473532702003,0.03066473532702003,49
Factor_2,CNV,WNT3A_cnv,0.03066473532702003,0.03066473532702003,50
Factor_2,CNV,C1orf145_cnv,0.03066473532702003,0.03066473532702003,51
Factor_2,CNV,RNA5S11_cnv,0.03066473532702003,0.03066473532702003,52
Factor_2,CNV,OBSCN_cnv,0.03066473532702003,0.03066473532702003,53
Factor_2,CNV,RAB4A_cnv,0.03066473532702003,0.03066473532702003,54
Factor_2,CNV,SPHAR_cnv,0.03066473532702003,0.03066473532702003,55
Factor_2,CNV,CCSAP_cnv,0.03066473532702003,0.03066473532702003,56
Factor_2,CNV,MIR5008_cnv,0.03066473532702003,0.03066473532702003,57
Factor_2,CNV,BTNL10_cnv,0.03066473532702003,0.03066473532702003,58
Factor_2,CNV,BROX_cnv,0.030589838683291137,0.030589838683291137,59
Factor_2,CNV,AIDA_cnv,0.030589838683291137,0.030589838683291137,60
Factor_2,CNV,ESRRG_cnv,0.030589838683291137,0.030589838683291137,61
Factor_2,CNV,MARK1_cnv,0.030589838683291137,0.030589838683291137,62
Factor_2,CNV,RN7SL464P_cnv,0.030589838683291137,0.030589838683291137,63
Factor_2,CNV,HDAC1P2_cnv,0.030589838683291137,0.030589838683291137,64
Factor_2,CNV,C1orf115_cnv,0.030589838683291137,0.030589838683291137,65
Factor_2,CNV,MARC2_cnv,0.030589838683291137,0.030589838683291137,66
Factor_2,CNV,MARC1_cnv,0.030589838683291137,0.030589838683291137,67
Factor_2,CNV,DISP1_cnv,0.030589838683291137,0.030589838683291137,68
Factor_2,CNV,SNORA36B_cnv,0.030589838683291137,0.030589838683291137,69
Factor_2,CNV,HLX_cnv,0.030589838683291137,0.030589838683291137,70
Factor_2,CNV,DUSP10_cnv,0.030589838683291137,0.030589838683291137,71
Factor_2,CNV,RN7SL276P_cnv,0.030589838683291137,0.030589838683291137,72
Factor_2,CNV,MIA3_cnv,0.030589838683291137,0.030589838683291137,73
Factor_2,CNV,RNU6ATAC35P_cnv,0.030589838683291137,0.030589838683291137,74
Factor_2,CNV,SPATA17_cnv,0.030589838683291137,0.030589838683291137,75
Factor_2,CNV,LINC00210_cnv,0.030589838683291137,0.030589838683291137,76
Factor_2,CNV,U3|ENSG00000221673.1_cnv,0.030589838683291137,0.030589838683291137,77
Factor_2,CNV,MIR215_cnv,0.030589838683291137,0.030589838683291137,78
Factor_2,CNV,IARS2_cnv,0.030589838683291137,0.030589838683291137,79
Factor_2,CNV,BPNT1_cnv,0.030589838683291137,0.030589838683291137,80
Factor_2,CNV,snoU13|ENSG00000238798.1_cnv,0.030589838683291137,0.030589838683291137,81
Factor_2,CNV,EPRS_cnv,0.030589838683291137,0.030589838683291137,82
Factor_2,CNV,C1orf65_cnv,0.030589838683291137,0.030589838683291137,83
Factor_2,CNV,SUSD4_cnv,0.030589838683291137,0.030589838683291137,84
Factor_2,CNV,RNA5SP76_cnv,0.030589838683291137,0.030589838683291137,85
Factor_2,CNV,RRP15_cnv,0.030589838683291137,0.030589838683291137,86
Factor_2,CNV,LYPLAL1_cnv,0.030589838683291137,0.030589838683291137,87
Factor_2,CNV,U3|ENSG00000212610.1_cnv,0.030589838683291137,0.030589838683291137,88
Factor_2,CNV,TLR5_cnv,0.030589838683291137,0.030589838683291137,89
Factor_2,CNV,RAB3GAP2_cnv,0.030589838683291137,0.030589838683291137,90
Factor_2,CNV,C1orf143_cnv,0.030589838683291137,0.030589838683291137,91
Factor_2,CNV,snoU13|ENSG00000239054.1_cnv,0.030589838683291137,0.030589838683291137,92
Factor_2,CNV,TGFB2_cnv,0.030589838683291137,0.030589838683291137,93
Factor_2,CNV,snoU13|ENSG00000238576.1_cnv,0.030589838683291137,0.030589838683291137,94
Factor_2,CNV,FAM177B_cnv,0.030589838683291137,0.030589838683291137,95
Factor_2,CNV,ADCK3_cnv,0.030589838683291137,0.030589838683291137,96
Factor_2,CNV,snoU13|ENSG00000238545.1_cnv,0.030589838683291137,0.030589838683291137,97
Factor_2,CNV,snoU13|ENSG00000239094.1_cnv,0.030589838683291137,0.030589838683291137,98
Factor_2,CNV,PARP1_cnv,0.030589838683291137,0.030589838683291137,99
Factor_2,CNV,RN7SKP165_cnv,0.030589838683291137,0.030589838683291137,100
Factor_3,CNV,CALB2_cnv,-0.28861776846473886,0.28861776846473886,1
Factor_3,CNV,MET_cnv,-0.28542917524814365,0.28542917524814365,2
Factor_3,CNV,NUP93_cnv,-0.28492309743493477,0.28492309743493477,3
Factor_3,CNV,GPR56_cnv,-0.28480547350049534,0.28480547350049534,4
Factor_3,CNV,ZFHX3_cnv,-0.2845488715161438,0.2845488715161438,5
Factor_3,CNV,TSRM_cnv,-0.284278072839917,0.284278072839917,6
Factor_3,CNV,FOXP2_cnv,-0.284278072839917,0.284278072839917,7
Factor_3,CNV,RNA5SP238_cnv,-0.284278072839917,0.284278072839917,8
Factor_3,CNV,MIR3666_cnv,-0.284278072839917,0.284278072839917,9
Factor_3,CNV,MDFIC_cnv,-0.284278072839917,0.284278072839917,10
Factor_3,CNV,ANKRD7_cnv,-0.2840555103468336,0.2840555103468336,11
Factor_3,CNV,NAA38_cnv,-0.2840555103468336,0.2840555103468336,12
Factor_3,CNV,SNORA25|ENSG00000202377.1_cnv,-0.2840555103468336,0.2840555103468336,13
Factor_3,CNV,CDK6_cnv,-0.2840210540800662,0.2840210540800662,14
Factor_3,CNV,GNGT1_cnv,-0.2840210540800662,0.2840210540800662,15
Factor_3,CNV,PPP1R3A_cnv,-0.28399514837833106,0.28399514837833106,16
Factor_3,CNV,KATNB1_cnv,-0.2837903276811561,0.2837903276811561,17
Factor_3,CNV,CCDC135_cnv,-0.2837903276811561,0.2837903276811561,18
Factor_3,CNV,KIFC3_cnv,-0.2837903276811561,0.2837903276811561,19
Factor_3,CNV,CNGB1_cnv,-0.2837903276811561,0.2837903276811561,20
Factor_3,CNV,USB1_cnv,-0.2837903276811561,0.2837903276811561,21
Factor_3,CNV,GPR97_cnv,-0.2837903276811561,0.2837903276811561,22
Factor_3,CNV,MMP15_cnv,-0.2837903276811561,0.2837903276811561,23
Factor_3,CNV,C16orf80_cnv,-0.2837903276811561,0.2837903276811561,24
Factor_3,CNV,CSNK2A2_cnv,-0.2837903276811561,0.2837903276811561,25
Factor_3,CNV,ZNF319_cnv,-0.2837903276811561,0.2837903276811561,26
Factor_3,CNV,RN7SL645P_cnv,-0.2837903276811561,0.2837903276811561,27
Factor_3,CNV,CCDC113_cnv,-0.2837903276811561,0.2837903276811561,28
Factor_3,CNV,TEPP_cnv,-0.2837903276811561,0.2837903276811561,29
Factor_3,CNV,EIF2AK1_cnv,-0.28313886839282876,0.28313886839282876,30
Factor_3,CNV,ZNF815P_cnv,-0.28313886839282876,0.28313886839282876,31
Factor_3,CNV,CCZ1_cnv,-0.28313886839282876,0.28313886839282876,32
Factor_3,CNV,OCM_cnv,-0.28313886839282876,0.28313886839282876,33
Factor_3,CNV,PMS2_cnv,-0.28313886839282876,0.28313886839282876,34
Factor_3,CNV,RN7SL556P_cnv,-0.28313886839282876,0.28313886839282876,35
Factor_3,CNV,RNF216_cnv,-0.28313886839282876,0.28313886839282876,36
Factor_3,CNV,RSPH10B_cnv,-0.28313886839282876,0.28313886839282876,37
Factor_3,CNV,SNORA48|ENSG00000212445.1_cnv,-0.28294159796603274,0.28294159796603274,38
Factor_3,CNV,PLA2G15_cnv,-0.28294159796603274,0.28294159796603274,39
Factor_3,CNV,SLC7A6_cnv,-0.28294159796603274,0.28294159796603274,40
Factor_3,CNV,SLC7A6OS_cnv,-0.28294159796603274,0.28294159796603274,41
Factor_3,CNV,PRMT7_cnv,-0.28294159796603274,0.28294159796603274,42
Factor_3,CNV,snoU13|ENSG00000238343.1_cnv,-0.28294159796603274,0.28294159796603274,43
Factor_3,CNV,snoU109|ENSG00000252040.1_cnv,-0.28294159796603274,0.28294159796603274,44
Factor_3,CNV,SMPD3_cnv,-0.28294159796603274,0.28294159796603274,45
Factor_3,CNV,ZFP90_cnv,-0.28294159796603274,0.28294159796603274,46
Factor_3,CNV,snoU109|ENSG00000252640.1_cnv,-0.28294159796603274,0.28294159796603274,47
Factor_3,CNV,CDH3_cnv,-0.28294159796603274,0.28294159796603274,48
Factor_3,CNV,CDH1_cnv,-0.28294159796603274,0.28294159796603274,49
Factor_3,CNV,RNA5SP429_cnv,-0.28294159796603274,0.28294159796603274,50
Factor_3,CNV,ESRP2_cnv,-0.28294159796603274,0.28294159796603274,51
Factor_3,CNV,PSKH1_cnv,-0.28294159796603274,0.28294159796603274,52
Factor_3,CNV,NFATC3_cnv,-0.28294159796603274,0.28294159796603274,53
Factor_3,CNV,DDX28_cnv,-0.28294159796603274,0.28294159796603274,54
Factor_3,CNV,TPPP3_cnv,-0.28294159796603274,0.28294159796603274,55
Factor_3,CNV,ZDHHC1_cnv,-0.28294159796603274,0.28294159796603274,56
Factor_3,CNV,HSD11B2_cnv,-0.28294159796603274,0.28294159796603274,57
Factor_3,CNV,ATP6V0D1_cnv,-0.28294159796603274,0.28294159796603274,58
Factor_3,CNV,AGRP_cnv,-0.28294159796603274,0.28294159796603274,59
Factor_3,CNV,FAM65A_cnv,-0.28294159796603274,0.28294159796603274,60
Factor_3,CNV,CTCF_cnv,-0.28294159796603274,0.28294159796603274,61
Factor_3,CNV,RLTPR_cnv,-0.28294159796603274,0.28294159796603274,62
Factor_3,CNV,ACD_cnv,-0.28294159796603274,0.28294159796603274,63
Factor_3,CNV,C16orf86_cnv,-0.28294159796603274,0.28294159796603274,64
Factor_3,CNV,ENKD1_cnv,-0.28294159796603274,0.28294159796603274,65
Factor_3,CNV,PARD6A_cnv,-0.28294159796603274,0.28294159796603274,66
Factor_3,CNV,GFOD2_cnv,-0.28294159796603274,0.28294159796603274,67
Factor_3,CNV,RANBP10_cnv,-0.28294159796603274,0.28294159796603274,68
Factor_3,CNV,TSNAXIP1_cnv,-0.28294159796603274,0.28294159796603274,69
Factor_3,CNV,CENPT_cnv,-0.28294159796603274,0.28294159796603274,70
Factor_3,CNV,THAP11_cnv,-0.28294159796603274,0.28294159796603274,71
Factor_3,CNV,NUTF2_cnv,-0.28294159796603274,0.28294159796603274,72
Factor_3,CNV,EDC4_cnv,-0.28294159796603274,0.28294159796603274,73
Factor_3,CNV,NRN1L_cnv,-0.28294159796603274,0.28294159796603274,74
Factor_3,CNV,CTRL_cnv,-0.28294159796603274,0.28294159796603274,75
Factor_3,CNV,PSMB10_cnv,-0.28294159796603274,0.28294159796603274,76
Factor_3,CNV,LCAT_cnv,-0.28294159796603274,0.28294159796603274,77
Factor_3,CNV,SLC12A4_cnv,-0.28294159796603274,0.28294159796603274,78
Factor_3,CNV,DPEP3_cnv,-0.28294159796603274,0.28294159796603274,79
Factor_3,CNV,DPEP2_cnv,-0.28294159796603274,0.28294159796603274,80
Factor_3,CNV,DUS2L_cnv,-0.28294159796603274,0.28294159796603274,81
Factor_3,CNV,LINC00922_cnv,-0.28294159796603274,0.28294159796603274,82
Factor_3,CNV,CDH11_cnv,-0.28294159796603274,0.28294159796603274,83
Factor_3,CNV,CES5A_cnv,-0.2826663036870514,0.2826663036870514,84
Factor_3,CNV,ASZ1_cnv,-0.2826505632855231,0.2826505632855231,85
Factor_3,CNV,WNT2_cnv,-0.2826505632855231,0.2826505632855231,86
Factor_3,CNV,TFEC_cnv,-0.2826505632855231,0.2826505632855231,87
Factor_3,CNV,TES_cnv,-0.2826505632855231,0.2826505632855231,88
Factor_3,CNV,CAV2_cnv,-0.2826505632855231,0.2826505632855231,89
Factor_3,CNV,snoZ185_cnv,-0.2826505632855231,0.2826505632855231,90
Factor_3,CNV,CAV1_cnv,-0.2826505632855231,0.2826505632855231,91
Factor_3,CNV,ZNF23_cnv,-0.2825050517092476,0.2825050517092476,92
Factor_3,CNV,CHST4_cnv,-0.2825050517092476,0.2825050517092476,93
Factor_3,CNV,PHLPP2_cnv,-0.2825050517092476,0.2825050517092476,94
Factor_3,CNV,VAC14_cnv,-0.2825050517092476,0.2825050517092476,95
Factor_3,CNV,SNORD112|ENSG00000251700.1_cnv,-0.2825050517092476,0.2825050517092476,96
Factor_3,CNV,SNORA70D_cnv,-0.2825050517092476,0.2825050517092476,97
Factor_3,CNV,AP1G1_cnv,-0.2825050517092476,0.2825050517092476,98
Factor_3,CNV,SNORD71_cnv,-0.2825050517092476,0.2825050517092476,99
Factor_3,CNV,ATXN1L_cnv,-0.2825050517092476,0.2825050517092476,100
Factor_4,CNV,CDKN2B_cnv,-0.1357096549254987,0.1357096549254987,1
Factor_4,CNV,CDKN2A_cnv,-0.1357096549254987,0.1357096549254987,2
Factor_4,CNV,C9orf53_cnv,-0.13533450858068158,0.13533450858068158,3
Factor_4,CNV,PTPRD_cnv,-0.1304502781929476,0.1304502781929476,4
Factor_4,CNV,MTAP_cnv,-0.12768543228409832,0.12768543228409832,5
Factor_4,CNV,RN7SL151P_cnv,-0.1248976619663506,0.1248976619663506,6
Factor_4,CNV,IFNE_cnv,-0.12405735941296486,0.12405735941296486,7
Factor_4,CNV,SNORD39|ENSG00000264379.1_cnv,-0.12405735941296486,0.12405735941296486,8
Factor_4,CNV,MIR31_cnv,-0.12405735941296486,0.12405735941296486,9
Factor_4,CNV,MIR31HG_cnv,-0.12405735941296486,0.12405735941296486,10
Factor_4,CNV,IFNA6_cnv,-0.1239377240424999,0.1239377240424999,11
Factor_4,CNV,IFNA5_cnv,-0.1239377240424999,0.1239377240424999,12
Factor_4,CNV,IFNA1_cnv,-0.1239377240424999,0.1239377240424999,13
Factor_4,CNV,IFNA17_cnv,-0.1239377240424999,0.1239377240424999,14
Factor_4,CNV,IFNA2_cnv,-0.1239377240424999,0.1239377240424999,15
Factor_4,CNV,IFNA14_cnv,-0.1239377240424999,0.1239377240424999,16
Factor_4,CNV,IFNA13_cnv,-0.1239377240424999,0.1239377240424999,17
Factor_4,CNV,IFNA8_cnv,-0.1239377240424999,0.1239377240424999,18
Factor_4,CNV,KLHL9_cnv,-0.1239377240424999,0.1239377240424999,19
Factor_4,CNV,DMRTA1_cnv,-0.12361100241517144,0.12361100241517144,20
Factor_4,CNV,FOCAD_cnv,-0.12309303585303544,0.12309303585303544,21
Factor_4,CNV,FAM154A_cnv,-0.12167089534672344,0.12167089534672344,22
Factor_4,CNV,RN7SL5P_cnv,-0.12098703663570448,0.12098703663570448,23
Factor_4,CNV,MIR491_cnv,-0.12095463283783324,0.12095463283783324,24
Factor_4,CNV,MLLT3_cnv,-0.12095463283783324,0.12095463283783324,25
Factor_4,CNV,IFNA7_cnv,-0.12054788225091133,0.12054788225091133,26
Factor_4,CNV,IFNA16_cnv,-0.12054788225091133,0.12054788225091133,27
Factor_4,CNV,IFNB1_cnv,-0.12054788225091133,0.12054788225091133,28
Factor_4,CNV,IFNA4_cnv,-0.12054788225091133,0.12054788225091133,29
Factor_4,CNV,IFNA21_cnv,-0.12054788225091133,0.12054788225091133,30
Factor_4,CNV,IFNW1_cnv,-0.12054788225091133,0.12054788225091133,31
Factor_4,CNV,IFNA10_cnv,-0.12054788225091133,0.12054788225091133,32
Factor_4,CNV,PTPLAD2_cnv,-0.12054788225091133,0.12054788225091133,33
Factor_4,CNV,SNORA30|ENSG00000202189.1_cnv,-0.12054788225091133,0.12054788225091133,34
Factor_4,CNV,snoU13|ENSG00000238348.1_cnv,-0.11984175494758337,0.11984175494758337,35
Factor_4,CNV,ELAVL2_cnv,-0.11983340490946817,0.11983340490946817,36
Factor_4,CNV,RPS6_cnv,-0.11959540990382786,0.11959540990382786,37
Factor_4,CNV,RRAGA_cnv,-0.1191772297073516,0.1191772297073516,38
Factor_4,CNV,HAUS6_cnv,-0.1191772297073516,0.1191772297073516,39
Factor_4,CNV,SCARNA8_cnv,-0.1191772297073516,0.1191772297073516,40
Factor_4,CNV,RN7SL158P_cnv,-0.1191772297073516,0.1191772297073516,41
Factor_4,CNV,PLIN2_cnv,-0.1191772297073516,0.1191772297073516,42
Factor_4,CNV,DENND4C_cnv,-0.1191772297073516,0.1191772297073516,43
Factor_4,CNV,NFIB_cnv,-0.11844748622834582,0.11844748622834582,44
Factor_4,CNV,ADAMTSL1_cnv,-0.1183777392719107,0.1183777392719107,45
Factor_4,CNV,MIR4473_cnv,-0.1183777392719107,0.1183777392719107,46
Factor_4,CNV,RN7SKP258_cnv,-0.1183777392719107,0.1183777392719107,47
Factor_4,CNV,MIR4474_cnv,-0.1183777392719107,0.1183777392719107,48
Factor_4,CNV,MIR3152_cnv,-0.1183777392719107,0.1183777392719107,49
Factor_4,CNV,ACER2_cnv,-0.1183777392719107,0.1183777392719107,50
Factor_4,CNV,SLC24A2_cnv,-0.1183777392719107,0.1183777392719107,51
Factor_4,CNV,TYRP1_cnv,-0.1183728105869435,0.1183728105869435,52
Factor_4,CNV,IZUMO3_cnv,-0.11770952486740413,0.11770952486740413,53
Factor_4,CNV,SNORD27|ENSG00000251699.1_cnv,-0.11761198819165213,0.11761198819165213,54
Factor_4,CNV,MPDZ_cnv,-0.11741911153637959,0.11741911153637959,55
Factor_4,CNV,LURAP1L_cnv,-0.11741911153637959,0.11741911153637959,56
Factor_4,CNV,RN7SL849P_cnv,-0.11741911153637959,0.11741911153637959,57
Factor_4,CNV,SH3GL2_cnv,-0.11705547098066561,0.11705547098066561,58
Factor_4,CNV,CNTLN_cnv,-0.11705547098066561,0.11705547098066561,59
Factor_4,CNV,RN7SL720P_cnv,-0.11705547098066561,0.11705547098066561,60
Factor_4,CNV,RN7SL157P_cnv,-0.11678635156512304,0.11678635156512304,61
Factor_4,CNV,LINGO2_cnv,-0.11649047932273633,0.11649047932273633,62
Factor_4,CNV,CER1_cnv,-0.11641215492194429,0.11641215492194429,63
Factor_4,CNV,FREM1_cnv,-0.11641215492194429,0.11641215492194429,64
Factor_4,CNV,ZDHHC21_cnv,-0.11641215492194429,0.11641215492194429,65
Factor_4,CNV,RN7SL98P_cnv,-0.11609808176997476,0.11609808176997476,66
Factor_4,CNV,PSIP1_cnv,-0.11609808176997476,0.11609808176997476,67
Factor_4,CNV,SNAPC3_cnv,-0.11609808176997476,0.11609808176997476,68
Factor_4,CNV,TTC39B_cnv,-0.11605249955256271,0.11605249955256271,69
Factor_4,CNV,CAAP1_cnv,-0.11528959492431884,0.11528959492431884,70
Factor_4,CNV,LINC00032_cnv,-0.11515839776386982,0.11515839776386982,71
Factor_4,CNV,C9orf92_cnv,-0.1149985544321075,0.1149985544321075,72
Factor_4,CNV,CCDC171_cnv,-0.11496785024113151,0.11496785024113151,73
Factor_4,CNV,LINC00583_cnv,-0.11482925934807534,0.11482925934807534,74
Factor_4,CNV,BNC2_cnv,-0.11469438055830791,0.11469438055830791,75
Factor_4,CNV,TUSC1_cnv,-0.11432874883731452,0.11432874883731452,76
Factor_4,CNV,SNORA31|ENSG00000252580.1_cnv,-0.11432874883731452,0.11432874883731452,77
Factor_4,CNV,RN7SL100P_cnv,-0.11432874883731452,0.11432874883731452,78
Factor_4,CNV,RN7SKP120_cnv,-0.11432874883731452,0.11432874883731452,79
Factor_4,CNV,RMRPP5_cnv,-0.11432874883731452,0.11432874883731452,80
Factor_4,CNV,MIR876_cnv,-0.11420758765333136,0.11420758765333136,81
Factor_4,CNV,MIR873_cnv,-0.11420758765333136,0.11420758765333136,82
Factor_4,CNV,EQTN_cnv,-0.11420758765333136,0.11420758765333136,83
Factor_4,CNV,MOB3B_cnv,-0.11420758765333136,0.11420758765333136,84
Factor_4,CNV,IFNK_cnv,-0.11420758765333136,0.11420758765333136,85
Factor_4,CNV,RNA5SP280_cnv,-0.11420758765333136,0.11420758765333136,86
Factor_4,CNV,TEK_cnv,-0.11420758765333136,0.11420758765333136,87
Factor_4,CNV,C9orf72_cnv,-0.11420758765333136,0.11420758765333136,88
Factor_4,CNV,snoU13|ENSG00000239155.1_cnv,-0.11280359996142811,0.11280359996142811,89
Factor_4,CNV,RNA5SP281_cnv,-0.11160187581357929,0.11160187581357929,90
Factor_4,CNV,ACO1_cnv,-0.11160187581357929,0.11160187581357929,91
Factor_4,CNV,DDX58_cnv,-0.11160187581357929,0.11160187581357929,92
Factor_4,CNV,TOPORS_cnv,-0.11160187581357929,0.11160187581357929,93
Factor_4,CNV,NDUFB6_cnv,-0.11160187581357929,0.11160187581357929,94
Factor_4,CNV,GVQW1_cnv,-0.11160187581357929,0.11160187581357929,95
Factor_4,CNV,TAF1L_cnv,-0.11160187581357929,0.11160187581357929,96
Factor_4,CNV,TMEM215_cnv,-0.11160187581357929,0.11160187581357929,97
Factor_4,CNV,ALDH1B1_cnv,-0.1114446749776589,0.1114446749776589,98
Factor_4,CNV,FAM201A_cnv,-0.1114446749776589,0.1114446749776589,99
Factor_4,CNV,ANKRD18A_cnv,-0.1114446749776589,0.1114446749776589,100
Factor_5,CNV,EGLN3_cnv,-0.08134062966959432,0.08134062966959432,1
Factor_5,CNV,CFL2_cnv,-0.08017227872211401,0.08017227872211401,2
Factor_5,CNV,RN7SL588P_cnv,-0.0799136870562625,0.0799136870562625,3
Factor_5,CNV,STYX_cnv,-0.0799136870562625,0.0799136870562625,4
Factor_5,CNV,PSMC6_cnv,-0.0799136870562625,0.0799136870562625,5
Factor_5,CNV,ERO1L_cnv,-0.0799136870562625,0.0799136870562625,6
Factor_5,CNV,GPR137C_cnv,-0.0799136870562625,0.0799136870562625,7
Factor_5,CNV,FERMT2_cnv,-0.0799136870562625,0.0799136870562625,8
Factor_5,CNV,GNPNAT1_cnv,-0.0799136870562625,0.0799136870562625,9
Factor_5,CNV,EAPP_cnv,-0.07967119981594072,0.07967119981594072,10
Factor_5,CNV,LRFN5_cnv,-0.07937285625238011,0.07937285625238011,11
Factor_5,CNV,SNORA31|ENSG00000251858.1_cnv,-0.07934134106907315,0.07934134106907315,12
Factor_5,CNV,SSTR1_cnv,-0.07930859422551763,0.07930859422551763,13
Factor_5,CNV,CLEC14A_cnv,-0.07930859422551763,0.07930859422551763,14
Factor_5,CNV,MIA2_cnv,-0.0792778025878957,0.0792778025878957,15
Factor_5,CNV,PNN_cnv,-0.0792778025878957,0.0792778025878957,16
Factor_5,CNV,SEC23A_cnv,-0.0792778025878957,0.0792778025878957,17
Factor_5,CNV,GEMIN2_cnv,-0.0792778025878957,0.0792778025878957,18
Factor_5,CNV,TRAPPC6B_cnv,-0.0792778025878957,0.0792778025878957,19
Factor_5,CNV,ABHD12B_cnv,-0.0792232348180024,0.0792232348180024,20
Factor_5,CNV,PYGL_cnv,-0.0792232348180024,0.0792232348180024,21
Factor_5,CNV,HECTD1_cnv,-0.0790771989709585,0.0790771989709585,22
Factor_5,CNV,AP4S1_cnv,-0.0790771989709585,0.0790771989709585,23
Factor_5,CNV,MIR624_cnv,-0.0790771989709585,0.0790771989709585,24
Factor_5,CNV,SNORA31|ENSG00000253059.1_cnv,-0.07896300356571206,0.07896300356571206,25
Factor_5,CNV,snoU13|ENSG00000238718.1_cnv,-0.07896300356571206,0.07896300356571206,26
Factor_5,CNV,NFKBIA_cnv,-0.07896300356571206,0.07896300356571206,27
Factor_5,CNV,BRMS1L_cnv,-0.07896300356571206,0.07896300356571206,28
Factor_5,CNV,PTCSC3_cnv,-0.07896300356571206,0.07896300356571206,29
Factor_5,CNV,RN7SKP21_cnv,-0.07896300356571206,0.07896300356571206,30
Factor_5,CNV,RALGAPA1_cnv,-0.07896300356571206,0.07896300356571206,31
Factor_5,CNV,DPPA3P2_cnv,-0.07896300356571206,0.07896300356571206,32
Factor_5,CNV,SPTSSA_cnv,-0.07896300356571206,0.07896300356571206,33
Factor_5,CNV,MBIP_cnv,-0.07896300356571206,0.07896300356571206,34
Factor_5,CNV,LINC00609_cnv,-0.07896300356571206,0.07896300356571206,35
Factor_5,CNV,INSM2_cnv,-0.07896300356571206,0.07896300356571206,36
Factor_5,CNV,PSMA6_cnv,-0.07896300356571206,0.07896300356571206,37
Factor_5,CNV,SFTA3_cnv,-0.07896300356571206,0.07896300356571206,38
Factor_5,CNV,RN7SKP257_cnv,-0.07896300356571206,0.07896300356571206,39
Factor_5,CNV,SNX6_cnv,-0.07896300356571206,0.07896300356571206,40
Factor_5,CNV,PAX9_cnv,-0.07896300356571206,0.07896300356571206,41
Factor_5,CNV,SLC25A21_cnv,-0.07896300356571206,0.07896300356571206,42
Factor_5,CNV,BAZ1A_cnv,-0.07896300356571206,0.07896300356571206,43
Factor_5,CNV,MIR4503_cnv,-0.07892994129493619,0.07892994129493619,44
Factor_5,CNV,RN7SL660P_cnv,-0.07892994129493619,0.07892994129493619,45
Factor_5,CNV,ARHGAP5_cnv,-0.07880475852382285,0.07880475852382285,46
Factor_5,CNV,HEATR5A_cnv,-0.07880475852382285,0.07880475852382285,47
Factor_5,CNV,NUBPL_cnv,-0.07880475852382285,0.07880475852382285,48
Factor_5,CNV,GPR33_cnv,-0.07880475852382285,0.07880475852382285,49
Factor_5,CNV,DTD2_cnv,-0.07880475852382285,0.07880475852382285,50
Factor_5,CNV,PRKD1_cnv,-0.07880475852382285,0.07880475852382285,51
Factor_5,CNV,G2E3_cnv,-0.07880475852382285,0.07880475852382285,52
Factor_5,CNV,STRN3_cnv,-0.07880475852382285,0.07880475852382285,53
Factor_5,CNV,SCFD1_cnv,-0.07880475852382285,0.07880475852382285,54
Factor_5,CNV,LINC00517_cnv,-0.07873825599814617,0.07873825599814617,55
Factor_5,CNV,TTC6_cnv,-0.07873825599814617,0.07873825599814617,56
Factor_5,CNV,FOXA1_cnv,-0.07873825599814617,0.07873825599814617,57
Factor_5,CNV,MIPOL1_cnv,-0.07873825599814617,0.07873825599814617,58
Factor_5,CNV,SNORA42|ENSG00000200385.1_cnv,-0.07873825599814617,0.07873825599814617,59
Factor_5,CNV,KLHL28_cnv,-0.07869297202902817,0.07869297202902817,60
Factor_5,CNV,TXNDC16_cnv,-0.07869297202902817,0.07869297202902817,61
Factor_5,CNV,PTGER2_cnv,-0.07869297202902817,0.07869297202902817,62
Factor_5,CNV,PTGDR_cnv,-0.07869297202902817,0.07869297202902817,63
Factor_5,CNV,NID2_cnv,-0.07869297202902817,0.07869297202902817,64
Factor_5,CNV,RPL10L_cnv,-0.07869297202902817,0.07869297202902817,65
Factor_5,CNV,MIS18BP1_cnv,-0.07869297202902817,0.07869297202902817,66
Factor_5,CNV,FAM179B_cnv,-0.07869297202902817,0.07869297202902817,67
Factor_5,CNV,SNORD127_cnv,-0.07869297202902817,0.07869297202902817,68
Factor_5,CNV,PRPF39_cnv,-0.07869297202902817,0.07869297202902817,69
Factor_5,CNV,FANCM_cnv,-0.07869297202902817,0.07869297202902817,70
Factor_5,CNV,FKBP3_cnv,-0.07869297202902817,0.07869297202902817,71
Factor_5,CNV,C14orf28_cnv,-0.07869297202902817,0.07869297202902817,72
Factor_5,CNV,SNORD58_cnv,-0.07869297202902817,0.07869297202902817,73
Factor_5,CNV,FSCB_cnv,-0.0786750015916689,0.0786750015916689,74
Factor_5,CNV,snoU13|ENSG00000238501.1_cnv,-0.0786750015916689,0.0786750015916689,75
Factor_5,CNV,CTAGE5_cnv,-0.07863188211892998,0.07863188211892998,76
Factor_5,CNV,FBXO33_cnv,-0.07863188211892998,0.07863188211892998,77
Factor_5,CNV,NPAS3_cnv,-0.07862765660558785,0.07862765660558785,78
Factor_5,CNV,PPP2R3C_cnv,-0.07848297114353806,0.07848297114353806,79
Factor_5,CNV,FAM177A1_cnv,-0.07848297114353806,0.07848297114353806,80
Factor_5,CNV,KIAA0391_cnv,-0.07848297114353806,0.07848297114353806,81
Factor_5,CNV,SRP54_cnv,-0.07848297114353806,0.07848297114353806,82
Factor_5,CNV,AKAP6_cnv,-0.0784596861711608,0.0784596861711608,83
Factor_5,CNV,KTN1_cnv,-0.07842948164908897,0.07842948164908897,84
Factor_5,CNV,LINC00648_cnv,-0.07827218191650859,0.07827218191650859,85
Factor_5,CNV,MIR548Y_cnv,-0.07827218191650859,0.07827218191650859,86
Factor_5,CNV,SNORA25|ENSG00000251735.1_cnv,-0.07827218191650859,0.07827218191650859,87
Factor_5,CNV,LGMN_cnv,-0.07822534648466586,0.07822534648466586,88
Factor_5,CNV,GOLGA5_cnv,-0.07822534648466586,0.07822534648466586,89
Factor_5,CNV,CHGA_cnv,-0.07822534648466586,0.07822534648466586,90
Factor_5,CNV,ITPK1_cnv,-0.07822534648466586,0.07822534648466586,91
Factor_5,CNV,LINC00639_cnv,-0.07821159364654938,0.07821159364654938,92
Factor_5,CNV,BNIP3P1_cnv,-0.07816467307567049,0.07816467307567049,93
Factor_5,CNV,WDHD1_cnv,-0.07809860265803749,0.07809860265803749,94
Factor_5,CNV,LINC00520_cnv,-0.07809860265803749,0.07809860265803749,95
Factor_5,CNV,TBPL2_cnv,-0.07809860265803749,0.07809860265803749,96
Factor_5,CNV,ATG14_cnv,-0.07809860265803749,0.07809860265803749,97
Factor_5,CNV,FBXO34_cnv,-0.07809860265803749,0.07809860265803749,98
Factor_5,CNV,DLGAP5_cnv,-0.07809860265803749,0.07809860265803749,99
Factor_5,CNV,MAPK1IP1L_cnv,-0.07809860265803749,0.07809860265803749,100
Factor_6,CNV,ZNF540_cnv,-0.04030072916683697,0.04030072916683697,1
Factor_6,CNV,ZFP30_cnv,-0.04030072916683697,0.04030072916683697,2
Factor_6,CNV,ZNF781_cnv,-0.04030072916683697,0.04030072916683697,3
Factor_6,CNV,SYNE4_cnv,-0.040002906842323493,0.040002906842323493,4
Factor_6,CNV,ZNF569_cnv,-0.040002906842323493,0.040002906842323493,5
Factor_6,CNV,ZNF568_cnv,-0.040002906842323493,0.040002906842323493,6
Factor_6,CNV,ZNF420_cnv,-0.040002906842323493,0.040002906842323493,7
Factor_6,CNV,ZNF585A_cnv,-0.040002906842323493,0.040002906842323493,8
Factor_6,CNV,ZNF585B_cnv,-0.040002906842323493,0.040002906842323493,9
Factor_6,CNV,ZNF383_cnv,-0.040002906842323493,0.040002906842323493,10
Factor_6,CNV,HKR1_cnv,-0.040002906842323493,0.040002906842323493,11
Factor_6,CNV,ZNF527_cnv,-0.040002906842323493,0.040002906842323493,12
Factor_6,CNV,ZNF790_cnv,-0.040002906842323493,0.040002906842323493,13
Factor_6,CNV,ZNF570_cnv,-0.040002906842323493,0.040002906842323493,14
Factor_6,CNV,ZNF345_cnv,-0.040002906842323493,0.040002906842323493,15
Factor_6,CNV,ZNF850_cnv,-0.040002906842323493,0.040002906842323493,16
Factor_6,CNV,ZNF567_cnv,-0.040002906842323493,0.040002906842323493,17
Factor_6,CNV,HSPB6_cnv,-0.040002906842323493,0.040002906842323493,18
Factor_6,CNV,ZNF461_cnv,-0.040002906842323493,0.040002906842323493,19
Factor_6,CNV,ARHGAP33_cnv,-0.040002906842323493,0.040002906842323493,20
Factor_6,CNV,ZNF382_cnv,-0.040002906842323493,0.040002906842323493,21
Factor_6,CNV,ZNF829_cnv,-0.040002906842323493,0.040002906842323493,22
Factor_6,CNV,C19orf55_cnv,-0.040002906842323493,0.040002906842323493,23
Factor_6,CNV,KIRREL2_cnv,-0.040002906842323493,0.040002906842323493,24
Factor_6,CNV,U2AF1L4_cnv,-0.040002906842323493,0.040002906842323493,25
Factor_6,CNV,ALKBH6_cnv,-0.040002906842323493,0.040002906842323493,26
Factor_6,CNV,KRTDAP_cnv,-0.040002906842323493,0.040002906842323493,27
Factor_6,CNV,DMKN_cnv,-0.040002906842323493,0.040002906842323493,28
Factor_6,CNV,SBSN_cnv,-0.040002906842323493,0.040002906842323493,29
Factor_6,CNV,GAPDHS_cnv,-0.040002906842323493,0.040002906842323493,30
Factor_6,CNV,TMEM147_cnv,-0.040002906842323493,0.040002906842323493,31
Factor_6,CNV,ATP4A_cnv,-0.040002906842323493,0.040002906842323493,32
Factor_6,CNV,HAUS5_cnv,-0.040002906842323493,0.040002906842323493,33
Factor_6,CNV,RBM42_cnv,-0.040002906842323493,0.040002906842323493,34
Factor_6,CNV,ETV2_cnv,-0.040002906842323493,0.040002906842323493,35
Factor_6,CNV,COX6B1_cnv,-0.040002906842323493,0.040002906842323493,36
Factor_6,CNV,RN7SL765P_cnv,-0.040002906842323493,0.040002906842323493,37
Factor_6,CNV,UPK1A_cnv,-0.040002906842323493,0.040002906842323493,38
Factor_6,CNV,ZBTB32_cnv,-0.040002906842323493,0.040002906842323493,39
Factor_6,CNV,KMT2B_cnv,-0.040002906842323493,0.040002906842323493,40
Factor_6,CNV,WBP7_cnv,-0.040002906842323493,0.040002906842323493,41
Factor_6,CNV,IGFLR1_cnv,-0.040002906842323493,0.040002906842323493,42
Factor_6,CNV,LIN37_cnv,-0.040002906842323493,0.040002906842323493,43
Factor_6,CNV,PSENEN_cnv,-0.040002906842323493,0.040002906842323493,44
Factor_6,CNV,PRODH2_cnv,-0.040002906842323493,0.040002906842323493,45
Factor_6,CNV,NPHS1_cnv,-0.040002906842323493,0.040002906842323493,46
Factor_6,CNV,ZNF529_cnv,-0.040002906842323493,0.040002906842323493,47
Factor_6,CNV,ZNF565_cnv,-0.040002906842323493,0.040002906842323493,48
Factor_6,CNV,WDR87_cnv,-0.040002906842323493,0.040002906842323493,49
Factor_6,CNV,SIPA1L3_cnv,-0.040002906842323493,0.040002906842323493,50
Factor_6,CNV,CAPNS1_cnv,-0.040002906842323493,0.040002906842323493,51
Factor_6,CNV,POLR2I_cnv,-0.040002906842323493,0.040002906842323493,52
Factor_6,CNV,OVOL3_cnv,-0.040002906842323493,0.040002906842323493,53
Factor_6,CNV,WDR62_cnv,-0.040002906842323493,0.040002906842323493,54
Factor_6,CNV,THAP8_cnv,-0.040002906842323493,0.040002906842323493,55
Factor_6,CNV,CLIP3_cnv,-0.040002906842323493,0.040002906842323493,56
Factor_6,CNV,APLP1_cnv,-0.040002906842323493,0.040002906842323493,57
Factor_6,CNV,RN7SL402P_cnv,-0.040002906842323493,0.040002906842323493,58
Factor_6,CNV,NFKBID_cnv,-0.040002906842323493,0.040002906842323493,59
Factor_6,CNV,HCST_cnv,-0.040002906842323493,0.040002906842323493,60
Factor_6,CNV,TYROBP_cnv,-0.040002906842323493,0.040002906842323493,61
Factor_6,CNV,LRFN3_cnv,-0.040002906842323493,0.040002906842323493,62
Factor_6,CNV,SDHAF1_cnv,-0.040002906842323493,0.040002906842323493,63
Factor_6,CNV,COX7A1_cnv,-0.040002906842323493,0.040002906842323493,64
Factor_6,CNV,TBCB_cnv,-0.040002906842323493,0.040002906842323493,65
Factor_6,CNV,ZNF573_cnv,-0.040002906842323493,0.040002906842323493,66
Factor_6,CNV,ZNF146_cnv,-0.040002906842323493,0.040002906842323493,67
Factor_6,CNV,ZFP82_cnv,-0.040002906842323493,0.040002906842323493,68
Factor_6,CNV,ZFP14_cnv,-0.040002906842323493,0.040002906842323493,69
Factor_6,CNV,ZNF793_cnv,-0.040002906842323493,0.040002906842323493,70
Factor_6,CNV,LINC00665_cnv,-0.040002906842323493,0.040002906842323493,71
Factor_6,CNV,ZNF571_cnv,-0.040002906842323493,0.040002906842323493,72
Factor_6,CNV,ZNF566_cnv,-0.040002906842323493,0.040002906842323493,73
Factor_6,CNV,ZNF260_cnv,-0.040002906842323493,0.040002906842323493,74
Factor_6,CNV,ZNF607_cnv,-0.040002906842323493,0.040002906842323493,75
Factor_6,CNV,RN7SL287P_cnv,-0.040002906842323493,0.040002906842323493,76
Factor_6,CNV,NLRP2_cnv,-0.03933042397043171,0.03933042397043171,77
Factor_6,CNV,GP6_cnv,-0.03933042397043171,0.03933042397043171,78
Factor_6,CNV,NLRP7_cnv,-0.03933042397043171,0.03933042397043171,79
Factor_6,CNV,TSPAN9_cnv,-0.0392661598236109,0.0392661598236109,80
Factor_6,CNV,GPI_cnv,-0.039127301845169875,0.039127301845169875,81
Factor_6,CNV,KIAA0355_cnv,-0.039127301845169875,0.039127301845169875,82
Factor_6,CNV,LSM14A_cnv,-0.039127301845169875,0.039127301845169875,83
Factor_6,CNV,IZUMO2_cnv,-0.039040371868178894,0.039040371868178894,84
Factor_6,CNV,SULT2B1_cnv,-0.03895922556965365,0.03895922556965365,85
Factor_6,CNV,FAM83E_cnv,-0.03895922556965365,0.03895922556965365,86
Factor_6,CNV,SPACA4_cnv,-0.03895922556965365,0.03895922556965365,87
Factor_6,CNV,PDCD2L_cnv,-0.03893585334628027,0.03893585334628027,88
Factor_6,CNV,SCGB1B2P_cnv,-0.03893585334628027,0.03893585334628027,89
Factor_6,CNV,WTIP_cnv,-0.03893585334628027,0.03893585334628027,90
Factor_6,CNV,UBA2_cnv,-0.03893585334628027,0.03893585334628027,91
Factor_6,CNV,RN7SL154P_cnv,-0.03893585334628027,0.03893585334628027,92
Factor_6,CNV,GPR42_cnv,-0.03893585334628027,0.03893585334628027,93
Factor_6,CNV,SCGB2B2_cnv,-0.03893585334628027,0.03893585334628027,94
Factor_6,CNV,RN7SL491P_cnv,-0.03893585334628027,0.03893585334628027,95
Factor_6,CNV,FFAR2_cnv,-0.03893585334628027,0.03893585334628027,96
Factor_6,CNV,FFAR3_cnv,-0.03893585334628027,0.03893585334628027,97
Factor_6,CNV,HPN_cnv,-0.03893585334628027,0.03893585334628027,98
Factor_6,CNV,PEPD_cnv,-0.03893585334628027,0.03893585334628027,99
Factor_6,CNV,ZNF302_cnv,-0.03893585334628027,0.03893585334628027,100
Factor_7,CNV,NOTCH2_cnv,0.03639431945203654,0.03639431945203654,1
Factor_7,CNV,OLFM3_cnv,0.035931013782240326,0.035931013782240326,2
Factor_7,CNV,HFM1_cnv,0.034498693184800255,0.034498693184800255,3
Factor_7,CNV,ZNF644_cnv,0.034498693184800255,0.034498693184800255,4
Factor_7,CNV,CDC7_cnv,0.034498693184800255,0.034498693184800255,5
Factor_7,CNV,SV2A_cnv,0.034453175868022906,0.034453175868022906,6
Factor_7,CNV,C1orf146_cnv,0.03442393503306508,0.03442393503306508,7
Factor_7,CNV,KIAA1107_cnv,0.03442393503306508,0.03442393503306508,8
Factor_7,CNV,DPYD_cnv,0.03441041436738291,0.03441041436738291,9
Factor_7,CNV,LRRC8B_cnv,0.03441004529049061,0.03441004529049061,10
Factor_7,CNV,RN7SL653P_cnv,0.03441004529049061,0.03441004529049061,11
Factor_7,CNV,LRRC8C_cnv,0.03441004529049061,0.03441004529049061,12
Factor_7,CNV,snoU13|ENSG00000239176.1_cnv,0.03441004529049061,0.03441004529049061,13
Factor_7,CNV,LRRC8D_cnv,0.03441004529049061,0.03441004529049061,14
Factor_7,CNV,RN7SKP272_cnv,0.03441004529049061,0.03441004529049061,15
Factor_7,CNV,ZNF326_cnv,0.03441004529049061,0.03441004529049061,16
Factor_7,CNV,TGFBR3_cnv,0.03441004529049061,0.03441004529049061,17
Factor_7,CNV,BARHL2_cnv,0.03441004529049061,0.03441004529049061,18
Factor_7,CNV,U3|ENSG00000199666.1_cnv,0.03441004529049061,0.03441004529049061,19
Factor_7,CNV,HMGCS2_cnv,0.034181392497917684,0.034181392497917684,20
Factor_7,CNV,ADAM30_cnv,0.034164417731739144,0.034164417731739144,21
Factor_7,CNV,CSF1_cnv,0.03413495776478098,0.03413495776478098,22
Factor_7,CNV,PTBP2_cnv,0.034098470238678534,0.034098470238678534,23
Factor_7,CNV,AGO3_cnv,0.03408081607144774,0.03408081607144774,24
Factor_7,CNV,TFAP2E_cnv,0.03408081607144774,0.03408081607144774,25
Factor_7,CNV,NCDN_cnv,0.03408081607144774,0.03408081607144774,26
Factor_7,CNV,PSMB2_cnv,0.03408081607144774,0.03408081607144774,27
Factor_7,CNV,RN7SL281P_cnv,0.03408081607144774,0.03408081607144774,28
Factor_7,CNV,KIAA0319L_cnv,0.03408081607144774,0.03408081607144774,29
Factor_7,CNV,RNY5P1_cnv,0.03408081607144774,0.03408081607144774,30
Factor_7,CNV,ZMYM4_cnv,0.03408081607144774,0.03408081607144774,31
Factor_7,CNV,C1orf216_cnv,0.03408081607144774,0.03408081607144774,32
Factor_7,CNV,AGO4_cnv,0.03408081607144774,0.03408081607144774,33
Factor_7,CNV,CLSPN_cnv,0.03408081607144774,0.03408081607144774,34
Factor_7,CNV,AGO1_cnv,0.03408081607144774,0.03408081607144774,35
Factor_7,CNV,PHGDH_cnv,0.034048132082053366,0.034048132082053366,36
Factor_7,CNV,ZNF697_cnv,0.034048132082053366,0.034048132082053366,37
Factor_7,CNV,LINC00622_cnv,0.034048132082053366,0.034048132082053366,38
Factor_7,CNV,HSD3B1_cnv,0.034048132082053366,0.034048132082053366,39
Factor_7,CNV,HSD3B2_cnv,0.034048132082053366,0.034048132082053366,40
Factor_7,CNV,RN7SL831P_cnv,0.03401218520443394,0.03401218520443394,41
Factor_7,CNV,RN7SKP270_cnv,0.03401218520443394,0.03401218520443394,42
Factor_7,CNV,FRRS1_cnv,0.034000603500197506,0.034000603500197506,43
Factor_7,CNV,RN7SKP123_cnv,0.034000603500197506,0.034000603500197506,44
Factor_7,CNV,RN7SL692P_cnv,0.034000603500197506,0.034000603500197506,45
Factor_7,CNV,GFI1_cnv,0.034000603500197506,0.034000603500197506,46
Factor_7,CNV,CCDC18_cnv,0.034000603500197506,0.034000603500197506,47
Factor_7,CNV,TMED5_cnv,0.034000603500197506,0.034000603500197506,48
Factor_7,CNV,RN7SL824P_cnv,0.034000603500197506,0.034000603500197506,49
Factor_7,CNV,RPAP2_cnv,0.034000603500197506,0.034000603500197506,50
Factor_7,CNV,ALG14_cnv,0.034000603500197506,0.034000603500197506,51
Factor_7,CNV,ACTBP12_cnv,0.034000603500197506,0.034000603500197506,52
Factor_7,CNV,BTBD8_cnv,0.034000603500197506,0.034000603500197506,53
Factor_7,CNV,GLMN_cnv,0.034000603500197506,0.034000603500197506,54
Factor_7,CNV,PALMD_cnv,0.034000603500197506,0.034000603500197506,55
Factor_7,CNV,MTF2_cnv,0.034000603500197506,0.034000603500197506,56
Factor_7,CNV,DR1_cnv,0.034000603500197506,0.034000603500197506,57
Factor_7,CNV,FNBP1L_cnv,0.034000603500197506,0.034000603500197506,58
Factor_7,CNV,RNA5SP53_cnv,0.034000603500197506,0.034000603500197506,59
Factor_7,CNV,BCAR3_cnv,0.034000603500197506,0.034000603500197506,60
Factor_7,CNV,MIR760_cnv,0.034000603500197506,0.034000603500197506,61
Factor_7,CNV,DNTTIP2_cnv,0.034000603500197506,0.034000603500197506,62
Factor_7,CNV,GCLM_cnv,0.034000603500197506,0.034000603500197506,63
Factor_7,CNV,SLC44A3_cnv,0.034000603500197506,0.034000603500197506,64
Factor_7,CNV,F3_cnv,0.034000603500197506,0.034000603500197506,65
Factor_7,CNV,MIR378G_cnv,0.034000603500197506,0.034000603500197506,66
Factor_7,CNV,CNN3_cnv,0.034000603500197506,0.034000603500197506,67
Factor_7,CNV,MIR4417_cnv,0.033963641820890095,0.033963641820890095,68
Factor_7,CNV,SNX7_cnv,0.03394147497299959,0.03394147497299959,69
Factor_7,CNV,RNF220_cnv,0.033938976395007724,0.033938976395007724,70
Factor_7,CNV,MIR5584_cnv,0.033938976395007724,0.033938976395007724,71
Factor_7,CNV,CCDC24_cnv,0.033917956874594916,0.033917956874594916,72
Factor_7,CNV,B4GALT2_cnv,0.033917956874594916,0.033917956874594916,73
Factor_7,CNV,RN7SL479P_cnv,0.033917956874594916,0.033917956874594916,74
Factor_7,CNV,ATP6V0B_cnv,0.033917956874594916,0.033917956874594916,75
Factor_7,CNV,DPH2_cnv,0.033917956874594916,0.033917956874594916,76
Factor_7,CNV,IPO13_cnv,0.033917956874594916,0.033917956874594916,77
Factor_7,CNV,ARTN_cnv,0.033917956874594916,0.033917956874594916,78
Factor_7,CNV,ST3GAL3_cnv,0.033917956874594916,0.033917956874594916,79
Factor_7,CNV,SLC6A9_cnv,0.033917956874594916,0.033917956874594916,80
Factor_7,CNV,KLF17_cnv,0.033917956874594916,0.033917956874594916,81
Factor_7,CNV,DMAP1_cnv,0.033917956874594916,0.033917956874594916,82
Factor_7,CNV,ERI3_cnv,0.033917956874594916,0.033917956874594916,83
Factor_7,CNV,C1orf213_cnv,0.0339164643580399,0.0339164643580399,84
Factor_7,CNV,TCEA3_cnv,0.0339164643580399,0.0339164643580399,85
Factor_7,CNV,SRSF10_cnv,0.0339164643580399,0.0339164643580399,86
Factor_7,CNV,HNRNPR_cnv,0.0339164643580399,0.0339164643580399,87
Factor_7,CNV,PNRC2_cnv,0.0339164643580399,0.0339164643580399,88
Factor_7,CNV,MIR378F_cnv,0.0339164643580399,0.0339164643580399,89
Factor_7,CNV,snoU13|ENSG00000238538.1_cnv,0.0339164643580399,0.0339164643580399,90
Factor_7,CNV,CNR2_cnv,0.0339164643580399,0.0339164643580399,91
Factor_7,CNV,FUCA1_cnv,0.0339164643580399,0.0339164643580399,92
Factor_7,CNV,LYPLA2_cnv,0.0339164643580399,0.0339164643580399,93
Factor_7,CNV,HMGCL_cnv,0.0339164643580399,0.0339164643580399,94
Factor_7,CNV,GALE_cnv,0.0339164643580399,0.0339164643580399,95
Factor_7,CNV,PITHD1_cnv,0.0339164643580399,0.0339164643580399,96
Factor_7,CNV,TCEB3_cnv,0.0339164643580399,0.0339164643580399,97
Factor_7,CNV,RN7SL532P_cnv,0.0339164643580399,0.0339164643580399,98
Factor_7,CNV,RPL11_cnv,0.0339164643580399,0.0339164643580399,99
Factor_7,CNV,ZNF436_cnv,0.0339164643580399,0.0339164643580399,100
Factor_8,CNV,UNC79_cnv,-0.10398241798580454,0.10398241798580454,1
Factor_8,CNV,BTBD7_cnv,-0.10398241798580454,0.10398241798580454,2
Factor_8,CNV,UBR7_cnv,-0.10398241798580454,0.10398241798580454,3
Factor_8,CNV,C14orf142_cnv,-0.10398241798580454,0.10398241798580454,4
Factor_8,CNV,TMEM251_cnv,-0.10398241798580454,0.10398241798580454,5
Factor_8,CNV,MOAP1_cnv,-0.10398241798580454,0.10398241798580454,6
Factor_8,CNV,COX8C_cnv,-0.10398241798580454,0.10398241798580454,7
Factor_8,CNV,CLTB_cnv,0.10342796023884536,0.10342796023884536,8
Factor_8,CNV,THOC3_cnv,0.10342796023884536,0.10342796023884536,9
Factor_8,CNV,HIGD2A_cnv,0.10342796023884536,0.10342796023884536,10
Factor_8,CNV,NOP16_cnv,0.10342796023884536,0.10342796023884536,11
Factor_8,CNV,MIR1271_cnv,0.10342796023884536,0.10342796023884536,12
Factor_8,CNV,ARL10_cnv,0.10342796023884536,0.10342796023884536,13
Factor_8,CNV,KIAA1191_cnv,0.10342796023884536,0.10342796023884536,14
Factor_8,CNV,SIMC1_cnv,0.10342796023884536,0.10342796023884536,15
Factor_8,CNV,FAM153B_cnv,0.10342796023884536,0.10342796023884536,16
Factor_8,CNV,FAF2_cnv,0.10342796023884536,0.10342796023884536,17
Factor_8,CNV,GOLGA5_cnv,-0.10316575323838463,0.10316575323838463,18
Factor_8,CNV,CHGA_cnv,-0.10316575323838463,0.10316575323838463,19
Factor_8,CNV,ITPK1_cnv,-0.10316575323838463,0.10316575323838463,20
Factor_8,CNV,LGMN_cnv,-0.10316575323838463,0.10316575323838463,21
Factor_8,CNV,ESRRB_cnv,-0.10310643874630744,0.10310643874630744,22
Factor_8,CNV,FLVCR2_cnv,-0.1029066973846727,0.1029066973846727,23
Factor_8,CNV,JDP2_cnv,-0.1029066973846727,0.1029066973846727,24
Factor_8,CNV,SAMD15_cnv,-0.1029066973846727,0.1029066973846727,25
Factor_8,CNV,NOXRED1_cnv,-0.1029066973846727,0.1029066973846727,26
Factor_8,CNV,FKSG61_cnv,-0.1029066973846727,0.1029066973846727,27
Factor_8,CNV,VIPAS39_cnv,-0.1029066973846727,0.1029066973846727,28
Factor_8,CNV,AHSA1_cnv,-0.1029066973846727,0.1029066973846727,29
Factor_8,CNV,SNORA46|ENSG00000212371.1_cnv,-0.1029066973846727,0.1029066973846727,30
Factor_8,CNV,ISM2_cnv,-0.1029066973846727,0.1029066973846727,31
Factor_8,CNV,BATF_cnv,-0.1029066973846727,0.1029066973846727,32
Factor_8,CNV,FOS_cnv,-0.1029066973846727,0.1029066973846727,33
Factor_8,CNV,TMED8_cnv,-0.1029066973846727,0.1029066973846727,34
Factor_8,CNV,RNU4ATAC14P_cnv,-0.1029066973846727,0.1029066973846727,35
Factor_8,CNV,TMED10_cnv,-0.1029066973846727,0.1029066973846727,36
Factor_8,CNV,NEK9_cnv,-0.1029066973846727,0.1029066973846727,37
Factor_8,CNV,ZC2HC1C_cnv,-0.1029066973846727,0.1029066973846727,38
Factor_8,CNV,ACYP1_cnv,-0.1029066973846727,0.1029066973846727,39
Factor_8,CNV,MLH3_cnv,-0.1029066973846727,0.1029066973846727,40
Factor_8,CNV,EIF2B2_cnv,-0.1029066973846727,0.1029066973846727,41
Factor_8,CNV,RN7SL137P_cnv,-0.1029066973846727,0.1029066973846727,42
Factor_8,CNV,GSTZ1_cnv,-0.1029066973846727,0.1029066973846727,43
Factor_8,CNV,RNA5SP387_cnv,-0.1029066973846727,0.1029066973846727,44
Factor_8,CNV,POMT2_cnv,-0.1029066973846727,0.1029066973846727,45
Factor_8,CNV,TTLL5_cnv,-0.1029066973846727,0.1029066973846727,46
Factor_8,CNV,C14orf1_cnv,-0.1029066973846727,0.1029066973846727,47
Factor_8,CNV,IFT43_cnv,-0.1029066973846727,0.1029066973846727,48
Factor_8,CNV,TGFB3_cnv,-0.1029066973846727,0.1029066973846727,49
Factor_8,CNV,GPATCH2L_cnv,-0.1029066973846727,0.1029066973846727,50
Factor_8,CNV,RN7SL747P_cnv,-0.1029066973846727,0.1029066973846727,51
Factor_8,CNV,VASH1_cnv,-0.1029066973846727,0.1029066973846727,52
Factor_8,CNV,SPTLC2_cnv,-0.1029066973846727,0.1029066973846727,53
Factor_8,CNV,RN7SKP17_cnv,-0.1029066973846727,0.1029066973846727,54
Factor_8,CNV,RN7SL356P_cnv,-0.1029066973846727,0.1029066973846727,55
Factor_8,CNV,IRF2BPL_cnv,-0.1029066973846727,0.1029066973846727,56
Factor_8,CNV,KIAA1737_cnv,-0.1029066973846727,0.1029066973846727,57
Factor_8,CNV,TMEM63C_cnv,-0.1029066973846727,0.1029066973846727,58
Factor_8,CNV,ZDHHC22_cnv,-0.1029066973846727,0.1029066973846727,59
Factor_8,CNV,SNORA32|ENSG00000201384.1_cnv,-0.1029066973846727,0.1029066973846727,60
Factor_8,CNV,MIR1260A_cnv,-0.1029066973846727,0.1029066973846727,61
Factor_8,CNV,NGB_cnv,-0.1029066973846727,0.1029066973846727,62
Factor_8,CNV,ANGEL1_cnv,-0.1029066973846727,0.1029066973846727,63
Factor_8,CNV,RN7SL587P_cnv,-0.1029066973846727,0.1029066973846727,64
Factor_8,CNV,C14orf166B_cnv,-0.10285258045896853,0.10285258045896853,65
Factor_8,CNV,snoU13|ENSG00000238972.1_cnv,-0.10271970215695006,0.10271970215695006,66
Factor_8,CNV,PAPLN_cnv,-0.10271970215695006,0.10271970215695006,67
Factor_8,CNV,ACOT6_cnv,-0.10271970215695006,0.10271970215695006,68
Factor_8,CNV,ACOT4_cnv,-0.10271970215695006,0.10271970215695006,69
Factor_8,CNV,ACOT2_cnv,-0.10271970215695006,0.10271970215695006,70
Factor_8,CNV,ACOT1_cnv,-0.10271970215695006,0.10271970215695006,71
Factor_8,CNV,C14orf169_cnv,-0.10271970215695006,0.10271970215695006,72
Factor_8,CNV,HEATR4_cnv,-0.10271970215695006,0.10271970215695006,73
Factor_8,CNV,PSEN1_cnv,-0.10271970215695006,0.10271970215695006,74
Factor_8,CNV,DPF3_cnv,-0.10271970215695006,0.10271970215695006,75
Factor_8,CNV,RBM25_cnv,-0.10271970215695006,0.10271970215695006,76
Factor_8,CNV,RN7SL586P_cnv,-0.10271970215695006,0.10271970215695006,77
Factor_8,CNV,DCAF4_cnv,-0.10271970215695006,0.10271970215695006,78
Factor_8,CNV,NUMB_cnv,-0.1026014289815355,0.1026014289815355,79
Factor_8,CNV,YLPM1_cnv,-0.10247546713413196,0.10247546713413196,80
Factor_8,CNV,PROX2_cnv,-0.10247546713413196,0.10247546713413196,81
Factor_8,CNV,DLST_cnv,-0.10247546713413196,0.10247546713413196,82
Factor_8,CNV,ZFYVE1_cnv,-0.1024556166491653,0.1024556166491653,83
Factor_8,CNV,ADCK1_cnv,-0.10244347629149728,0.10244347629149728,84
Factor_8,CNV,RNA5SP388_cnv,-0.10244347629149728,0.10244347629149728,85
Factor_8,CNV,C14orf178_cnv,-0.10244347629149728,0.10244347629149728,86
Factor_8,CNV,SNW1_cnv,-0.10244347629149728,0.10244347629149728,87
Factor_8,CNV,SLIRP_cnv,-0.10244347629149728,0.10244347629149728,88
Factor_8,CNV,ALKBH1_cnv,-0.10244347629149728,0.10244347629149728,89
Factor_8,CNV,RN7SL684P_cnv,0.10201024043047364,0.10201024043047364,90
Factor_8,CNV,UNC5A_cnv,0.10201024043047364,0.10201024043047364,91
Factor_8,CNV,RNF44_cnv,0.10201024043047364,0.10201024043047364,92
Factor_8,CNV,CDHR2_cnv,0.10201024043047364,0.10201024043047364,93
Factor_8,CNV,GPRIN1_cnv,0.10201024043047364,0.10201024043047364,94
Factor_8,CNV,SNCB_cnv,0.10201024043047364,0.10201024043047364,95
Factor_8,CNV,EIF4E1B_cnv,0.10201024043047364,0.10201024043047364,96
Factor_8,CNV,MIR4281_cnv,0.10201024043047364,0.10201024043047364,97
Factor_8,CNV,TSPAN17_cnv,0.10201024043047364,0.10201024043047364,98
Factor_8,CNV,GFPT2_cnv,0.10199835963772795,0.10199835963772795,99
Factor_8,CNV,MAPK9_cnv,0.10199835963772795,0.10199835963772795,100
Factor_9,CNV,MYLK_cnv,0.08060419184759927,0.08060419184759927,1
Factor_9,CNV,ROPN1_cnv,0.08058975574532795,0.08058975574532795,2
Factor_9,CNV,CCDC14_cnv,0.08058975574532795,0.08058975574532795,3
Factor_9,CNV,PTPLB_cnv,0.0804087973177711,0.0804087973177711,4
Factor_9,CNV,SNORA5_cnv,0.07985063610155053,0.07985063610155053,5
Factor_9,CNV,MIR5002_cnv,0.07980523382175209,0.07980523382175209,6
Factor_9,CNV,IQCB1_cnv,0.07967020784427246,0.07967020784427246,7
Factor_9,CNV,ARGFX_cnv,0.07967020784427246,0.07967020784427246,8
Factor_9,CNV,FBXO40_cnv,0.07967020784427246,0.07967020784427246,9
Factor_9,CNV,GOLGB1_cnv,0.07967020784427246,0.07967020784427246,10
Factor_9,CNV,HCLS1_cnv,0.07967020784427246,0.07967020784427246,11
Factor_9,CNV,RN7SL172P_cnv,0.07967020784427246,0.07967020784427246,12
Factor_9,CNV,snoU13|ENSG00000238670.1_cnv,0.07967020784427246,0.07967020784427246,13
Factor_9,CNV,POLQ_cnv,0.07967020784427246,0.07967020784427246,14
Factor_9,CNV,KALRN_cnv,0.07853353801004055,0.07853353801004055,15
Factor_9,CNV,STXBP5L_cnv,0.0782964526586845,0.0782964526586845,16
Factor_9,CNV,RN7SL582P_cnv,0.07760627014973874,0.07760627014973874,17
Factor_9,CNV,LINC00903_cnv,0.07760627014973874,0.07760627014973874,18
Factor_9,CNV,TUSC7_cnv,0.07595093630932322,0.07595093630932322,19
Factor_9,CNV,LINC00901_cnv,0.07549955165456948,0.07549955165456948,20
Factor_9,CNV,LNP1_cnv,0.07501460133804194,0.07501460133804194,21
Factor_9,CNV,MIR4447_cnv,0.07485592978793558,0.07485592978793558,22
Factor_9,CNV,snoU13|ENSG00000238312.1_cnv,0.07468084625953939,0.07468084625953939,23
Factor_9,CNV,TMEM45A_cnv,0.07468084625953939,0.07468084625953939,24
Factor_9,CNV,RPL24_cnv,0.07468084625953939,0.07468084625953939,25
Factor_9,CNV,snoU13|ENSG00000238525.1_cnv,0.07468084625953939,0.07468084625953939,26
Factor_9,CNV,TRMT10C_cnv,0.07468084625953939,0.07468084625953939,27
Factor_9,CNV,PCNP_cnv,0.07468084625953939,0.07468084625953939,28
Factor_9,CNV,ZBTB11_cnv,0.07468084625953939,0.07468084625953939,29
Factor_9,CNV,IMPG2_cnv,0.07468084625953939,0.07468084625953939,30
Factor_9,CNV,CEP97_cnv,0.07468084625953939,0.07468084625953939,31
Factor_9,CNV,NXPE3_cnv,0.07468084625953939,0.07468084625953939,32
Factor_9,CNV,NFKBIZ_cnv,0.07468084625953939,0.07468084625953939,33
Factor_9,CNV,SENP7_cnv,0.07468084625953939,0.07468084625953939,34
Factor_9,CNV,GAP43_cnv,0.07359533851916425,0.07359533851916425,35
Factor_9,CNV,RNU6ATAC15P_cnv,0.0731656144330879,0.0731656144330879,36
Factor_9,CNV,TOMM70A_cnv,0.0730182002883415,0.0730182002883415,37
Factor_9,CNV,NIT2_cnv,0.0730182002883415,0.0730182002883415,38
Factor_9,CNV,RN7SL815P_cnv,0.07258508486080198,0.07258508486080198,39
Factor_9,CNV,ZPLD1_cnv,0.07229976819348126,0.07229976819348126,40
Factor_9,CNV,GPR128_cnv,0.0720703889076721,0.0720703889076721,41
Factor_9,CNV,SNORA31|ENSG00000252989.1_cnv,0.0720703889076721,0.0720703889076721,42
Factor_9,CNV,TFG_cnv,0.0720703889076721,0.0720703889076721,43
Factor_9,CNV,ABI3BP_cnv,0.0720703889076721,0.0720703889076721,44
Factor_9,CNV,TBC1D23_cnv,0.07190464530336574,0.07190464530336574,45
Factor_9,CNV,SNORD61|ENSG00000238377.1_cnv,0.07190464530336574,0.07190464530336574,46
Factor_9,CNV,TMEM30C_cnv,0.07190464530336574,0.07190464530336574,47
Factor_9,CNV,CCDC80_cnv,0.07143688231663257,0.07143688231663257,48
Factor_9,CNV,SLC35A5_cnv,0.07143688231663257,0.07143688231663257,49
Factor_9,CNV,C3orf52_cnv,0.07142969484305096,0.07142969484305096,50
Factor_9,CNV,MIR567_cnv,0.07142969484305096,0.07142969484305096,51
Factor_9,CNV,GCSAM_cnv,0.07142969484305096,0.07142969484305096,52
Factor_9,CNV,SLC9C1_cnv,0.07142969484305096,0.07142969484305096,53
Factor_9,CNV,PVRL3_cnv,0.07106002575230713,0.07106002575230713,54
Factor_9,CNV,ZBED2_cnv,0.07106002575230713,0.07106002575230713,55
Factor_9,CNV,ATG3_cnv,0.07050453457721405,0.07050453457721405,56
Factor_9,CNV,WDR52_cnv,0.07035395911662436,0.07035395911662436,57
Factor_9,CNV,SPICE1_cnv,0.07035395911662436,0.07035395911662436,58
Factor_9,CNV,U3|ENSG00000221633.1_cnv,0.06994680494372148,0.06994680494372148,59
Factor_9,CNV,DPPA2_cnv,0.06994680494372148,0.06994680494372148,60
Factor_9,CNV,LINC00488_cnv,0.06994680494372148,0.06994680494372148,61
Factor_9,CNV,GUCA1C_cnv,0.06994680494372148,0.06994680494372148,62
Factor_9,CNV,MORC1_cnv,0.06994680494372148,0.06994680494372148,63
Factor_9,CNV,MIR4445_cnv,0.06989997946496948,0.06989997946496948,64
Factor_9,CNV,ZBTB20_cnv,0.06975407980141154,0.06975407980141154,65
Factor_9,CNV,CD200R1L_cnv,0.06970544561527968,0.06970544561527968,66
Factor_9,CNV,TMPRSS7_cnv,0.06970460331881559,0.06970460331881559,67
Factor_9,CNV,TAGLN3_cnv,0.06970460331881559,0.06970460331881559,68
Factor_9,CNV,ABHD10_cnv,0.06970460331881559,0.06970460331881559,69
Factor_9,CNV,RETNLB_cnv,0.06965082048567664,0.06965082048567664,70
Factor_9,CNV,DPPA4_cnv,0.06961325146897394,0.06961325146897394,71
Factor_9,CNV,BTLA_cnv,0.06938431476618255,0.06938431476618255,72
Factor_9,CNV,ZNF80_cnv,0.06933935459019787,0.06933935459019787,73
Factor_9,CNV,TIGIT_cnv,0.06933935459019787,0.06933935459019787,74
Factor_9,CNV,MIR568_cnv,0.06933935459019787,0.06933935459019787,75
Factor_9,CNV,CD96_cnv,0.06926665402658583,0.06926665402658583,76
Factor_9,CNV,MIR4796_cnv,0.06906098901556976,0.06906098901556976,77
Factor_9,CNV,TRAT1_cnv,0.06905164489942153,0.06905164489942153,78
Factor_9,CNV,CD200_cnv,0.06898590585605847,0.06898590585605847,79
Factor_9,CNV,C3orf17_cnv,0.0687663800182175,0.0687663800182175,80
Factor_9,CNV,GTPBP8_cnv,0.0687663800182175,0.0687663800182175,81
Factor_9,CNV,CD200R1_cnv,0.0687663800182175,0.0687663800182175,82
Factor_9,CNV,LINC00973_cnv,0.06855122859947783,0.06855122859947783,83
Factor_9,CNV,SNORA70|ENSG00000202379.1_cnv,0.06846718581971106,0.06846718581971106,84
Factor_9,CNV,KIAA1524_cnv,0.06846718581971106,0.06846718581971106,85
Factor_9,CNV,GRAMD1C_cnv,0.06840152448665912,0.06840152448665912,86
Factor_9,CNV,ZDHHC23_cnv,0.06840152448665912,0.06840152448665912,87
Factor_9,CNV,QTRTD1_cnv,0.06840152448665912,0.06840152448665912,88
Factor_9,CNV,DRD3_cnv,0.06840152448665912,0.06840152448665912,89
Factor_9,CNV,KIAA1407_cnv,0.06840152448665912,0.06840152448665912,90
Factor_9,CNV,DZIP3_cnv,0.06827618202140334,0.06827618202140334,91
Factor_9,CNV,LINC00882_cnv,0.06809093850054251,0.06809093850054251,92
Factor_9,CNV,CMSS1_cnv,0.06751430313333319,0.06751430313333319,93
Factor_9,CNV,SNORD112|ENSG00000253076.1_cnv,0.06747020302282948,0.06747020302282948,94
Factor_9,CNV,MIR4446_cnv,0.06747020302282948,0.06747020302282948,95
Factor_9,CNV,BOC_cnv,0.06747020302282948,0.06747020302282948,96
Factor_9,CNV,RN7SL767P_cnv,0.06747020302282948,0.06747020302282948,97
Factor_9,CNV,KIAA2018_cnv,0.06747020302282948,0.06747020302282948,98
Factor_9,CNV,NAA50_cnv,0.06747020302282948,0.06747020302282948,99
Factor_9,CNV,ATP6V1A_cnv,0.06747020302282948,0.06747020302282948,100
Factor_10,CNV,DPP3_cnv,0.010144928122117852,0.010144928122117852,1
Factor_10,CNV,RN7SL12P_cnv,0.010144928122117852,0.010144928122117852,2
Factor_10,CNV,ZDHHC24_cnv,0.010144928122117852,0.010144928122117852,3
Factor_10,CNV,ACTN3_cnv,0.010144928122117852,0.010144928122117852,4
Factor_10,CNV,CTSF_cnv,0.010144928122117852,0.010144928122117852,5
Factor_10,CNV,CCDC87_cnv,0.010144928122117852,0.010144928122117852,6
Factor_10,CNV,CCS_cnv,0.010144928122117852,0.010144928122117852,7
Factor_10,CNV,RBM14_cnv,0.010144928122117852,0.010144928122117852,8
Factor_10,CNV,RBM4_cnv,0.010144928122117852,0.010144928122117852,9
Factor_10,CNV,RBM4B_cnv,0.010144928122117852,0.010144928122117852,10
Factor_10,CNV,SPTBN2_cnv,0.010144928122117852,0.010144928122117852,11
Factor_10,CNV,PC_cnv,0.010144928122117852,0.010144928122117852,12
Factor_10,CNV,C11orf86_cnv,0.010144928122117852,0.010144928122117852,13
Factor_10,CNV,RCE1_cnv,0.010144928122117852,0.010144928122117852,14
Factor_10,CNV,LRFN4_cnv,0.010144928122117852,0.010144928122117852,15
Factor_10,CNV,MIR3163_cnv,0.010144928122117852,0.010144928122117852,16
Factor_10,CNV,ANKRD13D_cnv,0.010144928122117852,0.010144928122117852,17
Factor_10,CNV,ADRBK1_cnv,0.010144928122117852,0.010144928122117852,18
Factor_10,CNV,snoU13|ENSG00000238892.1_cnv,0.010144928122117852,0.010144928122117852,19
Factor_10,CNV,KDM2A_cnv,0.010144928122117852,0.010144928122117852,20
Factor_10,CNV,RHOD_cnv,0.010144928122117852,0.010144928122117852,21
Factor_10,CNV,SYT12_cnv,0.010144928122117852,0.010144928122117852,22
Factor_10,CNV,BBS1_cnv,0.010144928122117852,0.010144928122117852,23
Factor_10,CNV,U3|ENSG00000252709.1_cnv,0.010144928122117852,0.010144928122117852,24
Factor_10,CNV,SPON1_cnv,0.01004028476678039,0.01004028476678039,25
Factor_10,CNV,CAPRIN1_cnv,0.009865258996334886,0.009865258996334886,26
Factor_10,CNV,ELF5_cnv,0.009865258996334886,0.009865258996334886,27
Factor_10,CNV,PAMR1_cnv,0.009865258996334886,0.009865258996334886,28
Factor_10,CNV,SLC1A2_cnv,0.009865258996334886,0.009865258996334886,29
Factor_10,CNV,CD44_cnv,0.009865258996334886,0.009865258996334886,30
Factor_10,CNV,MIR1343_cnv,0.009865258996334886,0.009865258996334886,31
Factor_10,CNV,EHF_cnv,0.009865258996334886,0.009865258996334886,32
Factor_10,CNV,NAT10_cnv,0.009865258996334886,0.009865258996334886,33
Factor_10,CNV,CD59_cnv,0.009865258996334886,0.009865258996334886,34
Factor_10,CNV,FBXO3_cnv,0.009865258996334886,0.009865258996334886,35
Factor_10,CNV,LMO2_cnv,0.009865258996334886,0.009865258996334886,36
Factor_10,CNV,CAT_cnv,0.009865258996334886,0.009865258996334886,37
Factor_10,CNV,ABTB2_cnv,0.009865258996334886,0.009865258996334886,38
Factor_10,CNV,PDHX_cnv,0.009370027690162878,0.009370027690162878,39
Factor_10,CNV,APIP_cnv,0.009370027690162878,0.009370027690162878,40
Factor_10,CNV,GLYATL2_cnv,0.008641190658471099,0.008641190658471099,41
Factor_10,CNV,LRRC4C_cnv,0.008537972945056328,0.008537972945056328,42
Factor_10,CNV,PLEKHA7_cnv,0.007876835594630347,0.007876835594630347,43
Factor_10,CNV,OR52N4_cnv,0.007574038375055503,0.007574038375055503,44
Factor_10,CNV,OR52N2_cnv,0.007574038375055503,0.007574038375055503,45
Factor_10,CNV,OR52N5_cnv,0.007574038375055503,0.007574038375055503,46
Factor_10,CNV,OR52N1_cnv,0.007574038375055503,0.007574038375055503,47
Factor_10,CNV,OR56B1_cnv,0.007574038375055503,0.007574038375055503,48
Factor_10,CNV,TRIM5_cnv,0.007574038375055503,0.007574038375055503,49
Factor_10,CNV,TRIM22_cnv,0.007574038375055503,0.007574038375055503,50
Factor_10,CNV,OR51I2_cnv,0.007389463718760946,0.007389463718760946,51
Factor_10,CNV,OR51B6_cnv,0.007389463718760946,0.007389463718760946,52
Factor_10,CNV,OR51B5_cnv,0.007389463718760946,0.007389463718760946,53
Factor_10,CNV,OR51B2_cnv,0.007389463718760946,0.007389463718760946,54
Factor_10,CNV,OR51B4_cnv,0.007389463718760946,0.007389463718760946,55
Factor_10,CNV,OR51Q1_cnv,0.007389463718760946,0.007389463718760946,56
Factor_10,CNV,OR51I1_cnv,0.007389463718760946,0.007389463718760946,57
Factor_10,CNV,HBG1_cnv,0.007389463718760946,0.007389463718760946,58
Factor_10,CNV,HBBP1_cnv,0.007389463718760946,0.007389463718760946,59
Factor_10,CNV,HBD_cnv,0.007389463718760946,0.007389463718760946,60
Factor_10,CNV,OR52D1_cnv,0.007389463718760946,0.007389463718760946,61
Factor_10,CNV,OR51J1_cnv,0.007389463718760946,0.007389463718760946,62
Factor_10,CNV,UBQLN3_cnv,0.007389463718760946,0.007389463718760946,63
Factor_10,CNV,UBQLNL_cnv,0.007389463718760946,0.007389463718760946,64
Factor_10,CNV,OR52H1_cnv,0.007389463718760946,0.007389463718760946,65
Factor_10,CNV,OR52B6_cnv,0.007389463718760946,0.007389463718760946,66
Factor_10,CNV,TRIM6_cnv,0.007389463718760946,0.007389463718760946,67
Factor_10,CNV,TRIM34_cnv,0.007389463718760946,0.007389463718760946,68
Factor_10,CNV,OR52A5_cnv,0.007389463718760946,0.007389463718760946,69
Factor_10,CNV,OR51E2_cnv,0.007389463718760946,0.007389463718760946,70
Factor_10,CNV,OR51C1P_cnv,0.007389463718760946,0.007389463718760946,71
Factor_10,CNV,OR51M1_cnv,0.007389463718760946,0.007389463718760946,72
Factor_10,CNV,OR51H1P_cnv,0.007389463718760946,0.007389463718760946,73
Factor_10,CNV,OR52A4_cnv,0.007389463718760946,0.007389463718760946,74
Factor_10,CNV,SNORA62|ENSG00000201980.1_cnv,0.007389463718760946,0.007389463718760946,75
Factor_10,CNV,OR51F1_cnv,0.007389463718760946,0.007389463718760946,76
Factor_10,CNV,OR52R1_cnv,0.007389463718760946,0.007389463718760946,77
Factor_10,CNV,OR51F2_cnv,0.007389463718760946,0.007389463718760946,78
Factor_10,CNV,OR51S1_cnv,0.007389463718760946,0.007389463718760946,79
Factor_10,CNV,OR51T1_cnv,0.007389463718760946,0.007389463718760946,80
Factor_10,CNV,OR51A7_cnv,0.007389463718760946,0.007389463718760946,81
Factor_10,CNV,OR51G2_cnv,0.007389463718760946,0.007389463718760946,82
Factor_10,CNV,OR52E2_cnv,0.007389463718760946,0.007389463718760946,83
Factor_10,CNV,OR52J3_cnv,0.007389463718760946,0.007389463718760946,84
Factor_10,CNV,OR52I2_cnv,0.007389463718760946,0.007389463718760946,85
Factor_10,CNV,OR52I1_cnv,0.007389463718760946,0.007389463718760946,86
Factor_10,CNV,OR51E1_cnv,0.007389463718760946,0.007389463718760946,87
Factor_10,CNV,OR52M1_cnv,0.007389463718760946,0.007389463718760946,88
Factor_10,CNV,C11orf40_cnv,0.007389463718760946,0.007389463718760946,89
Factor_10,CNV,OR51D1_cnv,0.007389463718760946,0.007389463718760946,90
Factor_10,CNV,TRIM68_cnv,0.007389463718760946,0.007389463718760946,91
Factor_10,CNV,SNORD112|ENSG00000252687.1_cnv,0.00713597783465894,0.00713597783465894,92
Factor_10,CNV,CPNE5_cnv,0.00713597783465894,0.00713597783465894,93
Factor_10,CNV,PIM1_cnv,0.00713597783465894,0.00713597783465894,94
Factor_10,CNV,TMEM217_cnv,0.00713597783465894,0.00713597783465894,95
Factor_10,CNV,TBC1D22B_cnv,0.00713597783465894,0.00713597783465894,96
Factor_10,CNV,snoU13|ENSG00000238375.1_cnv,0.00713597783465894,0.00713597783465894,97
Factor_10,CNV,NCR2_cnv,0.007017845178493517,0.007017845178493517,98
Factor_10,CNV,RCN1_cnv,0.006837775399345745,0.006837775399345745,99
Factor_10,CNV,C11orf31_cnv,0.006730490307618115,0.006730490307618115,100
Factor_11,CNV,EEA1_cnv,-0.17124565098399994,0.17124565098399994,1
Factor_11,CNV,KITLG_cnv,-0.16815850733059476,0.16815850733059476,2
Factor_11,CNV,SFSWAP_cnv,-0.16600483561678367,0.16600483561678367,3
Factor_11,CNV,RNA5SP378_cnv,-0.16600483561678367,0.16600483561678367,4
Factor_11,CNV,MMP17_cnv,-0.16600483561678367,0.16600483561678367,5
Factor_11,CNV,RNA5SP376_cnv,-0.16600483561678367,0.16600483561678367,6
Factor_11,CNV,RNA5SP377_cnv,-0.16600483561678367,0.16600483561678367,7
Factor_11,CNV,RN7SL737P_cnv,-0.16498420378646478,0.16498420378646478,8
Factor_11,CNV,RN7SKP263_cnv,-0.16498420378646478,0.16498420378646478,9
Factor_11,CNV,RN7SL630P_cnv,-0.16498420378646478,0.16498420378646478,10
Factor_11,CNV,SOCS2_cnv,-0.16498420378646478,0.16498420378646478,11
Factor_11,CNV,CRADD_cnv,-0.16498420378646478,0.16498420378646478,12
Factor_11,CNV,UBE2N_cnv,-0.16498420378646478,0.16498420378646478,13
Factor_11,CNV,NUDT4_cnv,-0.16498420378646478,0.16498420378646478,14
Factor_11,CNV,snoU13|ENSG00000239073.1_cnv,-0.16498420378646478,0.16498420378646478,15
Factor_11,CNV,snoU13|ENSG00000238361.1_cnv,-0.16498420378646478,0.16498420378646478,16
Factor_11,CNV,SNORD74|ENSG00000201502.1_cnv,-0.16498420378646478,0.16498420378646478,17
Factor_11,CNV,MRPL42_cnv,-0.16498420378646478,0.16498420378646478,18
Factor_11,CNV,THSD7A_cnv,-0.16341329929310863,0.16341329929310863,19
Factor_11,CNV,MAGI2_cnv,-0.16312138454973796,0.16312138454973796,20
Factor_11,CNV,MALSU1_cnv,-0.16303457789658324,0.16303457789658324,21
Factor_11,CNV,GPNMB_cnv,-0.16303457789658324,0.16303457789658324,22
Factor_11,CNV,NUPL2_cnv,-0.16303457789658324,0.16303457789658324,23
Factor_11,CNV,ZNF26_cnv,-0.1625473187920559,0.1625473187920559,24
Factor_11,CNV,POLE_cnv,-0.1625473187920559,0.1625473187920559,25
Factor_11,CNV,ZNF891_cnv,-0.1625473187920559,0.1625473187920559,26
Factor_11,CNV,ZNF84_cnv,-0.1625473187920559,0.1625473187920559,27
Factor_11,CNV,ZNF605_cnv,-0.1625473187920559,0.1625473187920559,28
Factor_11,CNV,MUC8_cnv,-0.1625473187920559,0.1625473187920559,29
Factor_11,CNV,ZNF268_cnv,-0.1625473187920559,0.1625473187920559,30
Factor_11,CNV,NOC4L_cnv,-0.1625473187920559,0.1625473187920559,31
Factor_11,CNV,P2RX2_cnv,-0.1625473187920559,0.1625473187920559,32
Factor_11,CNV,LRCOL1_cnv,-0.1625473187920559,0.1625473187920559,33
Factor_11,CNV,GOLGA3_cnv,-0.1625473187920559,0.1625473187920559,34
Factor_11,CNV,CHFR_cnv,-0.1625473187920559,0.1625473187920559,35
Factor_11,CNV,ANKLE2_cnv,-0.1625473187920559,0.1625473187920559,36
Factor_11,CNV,ANHX_cnv,-0.1625473187920559,0.1625473187920559,37
Factor_11,CNV,FBRSL1_cnv,-0.1625473187920559,0.1625473187920559,38
Factor_11,CNV,PXMP2_cnv,-0.1625473187920559,0.1625473187920559,39
Factor_11,CNV,GALNT9_cnv,-0.1625473187920559,0.1625473187920559,40
Factor_11,CNV,ZNF140_cnv,-0.1625473187920559,0.1625473187920559,41
Factor_11,CNV,DDX51_cnv,-0.1625473187920559,0.1625473187920559,42
Factor_11,CNV,EP400NL_cnv,-0.1625473187920559,0.1625473187920559,43
Factor_11,CNV,SNORA49_cnv,-0.1625473187920559,0.1625473187920559,44
Factor_11,CNV,EP400_cnv,-0.1625473187920559,0.1625473187920559,45
Factor_11,CNV,PUS1_cnv,-0.1625473187920559,0.1625473187920559,46
Factor_11,CNV,ULK1_cnv,-0.1625473187920559,0.1625473187920559,47
Factor_11,CNV,RNA5SP379_cnv,-0.1625473187920559,0.1625473187920559,48
Factor_11,CNV,RNU4ATAC12P_cnv,-0.1625473187920559,0.1625473187920559,49
Factor_11,CNV,ZNF10_cnv,-0.1625473187920559,0.1625473187920559,50
Factor_11,CNV,PGAM5_cnv,-0.1625473187920559,0.1625473187920559,51
Factor_11,CNV,GALNT4_cnv,-0.1617633725476682,0.1617633725476682,52
Factor_11,CNV,EPYC_cnv,-0.1617633725476682,0.1617633725476682,53
Factor_11,CNV,LRRIQ1_cnv,-0.1617633725476682,0.1617633725476682,54
Factor_11,CNV,ALX1_cnv,-0.1617633725476682,0.1617633725476682,55
Factor_11,CNV,MKRN9P_cnv,-0.1617633725476682,0.1617633725476682,56
Factor_11,CNV,C12orf50_cnv,-0.1617633725476682,0.1617633725476682,57
Factor_11,CNV,C12orf29_cnv,-0.1617633725476682,0.1617633725476682,58
Factor_11,CNV,CEP290_cnv,-0.1617633725476682,0.1617633725476682,59
Factor_11,CNV,RNA5SP364_cnv,-0.1617633725476682,0.1617633725476682,60
Factor_11,CNV,TMTC3_cnv,-0.1617633725476682,0.1617633725476682,61
Factor_11,CNV,DUSP6_cnv,-0.1617633725476682,0.1617633725476682,62
Factor_11,CNV,POC1B_cnv,-0.1617633725476682,0.1617633725476682,63
Factor_11,CNV,ATP2B1_cnv,-0.1617633725476682,0.1617633725476682,64
Factor_11,CNV,LINC00936_cnv,-0.1617633725476682,0.1617633725476682,65
Factor_11,CNV,CCER1_cnv,-0.1617633725476682,0.1617633725476682,66
Factor_11,CNV,LINC00615_cnv,-0.1617633725476682,0.1617633725476682,67
Factor_11,CNV,RNA5SP365_cnv,-0.1617633725476682,0.1617633725476682,68
Factor_11,CNV,KERA_cnv,-0.1617633725476682,0.1617633725476682,69
Factor_11,CNV,DCN_cnv,-0.1617633725476682,0.1617633725476682,70
Factor_11,CNV,C12orf79_cnv,-0.1617633725476682,0.1617633725476682,71
Factor_11,CNV,BTG1_cnv,-0.1617633725476682,0.1617633725476682,72
Factor_11,CNV,CLLU1OS_cnv,-0.1617633725476682,0.1617633725476682,73
Factor_11,CNV,CLLU1_cnv,-0.1617633725476682,0.1617633725476682,74
Factor_11,CNV,snoU13|ENSG00000238865.1_cnv,-0.1617633725476682,0.1617633725476682,75
Factor_11,CNV,C12orf74_cnv,-0.1617633725476682,0.1617633725476682,76
Factor_11,CNV,PLEKHG7_cnv,-0.1617633725476682,0.1617633725476682,77
Factor_11,CNV,LUM_cnv,-0.1617633725476682,0.1617633725476682,78
Factor_11,CNV,TSPAN19_cnv,-0.16172162236271218,0.16172162236271218,79
Factor_11,CNV,TMTC2_cnv,-0.16172162236271218,0.16172162236271218,80
Factor_11,CNV,SNORA3|ENSG00000221148.1_cnv,-0.16172162236271218,0.16172162236271218,81
Factor_11,CNV,SLC6A15_cnv,-0.16172162236271218,0.16172162236271218,82
Factor_11,CNV,METTL25_cnv,-0.16172162236271218,0.16172162236271218,83
Factor_11,CNV,CCDC59_cnv,-0.16172162236271218,0.16172162236271218,84
Factor_11,CNV,ETV1_cnv,-0.16142065401535607,0.16142065401535607,85
Factor_11,CNV,RASSF9_cnv,-0.16130842033537482,0.16130842033537482,86
Factor_11,CNV,NTS_cnv,-0.16130842033537482,0.16130842033537482,87
Factor_11,CNV,DGKB_cnv,-0.16121680183520593,0.16121680183520593,88
Factor_11,CNV,AHR_cnv,-0.1609871314758167,0.1609871314758167,89
Factor_11,CNV,SNORA63|ENSG00000199473.1_cnv,-0.1609871314758167,0.1609871314758167,90
Factor_11,CNV,TMEM106B_cnv,-0.16069849032095512,0.16069849032095512,91
Factor_11,CNV,SCIN_cnv,-0.16025379545302024,0.16025379545302024,92
Factor_11,CNV,PHF14_cnv,-0.16025379545302024,0.16025379545302024,93
Factor_11,CNV,ARL4A_cnv,-0.16025379545302024,0.16025379545302024,94
Factor_11,CNV,SNORA64|ENSG00000199470.1_cnv,-0.16025379545302024,0.16025379545302024,95
Factor_11,CNV,RN7SKP228_cnv,-0.16025379545302024,0.16025379545302024,96
Factor_11,CNV,MEOX2_cnv,-0.16025379545302024,0.16025379545302024,97
Factor_11,CNV,ISPD_cnv,-0.16025379545302024,0.16025379545302024,98
Factor_11,CNV,SNX13_cnv,-0.16025379545302024,0.16025379545302024,99
Factor_11,CNV,VWDE_cnv,-0.16025379545302024,0.16025379545302024,100
Factor_12,CNV,GP6_cnv,-0.020012679618130233,0.020012679618130233,1
Factor_12,CNV,NLRP2_cnv,-0.020012679618130233,0.020012679618130233,2
Factor_12,CNV,NLRP7_cnv,-0.020012679618130233,0.020012679618130233,3
Factor_12,CNV,MACROD2_cnv,-0.011446901642400392,0.011446901642400392,4
Factor_12,CNV,CXCL12_cnv,0.009993342957138997,0.009993342957138997,5
Factor_12,CNV,CYP2C18_cnv,-0.005854948532814678,0.005854948532814678,6
Factor_12,CNV,CYP2C19_cnv,-0.005854948532814678,0.005854948532814678,7
Factor_12,CNV,GLIS3_cnv,-0.0013124463949532792,0.0013124463949532792,8
Factor_12,CNV,TGIF2LX_cnv,-0.0005717107610021448,0.0005717107610021448,9
Factor_12,CNV,ACA64|ENSG00000239008.1_cnv,-0.0005522809558860288,0.0005522809558860288,10
Factor_12,CNV,BRWD3_cnv,-0.0005522809558860288,0.0005522809558860288,11
Factor_12,CNV,FAM46D_cnv,-0.0005522809558860288,0.0005522809558860288,12
Factor_12,CNV,TBX22_cnv,-0.0005522809558860288,0.0005522809558860288,13
Factor_12,CNV,PABPC5_cnv,-0.0005497521230081576,0.0005497521230081576,14
Factor_12,CNV,COX7B_cnv,-0.0005180898046913778,0.0005180898046913778,15
Factor_12,CNV,P2RY10_cnv,-0.0005180898046913778,0.0005180898046913778,16
Factor_12,CNV,ITM2A_cnv,-0.0005180898046913778,0.0005180898046913778,17
Factor_12,CNV,GPR174_cnv,-0.0005180898046913778,0.0005180898046913778,18
Factor_12,CNV,LPAR4_cnv,-0.0005180898046913778,0.0005180898046913778,19
Factor_12,CNV,PGAM4_cnv,-0.0005180898046913778,0.0005180898046913778,20
Factor_12,CNV,ZCCHC5_cnv,-0.0005180898046913778,0.0005180898046913778,21
Factor_12,CNV,CYSLTR1_cnv,-0.0005180898046913778,0.0005180898046913778,22
Factor_12,CNV,RN7SL460P_cnv,-0.0005180898046913778,0.0005180898046913778,23
Factor_12,CNV,PGK1_cnv,-0.0005180898046913778,0.0005180898046913778,24
Factor_12,CNV,ATP7A_cnv,-0.0005180898046913778,0.0005180898046913778,25
Factor_12,CNV,TAF9B_cnv,-0.0005180898046913778,0.0005180898046913778,26
Factor_12,CNV,MAGT1_cnv,-0.0005180898046913778,0.0005180898046913778,27
Factor_12,CNV,SNORD45|ENSG00000200422.1_cnv,-0.0005131666234213069,0.0005131666234213069,28
Factor_12,CNV,ACA64|ENSG00000252016.1_cnv,-0.0005131666234213069,0.0005131666234213069,29
Factor_12,CNV,KDM6A_cnv,-0.0005105661210972743,0.0005105661210972743,30
Factor_12,CNV,APOOL_cnv,-0.0005090278430038618,0.0005090278430038618,31
Factor_12,CNV,POF1B_cnv,-0.0005090278430038618,0.0005090278430038618,32
Factor_12,CNV,CHM_cnv,-0.0005090278430038618,0.0005090278430038618,33
Factor_12,CNV,ZNF711_cnv,-0.0005090278430038618,0.0005090278430038618,34
Factor_12,CNV,UBE2DNL_cnv,-0.0005090278430038618,0.0005090278430038618,35
Factor_12,CNV,SATL1_cnv,-0.0005090278430038618,0.0005090278430038618,36
Factor_12,CNV,DACH2_cnv,-0.0005090278430038618,0.0005090278430038618,37
Factor_12,CNV,MIR361_cnv,-0.0005090278430038618,0.0005090278430038618,38
Factor_12,CNV,HDX_cnv,-0.0005090278430038618,0.0005090278430038618,39
Factor_12,CNV,MIR548I4_cnv,-0.0005090278430038618,0.0005090278430038618,40
Factor_12,CNV,RPS6KA6_cnv,-0.0005090278430038618,0.0005090278430038618,41
Factor_12,CNV,CYLC1_cnv,-0.0005090278430038618,0.0005090278430038618,42
Factor_12,CNV,POU3F4_cnv,-0.0005090278430038618,0.0005090278430038618,43
Factor_12,CNV,SNORA4|ENSG00000202183.1_cnv,-0.0005066479629015746,0.0005066479629015746,44
Factor_12,CNV,HUWE1_cnv,-0.0005032172892285289,0.0005032172892285289,45
Factor_12,CNV,KLHL4_cnv,-0.0005002064636876765,0.0005002064636876765,46
Factor_12,CNV,CHST7_cnv,-0.0004957117752151007,0.0004957117752151007,47
Factor_12,CNV,RNA5SP321_cnv,-0.0004903863482426393,0.0004903863482426393,48
Factor_12,CNV,SSX9_cnv,-0.0004792681341261891,0.0004792681341261891,49
Factor_12,CNV,WDR13_cnv,-0.0004792681341261891,0.0004792681341261891,50
Factor_12,CNV,RBM3_cnv,-0.0004792681341261891,0.0004792681341261891,51
Factor_12,CNV,snoU13|ENSG00000239017.1_cnv,-0.0004792681341261891,0.0004792681341261891,52
Factor_12,CNV,TBC1D25_cnv,-0.0004792681341261891,0.0004792681341261891,53
Factor_12,CNV,EBP_cnv,-0.0004792681341261891,0.0004792681341261891,54
Factor_12,CNV,PORCN_cnv,-0.0004792681341261891,0.0004792681341261891,55
Factor_12,CNV,FTSJ1_cnv,-0.0004792681341261891,0.0004792681341261891,56
Factor_12,CNV,SLC38A5_cnv,-0.0004792681341261891,0.0004792681341261891,57
Factor_12,CNV,SSX4_cnv,-0.0004792681341261891,0.0004792681341261891,58
Factor_12,CNV,PQBP1_cnv,-0.0004792681341261891,0.0004792681341261891,59
Factor_12,CNV,SSX4B_cnv,-0.0004792681341261891,0.0004792681341261891,60
Factor_12,CNV,SSX3_cnv,-0.0004792681341261891,0.0004792681341261891,61
Factor_12,CNV,SSX1_cnv,-0.0004792681341261891,0.0004792681341261891,62
Factor_12,CNV,RNA5SP503_cnv,-0.0004792681341261891,0.0004792681341261891,63
Factor_12,CNV,SSX5_cnv,-0.0004792681341261891,0.0004792681341261891,64
Factor_12,CNV,snoU13|ENSG00000238473.1_cnv,-0.0004792681341261891,0.0004792681341261891,65
Factor_12,CNV,ZNF630_cnv,-0.0004792681341261891,0.0004792681341261891,66
Factor_12,CNV,ZNF182_cnv,-0.0004792681341261891,0.0004792681341261891,67
Factor_12,CNV,WAS_cnv,-0.0004792681341261891,0.0004792681341261891,68
Factor_12,CNV,SUV39H1_cnv,-0.0004792681341261891,0.0004792681341261891,69
Factor_12,CNV,GLOD5_cnv,-0.0004792681341261891,0.0004792681341261891,70
Factor_12,CNV,ZNF81_cnv,-0.0004792681341261891,0.0004792681341261891,71
Factor_12,CNV,PIM2_cnv,-0.0004792681341261891,0.0004792681341261891,72
Factor_12,CNV,SLC35A2_cnv,-0.0004792681341261891,0.0004792681341261891,73
Factor_12,CNV,OTUD5_cnv,-0.0004792681341261891,0.0004792681341261891,74
Factor_12,CNV,KCND1_cnv,-0.0004792681341261891,0.0004792681341261891,75
Factor_12,CNV,GRIPAP1_cnv,-0.0004792681341261891,0.0004792681341261891,76
Factor_12,CNV,RN7SL139P_cnv,-0.0004792681341261891,0.0004792681341261891,77
Factor_12,CNV,GATA1_cnv,-0.0004792681341261891,0.0004792681341261891,78
Factor_12,CNV,SPACA5_cnv,-0.0004792681341261891,0.0004792681341261891,79
Factor_12,CNV,SPACA5B_cnv,-0.0004792681341261891,0.0004792681341261891,80
Factor_12,CNV,TIMM17B_cnv,-0.0004792681341261891,0.0004792681341261891,81
Factor_12,CNV,PCSK1N_cnv,-0.0004792681341261891,0.0004792681341261891,82
Factor_12,CNV,ERAS_cnv,-0.0004792681341261891,0.0004792681341261891,83
Factor_12,CNV,HDAC6_cnv,-0.0004792681341261891,0.0004792681341261891,84
Factor_12,CNV,SSX6_cnv,-0.0004792681341261891,0.0004792681341261891,85
Factor_12,CNV,MIR605_cnv,-0.0004775495398572848,0.0004775495398572848,86
Factor_12,CNV,CSTF2T_cnv,-0.0004775495398572848,0.0004775495398572848,87
Factor_12,CNV,DKK1_cnv,-0.0004775495398572848,0.0004775495398572848,88
Factor_12,CNV,A1CF_cnv,-0.0004775495398572848,0.0004775495398572848,89
Factor_12,CNV,ASAH2B_cnv,-0.0004775495398572848,0.0004775495398572848,90
Factor_12,CNV,HMGN5_cnv,-0.0004770147862402316,0.0004770147862402316,91
Factor_12,CNV,SH3BGRL_cnv,-0.0004770147862402316,0.0004770147862402316,92
Factor_12,CNV,UXT_cnv,-0.00047387911469512354,0.00047387911469512354,93
Factor_12,CNV,CXXC1P1_cnv,-0.00047387911469512354,0.00047387911469512354,94
Factor_12,CNV,ZNF157_cnv,-0.00047387911469512354,0.00047387911469512354,95
Factor_12,CNV,ELK1_cnv,-0.00047387911469512354,0.00047387911469512354,96
Factor_12,CNV,USP11_cnv,-0.00047387911469512354,0.00047387911469512354,97
Factor_12,CNV,CFP_cnv,-0.00047387911469512354,0.00047387911469512354,98
Factor_12,CNV,SLC9A7_cnv,-0.00047387911469512354,0.00047387911469512354,99
Factor_12,CNV,RP2_cnv,-0.00047387911469512354,0.00047387911469512354,100
Factor_13,CNV,MET_cnv,-0.24900987971521046,0.24900987971521046,1
Factor_13,CNV,CUX1_cnv,-0.24656826320811795,0.24656826320811795,2
Factor_13,CNV,SNORA25|ENSG00000202377.1_cnv,-0.24620360985887357,0.24620360985887357,3
Factor_13,CNV,NAA38_cnv,-0.24620360985887357,0.24620360985887357,4
Factor_13,CNV,ANKRD7_cnv,-0.24620360985887357,0.24620360985887357,5
Factor_13,CNV,CAV2_cnv,-0.24616861922916602,0.24616861922916602,6
Factor_13,CNV,WNT2_cnv,-0.24616861922916602,0.24616861922916602,7
Factor_13,CNV,CAV1_cnv,-0.24616861922916602,0.24616861922916602,8
Factor_13,CNV,ASZ1_cnv,-0.24616861922916602,0.24616861922916602,9
Factor_13,CNV,snoZ185_cnv,-0.24616861922916602,0.24616861922916602,10
Factor_13,CNV,TES_cnv,-0.24616861922916602,0.24616861922916602,11
Factor_13,CNV,TFEC_cnv,-0.24616861922916602,0.24616861922916602,12
Factor_13,CNV,TSRM_cnv,-0.24594354201397955,0.24594354201397955,13
Factor_13,CNV,FOXP2_cnv,-0.24594354201397955,0.24594354201397955,14
Factor_13,CNV,RNA5SP238_cnv,-0.24594354201397955,0.24594354201397955,15
Factor_13,CNV,MIR3666_cnv,-0.24594354201397955,0.24594354201397955,16
Factor_13,CNV,MDFIC_cnv,-0.24594354201397955,0.24594354201397955,17
Factor_13,CNV,CAPZA2_cnv,-0.24586102108019012,0.24586102108019012,18
Factor_13,CNV,RNA5SP239_cnv,-0.24586102108019012,0.24586102108019012,19
Factor_13,CNV,ST7_cnv,-0.24586102108019012,0.24586102108019012,20
Factor_13,CNV,CTTNBP2_cnv,-0.24586102108019012,0.24586102108019012,21
Factor_13,CNV,CFTR_cnv,-0.24586102108019012,0.24586102108019012,22
Factor_13,CNV,PPP1R3A_cnv,-0.2456314894711663,0.2456314894711663,23
Factor_13,CNV,MIR4285_cnv,-0.24539676248755496,0.24539676248755496,24
Factor_13,CNV,SPDYE2_cnv,-0.24539676248755496,0.24539676248755496,25
Factor_13,CNV,RASA4_cnv,-0.24539676248755496,0.24539676248755496,26
Factor_13,CNV,RASA4B_cnv,-0.24539676248755496,0.24539676248755496,27
Factor_13,CNV,POLR2J_cnv,-0.24539676248755496,0.24539676248755496,28
Factor_13,CNV,POLR2J3_cnv,-0.24539676248755496,0.24539676248755496,29
Factor_13,CNV,MIR5090_cnv,-0.24539676248755496,0.24539676248755496,30
Factor_13,CNV,MIR4467_cnv,-0.24539676248755496,0.24539676248755496,31
Factor_13,CNV,LRWD1_cnv,-0.24539676248755496,0.24539676248755496,32
Factor_13,CNV,FAM185A_cnv,-0.24539676248755496,0.24539676248755496,33
Factor_13,CNV,ALKBH4_cnv,-0.24539676248755496,0.24539676248755496,34
Factor_13,CNV,ORAI2_cnv,-0.24539676248755496,0.24539676248755496,35
Factor_13,CNV,MIR548O_cnv,-0.24539676248755496,0.24539676248755496,36
Factor_13,CNV,PRKRIP1_cnv,-0.24539676248755496,0.24539676248755496,37
Factor_13,CNV,SH2B2_cnv,-0.24539676248755496,0.24539676248755496,38
Factor_13,CNV,POLR2J2_cnv,-0.24539676248755496,0.24539676248755496,39
Factor_13,CNV,SPDYE2B_cnv,-0.24539676248755496,0.24539676248755496,40
Factor_13,CNV,UPK3BL_cnv,-0.24539676248755496,0.24539676248755496,41
Factor_13,CNV,SNORA73|ENSG00000252054.1_cnv,-0.24333107309613997,0.24333107309613997,42
Factor_13,CNV,GNGT1_cnv,-0.24286652515833002,0.24286652515833002,43
Factor_13,CNV,CDK6_cnv,-0.24286652515833002,0.24286652515833002,44
Factor_13,CNV,PRSS37_cnv,-0.24158913740318116,0.24158913740318116,45
Factor_13,CNV,AGK_cnv,-0.24158913740318116,0.24158913740318116,46
Factor_13,CNV,KIAA1147_cnv,-0.24158913740318116,0.24158913740318116,47
Factor_13,CNV,WEE2_cnv,-0.24158913740318116,0.24158913740318116,48
Factor_13,CNV,TAS2R3_cnv,-0.24158913740318116,0.24158913740318116,49
Factor_13,CNV,TAS2R4_cnv,-0.24158913740318116,0.24158913740318116,50
Factor_13,CNV,TAS2R5_cnv,-0.24158913740318116,0.24158913740318116,51
Factor_13,CNV,SSBP1_cnv,-0.24158913740318116,0.24158913740318116,52
Factor_13,CNV,OR9A3P_cnv,-0.24158913740318116,0.24158913740318116,53
Factor_13,CNV,OR9A1P_cnv,-0.24158913740318116,0.24158913740318116,54
Factor_13,CNV,MGAM_cnv,-0.24158913740318116,0.24158913740318116,55
Factor_13,CNV,OR9A4_cnv,-0.24158913740318116,0.24158913740318116,56
Factor_13,CNV,CLEC5A_cnv,-0.24158913740318116,0.24158913740318116,57
Factor_13,CNV,TAS2R38_cnv,-0.24158913740318116,0.24158913740318116,58
Factor_13,CNV,AP5Z1_cnv,-0.24157858409686517,0.24157858409686517,59
Factor_13,CNV,RADIL_cnv,-0.24157858409686517,0.24157858409686517,60
Factor_13,CNV,PAPOLB_cnv,-0.24157858409686517,0.24157858409686517,61
Factor_13,CNV,MMD2_cnv,-0.24157858409686517,0.24157858409686517,62
Factor_13,CNV,MIR4656_cnv,-0.24157858409686517,0.24157858409686517,63
Factor_13,CNV,FOXK1_cnv,-0.24157858409686517,0.24157858409686517,64
Factor_13,CNV,SMURF1_cnv,-0.24087742642147314,0.24087742642147314,65
Factor_13,CNV,KPNA7_cnv,-0.24087742642147314,0.24087742642147314,66
Factor_13,CNV,SFRP4_cnv,-0.2407291031949173,0.2407291031949173,67
Factor_13,CNV,TMEM178B_cnv,-0.24065987741682868,0.24065987741682868,68
Factor_13,CNV,GNG11_cnv,-0.2400568391040295,0.2400568391040295,69
Factor_13,CNV,TFPI2_cnv,-0.2400568391040295,0.2400568391040295,70
Factor_13,CNV,MIR4652_cnv,-0.2400568391040295,0.2400568391040295,71
Factor_13,CNV,BET1_cnv,-0.2400568391040295,0.2400568391040295,72
Factor_13,CNV,MTERF_cnv,-0.2400568391040295,0.2400568391040295,73
Factor_13,CNV,FAM133B_cnv,-0.2400568391040295,0.2400568391040295,74
Factor_13,CNV,PEX1_cnv,-0.2400568391040295,0.2400568391040295,75
Factor_13,CNV,AKAP9_cnv,-0.2400568391040295,0.2400568391040295,76
Factor_13,CNV,GATAD1_cnv,-0.2400568391040295,0.2400568391040295,77
Factor_13,CNV,ANKIB1_cnv,-0.2400568391040295,0.2400568391040295,78
Factor_13,CNV,KRIT1_cnv,-0.2400568391040295,0.2400568391040295,79
Factor_13,CNV,LRRD1_cnv,-0.2400568391040295,0.2400568391040295,80
Factor_13,CNV,RBM48_cnv,-0.2400568391040295,0.2400568391040295,81
Factor_13,CNV,CYP51A1_cnv,-0.2400568391040295,0.2400568391040295,82
Factor_13,CNV,TRRAP_cnv,-0.23948702162535643,0.23948702162535643,83
Factor_13,CNV,snoU13|ENSG00000238459.1_cnv,-0.23948702162535643,0.23948702162535643,84
Factor_13,CNV,TMEM130_cnv,-0.23948702162535643,0.23948702162535643,85
Factor_13,CNV,MIR3609_cnv,-0.23948702162535643,0.23948702162535643,86
Factor_13,CNV,PPP1R35_cnv,-0.23939406490867143,0.23939406490867143,87
Factor_13,CNV,PILRB_cnv,-0.23939406490867143,0.23939406490867143,88
Factor_13,CNV,STAG3L5P_cnv,-0.23939406490867143,0.23939406490867143,89
Factor_13,CNV,PILRA_cnv,-0.23939406490867143,0.23939406490867143,90
Factor_13,CNV,ZCWPW1_cnv,-0.23939406490867143,0.23939406490867143,91
Factor_13,CNV,MEPCE_cnv,-0.23939406490867143,0.23939406490867143,92
Factor_13,CNV,SNORA48|ENSG00000252824.1_cnv,-0.23939406490867143,0.23939406490867143,93
Factor_13,CNV,C7orf61_cnv,-0.23939406490867143,0.23939406490867143,94
Factor_13,CNV,MIR4653_cnv,-0.23939406490867143,0.23939406490867143,95
Factor_13,CNV,RN7SL549P_cnv,-0.23939406490867143,0.23939406490867143,96
Factor_13,CNV,MUC3A_cnv,-0.23939406490867143,0.23939406490867143,97
Factor_13,CNV,MUC12_cnv,-0.23939406490867143,0.23939406490867143,98
Factor_13,CNV,MUC17_cnv,-0.23939406490867143,0.23939406490867143,99
Factor_13,CNV,RN7SKP54_cnv,-0.23939406490867143,0.23939406490867143,100
Factor_14,CNV,CALB2_cnv,-0.18988036374050438,0.18988036374050438,1
Factor_14,CNV,ZFHX3_cnv,-0.1871985063709573,0.1871985063709573,2
Factor_14,CNV,SLC6A10P_cnv,-0.1861318439929138,0.1861318439929138,3
Factor_14,CNV,RNA5SP416_cnv,-0.1861318439929138,0.1861318439929138,4
Factor_14,CNV,RNA5SP415_cnv,-0.1861318439929138,0.1861318439929138,5
Factor_14,CNV,RNA5SP413_cnv,-0.1861318439929138,0.1861318439929138,6
Factor_14,CNV,RNA5SP410_cnv,-0.1861318439929138,0.1861318439929138,7
Factor_14,CNV,RNA5SP409_cnv,-0.1861318439929138,0.1861318439929138,8
Factor_14,CNV,RNA5SP408_cnv,-0.1861318439929138,0.1861318439929138,9
Factor_14,CNV,RNA5SP407_cnv,-0.1861318439929138,0.1861318439929138,10
Factor_14,CNV,RNA5SP406_cnv,-0.1861318439929138,0.1861318439929138,11
Factor_14,CNV,LINC00273_cnv,-0.1861318439929138,0.1861318439929138,12
Factor_14,CNV,HERC2P8_cnv,-0.1861318439929138,0.1861318439929138,13
Factor_14,CNV,RNA5SP419_cnv,-0.1861318439929138,0.1861318439929138,14
Factor_14,CNV,HERC2P5_cnv,-0.1861318439929138,0.1861318439929138,15
Factor_14,CNV,HERC2P4_cnv,-0.1861318439929138,0.1861318439929138,16
Factor_14,CNV,ARHGAP23P1_cnv,-0.1861318439929138,0.1861318439929138,17
Factor_14,CNV,ANKRD26P1_cnv,-0.1861318439929138,0.1861318439929138,18
Factor_14,CNV,TP53TG3C_cnv,-0.1861318439929138,0.1861318439929138,19
Factor_14,CNV,TP53TG3D_cnv,-0.1861318439929138,0.1861318439929138,20
Factor_14,CNV,TP53TG3_cnv,-0.1861318439929138,0.1861318439929138,21
Factor_14,CNV,TP53TG3B_cnv,-0.1861318439929138,0.1861318439929138,22
Factor_14,CNV,ZNF267_cnv,-0.1861318439929138,0.1861318439929138,23
Factor_14,CNV,RNA5SP418_cnv,-0.1861318439929138,0.1861318439929138,24
Factor_14,CNV,RNA5SP417_cnv,-0.1861318439929138,0.1861318439929138,25
Factor_14,CNV,RNA5SP420_cnv,-0.1861318439929138,0.1861318439929138,26
Factor_14,CNV,RNA5SP422_cnv,-0.1861318439929138,0.1861318439929138,27
Factor_14,CNV,RNA5SP423_cnv,-0.1861318439929138,0.1861318439929138,28
Factor_14,CNV,RNA5SP421_cnv,-0.1861318439929138,0.1861318439929138,29
Factor_14,CNV,CHST4_cnv,-0.18612134136876124,0.18612134136876124,30
Factor_14,CNV,IST1_cnv,-0.18612134136876124,0.18612134136876124,31
Factor_14,CNV,ZNF821_cnv,-0.18612134136876124,0.18612134136876124,32
Factor_14,CNV,ATXN1L_cnv,-0.18612134136876124,0.18612134136876124,33
Factor_14,CNV,SNORD71_cnv,-0.18612134136876124,0.18612134136876124,34
Factor_14,CNV,AP1G1_cnv,-0.18612134136876124,0.18612134136876124,35
Factor_14,CNV,SNORA70D_cnv,-0.18612134136876124,0.18612134136876124,36
Factor_14,CNV,MARVELD3_cnv,-0.18612134136876124,0.18612134136876124,37
Factor_14,CNV,PHLPP2_cnv,-0.18612134136876124,0.18612134136876124,38
Factor_14,CNV,ZNF23_cnv,-0.18612134136876124,0.18612134136876124,39
Factor_14,CNV,SNORD112|ENSG00000251700.1_cnv,-0.18612134136876124,0.18612134136876124,40
Factor_14,CNV,RNU6ATAC25P_cnv,-0.18612134136876124,0.18612134136876124,41
Factor_14,CNV,HYDIN_cnv,-0.18612134136876124,0.18612134136876124,42
Factor_14,CNV,VAC14_cnv,-0.18612134136876124,0.18612134136876124,43
Factor_14,CNV,MTSS1L_cnv,-0.18612134136876124,0.18612134136876124,44
Factor_14,CNV,FLJ00418_cnv,-0.18612134136876124,0.18612134136876124,45
Factor_14,CNV,FTSJD1_cnv,-0.18612134136876124,0.18612134136876124,46
Factor_14,CNV,NUP93_cnv,-0.18607669295024665,0.18607669295024665,47
Factor_14,CNV,ATP6V0D1_cnv,-0.1853928558656073,0.1853928558656073,48
Factor_14,CNV,CTCF_cnv,-0.1853928558656073,0.1853928558656073,49
Factor_14,CNV,AGRP_cnv,-0.1853928558656073,0.1853928558656073,50
Factor_14,CNV,ACD_cnv,-0.1853928558656073,0.1853928558656073,51
Factor_14,CNV,HSD11B2_cnv,-0.1853928558656073,0.1853928558656073,52
Factor_14,CNV,ZDHHC1_cnv,-0.1853928558656073,0.1853928558656073,53
Factor_14,CNV,TPPP3_cnv,-0.1853928558656073,0.1853928558656073,54
Factor_14,CNV,RLTPR_cnv,-0.1853928558656073,0.1853928558656073,55
Factor_14,CNV,snoU13|ENSG00000238343.1_cnv,-0.1853928558656073,0.1853928558656073,56
Factor_14,CNV,C16orf86_cnv,-0.1853928558656073,0.1853928558656073,57
Factor_14,CNV,PRMT7_cnv,-0.1853928558656073,0.1853928558656073,58
Factor_14,CNV,NFATC3_cnv,-0.1853928558656073,0.1853928558656073,59
Factor_14,CNV,SNORA48|ENSG00000212445.1_cnv,-0.1853928558656073,0.1853928558656073,60
Factor_14,CNV,ESRP2_cnv,-0.1853928558656073,0.1853928558656073,61
Factor_14,CNV,PLA2G15_cnv,-0.1853928558656073,0.1853928558656073,62
Factor_14,CNV,SLC7A6_cnv,-0.1853928558656073,0.1853928558656073,63
Factor_14,CNV,SLC7A6OS_cnv,-0.1853928558656073,0.1853928558656073,64
Factor_14,CNV,SMPD3_cnv,-0.1853928558656073,0.1853928558656073,65
Factor_14,CNV,ENKD1_cnv,-0.1853928558656073,0.1853928558656073,66
Factor_14,CNV,ZFP90_cnv,-0.1853928558656073,0.1853928558656073,67
Factor_14,CNV,snoU109|ENSG00000252040.1_cnv,-0.1853928558656073,0.1853928558656073,68
Factor_14,CNV,snoU109|ENSG00000252640.1_cnv,-0.1853928558656073,0.1853928558656073,69
Factor_14,CNV,CDH3_cnv,-0.1853928558656073,0.1853928558656073,70
Factor_14,CNV,CDH1_cnv,-0.1853928558656073,0.1853928558656073,71
Factor_14,CNV,RNA5SP429_cnv,-0.1853928558656073,0.1853928558656073,72
Factor_14,CNV,DDX28_cnv,-0.1853928558656073,0.1853928558656073,73
Factor_14,CNV,DUS2L_cnv,-0.1853928558656073,0.1853928558656073,74
Factor_14,CNV,DPEP2_cnv,-0.1853928558656073,0.1853928558656073,75
Factor_14,CNV,DPEP3_cnv,-0.1853928558656073,0.1853928558656073,76
Factor_14,CNV,SLC12A4_cnv,-0.1853928558656073,0.1853928558656073,77
Factor_14,CNV,LCAT_cnv,-0.1853928558656073,0.1853928558656073,78
Factor_14,CNV,PSMB10_cnv,-0.1853928558656073,0.1853928558656073,79
Factor_14,CNV,CTRL_cnv,-0.1853928558656073,0.1853928558656073,80
Factor_14,CNV,PSKH1_cnv,-0.1853928558656073,0.1853928558656073,81
Factor_14,CNV,NRN1L_cnv,-0.1853928558656073,0.1853928558656073,82
Factor_14,CNV,NUTF2_cnv,-0.1853928558656073,0.1853928558656073,83
Factor_14,CNV,THAP11_cnv,-0.1853928558656073,0.1853928558656073,84
Factor_14,CNV,CENPT_cnv,-0.1853928558656073,0.1853928558656073,85
Factor_14,CNV,TSNAXIP1_cnv,-0.1853928558656073,0.1853928558656073,86
Factor_14,CNV,RANBP10_cnv,-0.1853928558656073,0.1853928558656073,87
Factor_14,CNV,GFOD2_cnv,-0.1853928558656073,0.1853928558656073,88
Factor_14,CNV,PARD6A_cnv,-0.1853928558656073,0.1853928558656073,89
Factor_14,CNV,EDC4_cnv,-0.1853928558656073,0.1853928558656073,90
Factor_14,CNV,FAM65A_cnv,-0.1853928558656073,0.1853928558656073,91
Factor_14,CNV,CDH11_cnv,-0.1853928558656073,0.1853928558656073,92
Factor_14,CNV,LINC00922_cnv,-0.1853928558656073,0.1853928558656073,93
Factor_14,CNV,TERF2_cnv,-0.18521524156519267,0.18521524156519267,94
Factor_14,CNV,TMED6_cnv,-0.18521524156519267,0.18521524156519267,95
Factor_14,CNV,LRRC36_cnv,-0.18519821901599856,0.18519821901599856,96
Factor_14,CNV,TMEM208_cnv,-0.18519821901599856,0.18519821901599856,97
Factor_14,CNV,FHOD1_cnv,-0.18519821901599856,0.18519821901599856,98
Factor_14,CNV,SLC9A5_cnv,-0.18519821901599856,0.18519821901599856,99
Factor_14,CNV,PLEKHG4_cnv,-0.18519821901599856,0.18519821901599856,100
Factor_15,CNV,SFRP4_cnv,-0.4984294802194159,0.4984294802194159,1
Factor_15,CNV,ABCB5_cnv,-0.49723128012045653,0.49723128012045653,2
Factor_15,CNV,ITGB8_cnv,-0.49723128012045653,0.49723128012045653,3
Factor_15,CNV,RN7SL542P_cnv,-0.49723128012045653,0.49723128012045653,4
Factor_15,CNV,MACC1_cnv,-0.49723128012045653,0.49723128012045653,5
Factor_15,CNV,SP8_cnv,-0.49723128012045653,0.49723128012045653,6
Factor_15,CNV,SNORD56|ENSG00000200753.1_cnv,-0.49723128012045653,0.49723128012045653,7
Factor_15,CNV,DNAH11_cnv,-0.4961069655462962,0.4961069655462962,8
Factor_15,CNV,CDCA7L_cnv,-0.4961069655462962,0.4961069655462962,9
Factor_15,CNV,DPP6_cnv,-0.4956303241389102,0.4956303241389102,10
Factor_15,CNV,SNORD93_cnv,-0.49522476711661134,0.49522476711661134,11
Factor_15,CNV,MIR1183_cnv,-0.49522476711661134,0.49522476711661134,12
Factor_15,CNV,RAPGEF5_cnv,-0.49522476711661134,0.49522476711661134,13
Factor_15,CNV,RNA5SP227_cnv,-0.49522476711661134,0.49522476711661134,14
Factor_15,CNV,STEAP1B_cnv,-0.49522476711661134,0.49522476711661134,15
Factor_15,CNV,IL6_cnv,-0.49522476711661134,0.49522476711661134,16
Factor_15,CNV,TOMM7_cnv,-0.49522476711661134,0.49522476711661134,17
Factor_15,CNV,CCDC126_cnv,-0.49522476711661134,0.49522476711661134,18
Factor_15,CNV,FAM221A_cnv,-0.49522476711661134,0.49522476711661134,19
Factor_15,CNV,KLHL7_cnv,-0.49522476711661134,0.49522476711661134,20
Factor_15,CNV,STK31_cnv,-0.49522476711661134,0.49522476711661134,21
Factor_15,CNV,IGF2BP3_cnv,-0.49522476711661134,0.49522476711661134,22
Factor_15,CNV,SNORD65|ENSG00000212264.1_cnv,-0.49522476711661134,0.49522476711661134,23
Factor_15,CNV,TRA2A_cnv,-0.49522476711661134,0.49522476711661134,24
Factor_15,CNV,snoU13|ENSG00000238849.1_cnv,-0.49522476711661134,0.49522476711661134,25
Factor_15,CNV,FAM126A_cnv,-0.49522476711661134,0.49522476711661134,26
Factor_15,CNV,HECW1_cnv,-0.4944867432354909,0.4944867432354909,27
Factor_15,CNV,ETV1_cnv,-0.4940740893329266,0.4940740893329266,28
Factor_15,CNV,TMEM196_cnv,-0.49388841632802993,0.49388841632802993,29
Factor_15,CNV,snoU13|ENSG00000238922.1_cnv,-0.4933450022859247,0.4933450022859247,30
Factor_15,CNV,LRRN3_cnv,-0.4933450022859247,0.4933450022859247,31
Factor_15,CNV,PHF14_cnv,-0.4922400393369839,0.4922400393369839,32
Factor_15,CNV,NDUFA4_cnv,-0.4922400393369839,0.4922400393369839,33
Factor_15,CNV,RN7SKP266_cnv,-0.4922400393369839,0.4922400393369839,34
Factor_15,CNV,HDAC9_cnv,-0.4922400393369839,0.4922400393369839,35
Factor_15,CNV,PRPS1L1_cnv,-0.4922400393369839,0.4922400393369839,36
Factor_15,CNV,ISPD_cnv,-0.4922400393369839,0.4922400393369839,37
Factor_15,CNV,MEOX2_cnv,-0.4922400393369839,0.4922400393369839,38
Factor_15,CNV,SNX13_cnv,-0.4922400393369839,0.4922400393369839,39
Factor_15,CNV,RN7SKP228_cnv,-0.4922400393369839,0.4922400393369839,40
Factor_15,CNV,SNORA64|ENSG00000199470.1_cnv,-0.4922400393369839,0.4922400393369839,41
Factor_15,CNV,ARL4A_cnv,-0.4922400393369839,0.4922400393369839,42
Factor_15,CNV,SCIN_cnv,-0.4922400393369839,0.4922400393369839,43
Factor_15,CNV,VWDE_cnv,-0.4922400393369839,0.4922400393369839,44
Factor_15,CNV,U3|ENSG00000212422.1_cnv,-0.4922400393369839,0.4922400393369839,45
Factor_15,CNV,TWISTNB_cnv,-0.4921727624017926,0.4921727624017926,46
Factor_15,CNV,TWIST1_cnv,-0.4921727624017926,0.4921727624017926,47
Factor_15,CNV,FERD3L_cnv,-0.4921727624017926,0.4921727624017926,48
Factor_15,CNV,MIR3146_cnv,-0.4921727624017926,0.4921727624017926,49
Factor_15,CNV,snoU13|ENSG00000238506.1_cnv,-0.49204424238339867,0.49204424238339867,50
Factor_15,CNV,SNORA31|ENSG00000253028.1_cnv,-0.49204424238339867,0.49204424238339867,51
Factor_15,CNV,AHR_cnv,-0.4912363381488685,0.4912363381488685,52
Factor_15,CNV,SNORA63|ENSG00000199473.1_cnv,-0.4912363381488685,0.4912363381488685,53
Factor_15,CNV,NUPL2_cnv,-0.49106331429871214,0.49106331429871214,54
Factor_15,CNV,GPNMB_cnv,-0.49106331429871214,0.49106331429871214,55
Factor_15,CNV,MALSU1_cnv,-0.49106331429871214,0.49106331429871214,56
Factor_15,CNV,TMEM106B_cnv,-0.4904954501216727,0.4904954501216727,57
Factor_15,CNV,RN7SL292P_cnv,-0.4903988696686958,0.4903988696686958,58
Factor_15,CNV,COBL_cnv,-0.4903988696686958,0.4903988696686958,59
Factor_15,CNV,SNORA4|ENSG00000201133.1_cnv,-0.4903988696686958,0.4903988696686958,60
Factor_15,CNV,RNA5SP230_cnv,-0.4903988696686958,0.4903988696686958,61
Factor_15,CNV,POLR2J4_cnv,-0.4903988696686958,0.4903988696686958,62
Factor_15,CNV,UBE2D4_cnv,-0.4903988696686958,0.4903988696686958,63
Factor_15,CNV,URGCP_cnv,-0.4903988696686958,0.4903988696686958,64
Factor_15,CNV,MRPS24_cnv,-0.4903988696686958,0.4903988696686958,65
Factor_15,CNV,BLVRA_cnv,-0.4903988696686958,0.4903988696686958,66
Factor_15,CNV,DDC_cnv,-0.4903988696686958,0.4903988696686958,67
Factor_15,CNV,COA1_cnv,-0.4903988696686958,0.4903988696686958,68
Factor_15,CNV,STK17A_cnv,-0.4903988696686958,0.4903988696686958,69
Factor_15,CNV,PSMA2_cnv,-0.4903988696686958,0.4903988696686958,70
Factor_15,CNV,MRPL32_cnv,-0.4903988696686958,0.4903988696686958,71
Factor_15,CNV,MIR3943_cnv,-0.4903988696686958,0.4903988696686958,72
Factor_15,CNV,GRB10_cnv,-0.4903988696686958,0.4903988696686958,73
Factor_15,CNV,SUN3_cnv,-0.4903988696686958,0.4903988696686958,74
Factor_15,CNV,FIGNL1_cnv,-0.4903988696686958,0.4903988696686958,75
Factor_15,CNV,IKZF1_cnv,-0.4903988696686958,0.4903988696686958,76
Factor_15,CNV,CCM2_cnv,-0.4903988696686958,0.4903988696686958,77
Factor_15,CNV,SNHG15_cnv,-0.4903988696686958,0.4903988696686958,78
Factor_15,CNV,MYO1G_cnv,-0.4903988696686958,0.4903988696686958,79
Factor_15,CNV,MIR4657_cnv,-0.4903988696686958,0.4903988696686958,80
Factor_15,CNV,PURB_cnv,-0.4903988696686958,0.4903988696686958,81
Factor_15,CNV,H2AFV_cnv,-0.4903988696686958,0.4903988696686958,82
Factor_15,CNV,PPIA_cnv,-0.4903988696686958,0.4903988696686958,83
Factor_15,CNV,ZMIZ2_cnv,-0.4903988696686958,0.4903988696686958,84
Factor_15,CNV,OGDH_cnv,-0.4903988696686958,0.4903988696686958,85
Factor_15,CNV,TMED4_cnv,-0.4903988696686958,0.4903988696686958,86
Factor_15,CNV,DDX56_cnv,-0.4903988696686958,0.4903988696686958,87
Factor_15,CNV,RASA4CP_cnv,-0.4903988696686958,0.4903988696686958,88
Factor_15,CNV,LINC00957_cnv,-0.4903988696686958,0.4903988696686958,89
Factor_15,CNV,CAMK2B_cnv,-0.4903988696686958,0.4903988696686958,90
Factor_15,CNV,YKT6_cnv,-0.4903988696686958,0.4903988696686958,91
Factor_15,CNV,GCK_cnv,-0.4903988696686958,0.4903988696686958,92
Factor_15,CNV,MYL7_cnv,-0.4903988696686958,0.4903988696686958,93
Factor_15,CNV,DBNL_cnv,-0.4903988696686958,0.4903988696686958,94
Factor_15,CNV,POLD2_cnv,-0.4903988696686958,0.4903988696686958,95
Factor_15,CNV,MIR4649_cnv,-0.4903988696686958,0.4903988696686958,96
Factor_15,CNV,AEBP1_cnv,-0.4903988696686958,0.4903988696686958,97
Factor_15,CNV,NACAD_cnv,-0.4903988696686958,0.4903988696686958,98
Factor_15,CNV,TBRG4_cnv,-0.4903988696686958,0.4903988696686958,99
Factor_15,CNV,SNORA5A_cnv,-0.4903988696686958,0.4903988696686958,100
Factor_1,Exon,chr11:120276827-120276850:+_exon,0.4173056402421543,0.4173056402421543,1
Factor_1,Exon,chr18:29098202-29098237:+_exon,0.38223383975558795,0.38223383975558795,2
Factor_1,Exon,chr11:120292512-120292561:+_exon,0.381670622029044,0.381670622029044,3
Factor_1,Exon,chr22:50745982-50746002:-_exon,0.3647310224018717,0.3647310224018717,4
Factor_1,Exon,chr11:120291462-120291560:+_exon,0.36402166073312514,0.36402166073312514,5
Factor_1,Exon,chr12:6180463-6180509:-_exon,0.3624377372367974,0.3624377372367974,6
Factor_1,Exon,chr11:120278447-120278532:+_exon,0.35569989979338856,0.35569989979338856,7
Factor_1,Exon,chr8:29053704-29053716:-_exon,0.3521184671598754,0.3521184671598754,8
Factor_1,Exon,chr12:6232308-6232362:-_exon,0.3461146913213837,0.3461146913213837,9
Factor_1,Exon,chr12:6181497-6181608:-_exon,0.3454136435713165,0.3454136435713165,10
Factor_1,Exon,chr13:113474214-113474264:+_exon,0.34258869516269524,0.34258869516269524,11
Factor_1,Exon,chr2:54844745-54844825:+_exon,0.34189533292269314,0.34189533292269314,12
Factor_1,Exon,chr12:6182785-6182907:-_exon,0.34169167442330584,0.34169167442330584,13
Factor_1,Exon,chr7:47546505-47546542:-_exon,0.3405660139006696,0.3405660139006696,14
Factor_1,Exon,chr13:113477659-113477723:+_exon,0.3398808569584536,0.3398808569584536,15
Factor_1,Exon,chr12:6155889-6155983:-_exon,0.3391065370751556,0.3391065370751556,16
Factor_1,Exon,chr12:6174303-6174439:-_exon,0.3385148541522833,0.3385148541522833,17
Factor_1,Exon,chr2:54826229-54826380:+_exon,0.3382811655107931,0.3382811655107931,18
Factor_1,Exon,chr12:6172120-6172220:-_exon,0.33786290649698053,0.33786290649698053,19
Factor_1,Exon,chr2:54843344-54843435:+_exon,0.33766672968227984,0.33766672968227984,20
Factor_1,Exon,chr12:6173412-6173550:-_exon,0.33715234419134066,0.33715234419134066,21
Factor_1,Exon,chr10:60380615-60380661:+_exon,0.3365066951127792,0.3365066951127792,22
Factor_1,Exon,chr3:123454245-123454263:-_exon,0.3358533120098994,0.3358533120098994,23
Factor_1,Exon,chr12:45740805-45740870:+_exon,0.3352132767585875,0.3352132767585875,24
Factor_1,Exon,chr5:132234796-132234833:-_exon,0.33403371574776,0.33403371574776,25
Factor_1,Exon,chr3:194158285-194158302:-_exon,0.3320259705438411,0.3320259705438411,26
Factor_1,Exon,chr2:54850616-54850733:+_exon,0.3319796656351751,0.3319796656351751,27
Factor_1,Exon,chr2:54851941-54852099:+_exon,0.3319597615550167,0.3319597615550167,28
Factor_1,Exon,chr2:54839298-54839471:+_exon,0.33168582350107967,0.33168582350107967,29
Factor_1,Exon,chr2:54845215-54845330:+_exon,0.33131952126397285,0.33131952126397285,30
Factor_1,Exon,chr11:6640615-6640692:-_exon,0.3312885663602198,0.3312885663602198,31
Factor_1,Exon,chr3:195803935-195803993:-_exon,0.3306096645883776,0.3306096645883776,32
Factor_1,Exon,chr1:161518801-161518821:-_exon,0.330341480387026,0.330341480387026,33
Factor_1,Exon,chr16:74566019-74566051:-_exon,0.32988568428194726,0.32988568428194726,34
Factor_1,Exon,chr13:113473618-113473721:+_exon,0.3297400185879884,0.3297400185879884,35
Factor_1,Exon,chr12:6143854-6143992:-_exon,0.32940898062202334,0.32940898062202334,36
Factor_1,Exon,chr11:120207946-120207984:+_exon,0.32905296159294745,0.32905296159294745,37
Factor_1,Exon,chr12:6153457-6153617:-_exon,0.3288974369608872,0.3288974369608872,38
Factor_1,Exon,chr2:218784918-218784959:-_exon,0.3287384844930931,0.3287384844930931,39
Factor_1,Exon,chr1:22222415-22222459:-_exon,0.32861141994832965,0.32861141994832965,40
Factor_1,Exon,chr11:120295067-120295124:+_exon,0.32817226701036883,0.32817226701036883,41
Factor_1,Exon,chr12:6220032-6220134:-_exon,0.3280202089535795,0.3280202089535795,42
Factor_1,Exon,chr1:180651496-180651547:+_exon,0.32799524891475745,0.32799524891475745,43
Factor_1,Exon,chr13:113485689-113485862:+_exon,0.32757040471597687,0.32757040471597687,44
Factor_1,Exon,chr7:38937691-38937729:-_exon,0.32730179512850854,0.32730179512850854,45
Factor_1,Exon,chr13:113481008-113481205:+_exon,0.3272511548888655,0.3272511548888655,46
Factor_1,Exon,chr2:218765186-218765235:-_exon,0.32700579819953873,0.32700579819953873,47
Factor_1,Exon,chr12:6184501-6184717:-_exon,0.326573452705091,0.326573452705091,48
Factor_1,Exon,chr12:45695797-45695876:+_exon,0.32598899916410384,0.32598899916410384,49
Factor_1,Exon,chr12:6140610-6140744:-_exon,0.3255746251057636,0.3255746251057636,50
Factor_1,Exon,chr17:57725601-57725762:+_exon,0.3254479196860538,0.3254479196860538,51
Factor_1,Exon,chr12:6138508-6138654:-_exon,0.3252838820202069,0.3252838820202069,52
Factor_1,Exon,chr12:6145554-6145657:-_exon,0.32510018680497166,0.32510018680497166,53
Factor_1,Exon,chr4:72413365-72413437:+_exon,0.32492693212982277,0.32492693212982277,54
Factor_1,Exon,chrX:37641341-37641436:+_exon,0.32489798803108594,0.32489798803108594,55
Factor_1,Exon,chr10:116211383-116211430:-_exon,0.3247026439550754,0.3247026439550754,56
Factor_1,Exon,chr13:113464933-113465040:+_exon,0.3246784437123719,0.3246784437123719,57
Factor_1,Exon,chr2:54848537-54848649:+_exon,0.3242646779647828,0.3242646779647828,58
Factor_1,Exon,chr13:113478658-113478739:+_exon,0.3242272293362758,0.3242272293362758,59
Factor_1,Exon,chr2:218771058-218771108:-_exon,0.32396385387004945,0.32396385387004945,60
Factor_1,Exon,chr15:90976951-90977027:+_exon,0.32366958335091917,0.32366958335091917,61
Factor_1,Exon,chr7:47520701-47520739:-_exon,0.3229550453444771,0.3229550453444771,62
Factor_1,Exon,chr12:6230340-6230504:-_exon,0.32273783800269257,0.32273783800269257,63
Factor_1,Exon,chr12:45742301-45742414:+_exon,0.32234468619251777,0.32234468619251777,64
Factor_1,Exon,chr15:90982564-90982631:+_exon,0.3219352483226057,0.3219352483226057,65
Factor_1,Exon,chr2:187498056-187498101:+_exon,0.3218372202300681,0.3218372202300681,66
Factor_1,Exon,chr1:44003869-44003948:+_exon,0.32173420873946146,0.32173420873946146,67
Factor_1,Exon,chr13:113488903-113488974:+_exon,0.3217154075949123,0.3217154075949123,68
Factor_1,Exon,chr2:218759729-218759779:-_exon,0.32150798850971046,0.32150798850971046,69
Factor_1,Exon,chr5:55264104-55264224:-_exon,0.32130989403022664,0.32130989403022664,70
Factor_1,Exon,chr8:64081946-64081970:+_exon,0.3208869883143161,0.3208869883143161,71
Factor_1,Exon,chr17:57724759-57725027:+_exon,0.3207132781006277,0.3207132781006277,72
Factor_1,Exon,chr4:72352665-72352735:+_exon,0.3206034350592179,0.3206034350592179,73
Factor_1,Exon,chr12:6167015-6167210:-_exon,0.3203183809252357,0.3203183809252357,74
Factor_1,Exon,chr2:218771933-218771974:-_exon,0.3201925161642737,0.3201925161642737,75
Factor_1,Exon,chr1:22216920-22216978:-_exon,0.3201255066113958,0.3201255066113958,76
Factor_1,Exon,chr2:187487066-187487157:+_exon,0.3199497663628533,0.3199497663628533,77
Factor_1,Exon,chr13:113479744-113479894:+_exon,0.31917242416998926,0.31917242416998926,78
Factor_1,Exon,chr11:120318583-120318615:+_exon,0.3190643443418633,0.3190643443418633,79
Factor_1,Exon,chr12:6219540-6219748:-_exon,0.31874888209176705,0.31874888209176705,80
Factor_1,Exon,chr11:87006824-87006865:+_exon,0.31873632110899736,0.31873632110899736,81
Factor_1,Exon,chr13:113470397-113470525:+_exon,0.3186009852174295,0.3186009852174295,82
Factor_1,Exon,chr3:58081868-58081945:+_exon,0.31792535580469744,0.31792535580469744,83
Factor_1,Exon,chr5:132240060-132240096:-_exon,0.3173618588738833,0.3173618588738833,84
Factor_1,Exon,chrX:37642743-37642853:+_exon,0.317219919729881,0.317219919729881,85
Factor_1,Exon,chr2:54855234-54855387:+_exon,0.3169449668985118,0.3169449668985118,86
Factor_1,Exon,chr13:113490492-113490565:+_exon,0.3168713359311195,0.3168713359311195,87
Factor_1,Exon,chr22:28310305-28310335:-_exon,0.3168212496645821,0.3168212496645821,88
Factor_1,Exon,chr17:57721637-57721856:+_exon,0.3167713832068924,0.3167713832068924,89
Factor_1,Exon,chr12:6135072-6135212:-_exon,0.3164699817179686,0.3164699817179686,90
Factor_1,Exon,chr5:55272043-55272121:-_exon,0.31645023309503734,0.31645023309503734,91
Factor_1,Exon,chr10:116247717-116247775:-_exon,0.3164106198037903,0.3164106198037903,92
Factor_1,Exon,chr12:65139439-65139504:-_exon,0.31615390856546993,0.31615390856546993,93
Factor_1,Exon,chr2:54753509-54753703:+_exon,0.3161521451756077,0.3161521451756077,94
Factor_1,Exon,chr17:57728564-57728677:+_exon,0.3158671035305899,0.3158671035305899,95
Factor_1,Exon,chr13:113460527-113460607:+_exon,0.31580457370155507,0.31580457370155507,96
Factor_1,Exon,chr2:187503004-187503047:+_exon,0.31552977096430596,0.31552977096430596,97
Factor_1,Exon,chr5:55278552-55278639:-_exon,0.31512117307418436,0.31512117307418436,98
Factor_1,Exon,chr5:55253037-55253119:-_exon,0.3150713098420192,0.3150713098420192,99
Factor_1,Exon,chr7:116380004-116380166:+_exon,0.3149311541003831,0.3149311541003831,100
Factor_2,Exon,chr14:106208230-106208559:-_exon,0.4818554425038545,0.4818554425038545,1
Factor_2,Exon,chr14:106208678-106208722:-_exon,0.47962097287849315,0.47962097287849315,2
Factor_2,Exon,chr14:106209114-106209407:-_exon,0.47694220490738926,0.47694220490738926,3
Factor_2,Exon,chr14:106209114-106209411:-_exon,0.4768379111632844,0.4768379111632844,4
Factor_2,Exon,chr14:106207818-106208132:-_exon,0.4759215715063956,0.4759215715063956,5
Factor_2,Exon,chr2:89156874-89157196:-_exon,0.47587787259182485,0.47587787259182485,6
Factor_2,Exon,chr14:106207814-106208132:-_exon,0.47575030564673276,0.47575030564673276,7
Factor_2,Exon,chr14:106329408-106329462:-_exon,0.4745650247567351,0.4745650247567351,8
Factor_2,Exon,chr2:89156709-89157196:-_exon,0.4734864787678994,0.4734864787678994,9
Factor_2,Exon,chr14:106330021-106330092:-_exon,0.4710273215199227,0.4710273215199227,10
Factor_2,Exon,chr14:106329403-106329480:-_exon,0.4693768963828686,0.4693768963828686,11
Factor_2,Exon,chr22:23248509-23248930:+_exon,0.4680682584622929,0.4680682584622929,12
Factor_2,Exon,chr22:23248512-23248968:+_exon,0.46748371284337376,0.46748371284337376,13
Factor_2,Exon,chr22:23243152-23243613:+_exon,0.4673212731214905,0.4673212731214905,14
Factor_2,Exon,chr14:106237449-106237745:-_exon,0.463878787430764,0.463878787430764,15
Factor_2,Exon,chr14:106235582-106235896:-_exon,0.46324225579888695,0.46324225579888695,16
Factor_2,Exon,chr14:106235575-106235896:-_exon,0.46297546520372423,0.46297546520372423,17
Factor_2,Exon,chr14:106236442-106236486:-_exon,0.4622851258700335,0.4622851258700335,18
Factor_2,Exon,chr2:89161396-89161439:-_exon,0.4619915384155678,0.4619915384155678,19
Factor_2,Exon,chr22:23247164-23247217:+_exon,0.4607715061541571,0.4607715061541571,20
Factor_2,Exon,chr14:106090819-106091135:-_exon,0.4597061196431395,0.4597061196431395,21
Factor_2,Exon,chr14:106236818-106236862:-_exon,0.45793915401514845,0.45793915401514845,22
Factor_2,Exon,chr14:106235994-106236323:-_exon,0.45756205873448946,0.45756205873448946,23
Factor_2,Exon,chr14:106109548-106109862:-_exon,0.4569623762929874,0.4569623762929874,24
Factor_2,Exon,chr14:106109546-106109862:-_exon,0.4567936113083149,0.4567936113083149,25
Factor_2,Exon,chr22:23235957-23236007:+_exon,0.45674578134891186,0.45674578134891186,26
Factor_2,Exon,chr14:106092109-106092405:-_exon,0.4565679594742567,0.4565679594742567,27
Factor_2,Exon,chr2:89156676-89160274:-_exon,0.4565378203807769,0.4565378203807769,28
Factor_2,Exon,chr2:89161029-89161078:-_exon,0.45619660489827574,0.45619660489827574,29
Factor_2,Exon,chr22:23237553-23237984:+_exon,0.4555220962370137,0.4555220962370137,30
Factor_2,Exon,chr22:23237555-23238005:+_exon,0.4548893905451957,0.4548893905451957,31
Factor_2,Exon,chr14:106330425-106330470:-_exon,0.45481728966173096,0.45481728966173096,32
Factor_2,Exon,chr14:106237006-106237056:-_exon,0.45462641964773326,0.45462641964773326,33
Factor_2,Exon,chr2:89442543-89442625:-_exon,0.4543257494987756,0.4543257494987756,34
Factor_2,Exon,chr22:23261705-23261753:+_exon,0.4542538473927589,0.4542538473927589,35
Factor_2,Exon,chr2:89442051-89442355:-_exon,0.454156744110645,0.454156744110645,36
Factor_2,Exon,chr14:106110833-106111126:-_exon,0.453592707479529,0.453592707479529,37
Factor_2,Exon,chr14:106136001-106136184:-_exon,0.4535229437350414,0.4535229437350414,38
Factor_2,Exon,chr14:106110833-106111129:-_exon,0.45344515957088644,0.45344515957088644,39
Factor_2,Exon,chr14:106134458-106134902:-_exon,0.45209433120862025,0.45209433120862025,40
Factor_2,Exon,chr14:106330797-106330846:-_exon,0.4516321179156394,0.4516321179156394,41
Factor_2,Exon,chr14:106236630-106236674:-_exon,0.4479052226180174,0.4479052226180174,42
Factor_2,Exon,chr2:89185470-89185476:-_exon,0.44760267717540514,0.44760267717540514,43
Factor_2,Exon,chr14:106135888-106136181:-_exon,0.44612152766121604,0.44612152766121604,44
Factor_2,Exon,chr14:106791411-106791456:-_exon,0.4454126448723435,0.4454126448723435,45
Factor_2,Exon,chr2:89247240-89247317:-_exon,0.44505662058532935,0.44505662058532935,46
Factor_2,Exon,chr14:106109960-106110286:-_exon,0.4433086445103547,0.4433086445103547,47
Factor_2,Exon,chr14:106110405-106110440:-_exon,0.442092033022961,0.442092033022961,48
Factor_2,Exon,chr2:89417254-89417279:-_exon,0.44103483501318397,0.44103483501318397,49
Factor_2,Exon,chr2:89901315-89901369:+_exon,0.44048066448600504,0.44048066448600504,50
Factor_2,Exon,chr14:106816128-106816173:-_exon,0.4395612674356598,0.4395612674356598,51
Factor_2,Exon,chr14:106330780-106330855:-_exon,0.4386161544252858,0.4386161544252858,52
Factor_2,Exon,chr22:23235880-23235998:+_exon,0.4379015653493366,0.4379015653493366,53
Factor_2,Exon,chr14:106725609-106725654:-_exon,0.43671908060510445,0.43671908060510445,54
Factor_2,Exon,chr14:106321022-106321339:-_exon,0.435709226823697,0.435709226823697,55
Factor_2,Exon,chr2:89385138-89385192:-_exon,0.4350240964878713,0.4350240964878713,56
Factor_2,Exon,chr2:89185068-89185136:+_exon,0.4332542100985099,0.4332542100985099,57
Factor_2,Exon,chr2:89619803-89619877:-_exon,0.43324226640334346,0.43324226640334346,58
Factor_2,Exon,chr14:107035117-107035162:-_exon,0.4318948366900323,0.4318948366900323,59
Factor_2,Exon,chr22:22764131-22764194:+_exon,0.430629953064563,0.430629953064563,60
Factor_2,Exon,chr14:106330418-106330542:-_exon,0.4302797319126922,0.4302797319126922,61
Factor_2,Exon,chr14:106321585-106321920:-_exon,0.42995813218679285,0.42995813218679285,62
Factor_2,Exon,chr2:89384667-89384971:-_exon,0.42961926523430194,0.42961926523430194,63
Factor_2,Exon,chr2:89901494-89901795:+_exon,0.4292980370881121,0.4292980370881121,64
Factor_2,Exon,chr2:89266203-89266257:-_exon,0.4292060719402639,0.4292060719402639,65
Factor_2,Exon,chr2:89327133-89327187:-_exon,0.4291971763333584,0.4291971763333584,66
Factor_2,Exon,chr2:89161398-89161595:-_exon,0.4284766030596679,0.4284766030596679,67
Factor_2,Exon,chr2:89246814-89247114:-_exon,0.42844310361278554,0.42844310361278554,68
Factor_2,Exon,chr2:89521864-89521938:-_exon,0.42836114424998073,0.42836114424998073,69
Factor_2,Exon,chr2:90153739-90153793:+_exon,0.4280043110401242,0.4280043110401242,70
Factor_2,Exon,chr2:89326662-89326964:-_exon,0.4277302177342994,0.4277302177342994,71
Factor_2,Exon,chr2:89160075-89160448:-_exon,0.42647576724390807,0.42647576724390807,72
Factor_2,Exon,chr14:106322011-106322330:-_exon,0.4256203627254696,0.4256203627254696,73
Factor_2,Exon,chr2:89619377-89619678:-_exon,0.425537738891523,0.425537738891523,74
Factor_2,Exon,chr22:22712145-22712188:+_exon,0.42338423178049317,0.42338423178049317,75
Factor_2,Exon,chr2:89521173-89521489:-_exon,0.42310388160573387,0.42310388160573387,76
Factor_2,Exon,chr22:22764305-22764618:+_exon,0.4218823029977302,0.4218823029977302,77
Factor_2,Exon,chr14:106320451-106320844:-_exon,0.4215604794136725,0.4215604794136725,78
Factor_2,Exon,chr14:106815713-106816026:-_exon,0.4212363708182973,0.4212363708182973,79
Factor_2,Exon,chr2:90153963-90154260:+_exon,0.4208824798812018,0.4208824798812018,80
Factor_2,Exon,chr2:89160725-89160775:-_exon,0.4206706207261469,0.4206706207261469,81
Factor_2,Exon,chr14:106237449-106239113:-_exon,0.42059956983846397,0.42059956983846397,82
Factor_2,Exon,chr22:23040405-23040481:+_exon,0.42021901378466636,0.42021901378466636,83
Factor_2,Exon,chr2:90078013-90078316:+_exon,0.42014964473510247,0.42014964473510247,84
Factor_2,Exon,chr22:23101390-23101704:+_exon,0.4192737310857769,0.4192737310857769,85
Factor_2,Exon,chr14:106725185-106725507:-_exon,0.41875667064660826,0.41875667064660826,86
Factor_2,Exon,chr22:23241792-23241847:+_exon,0.418055090608825,0.418055090608825,87
Factor_2,Exon,chr14:106610820-106610825:-_exon,0.4176685683888222,0.4176685683888222,88
Factor_2,Exon,chr22:23054877-23054949:+_exon,0.41740749438362845,0.41740749438362845,89
Factor_2,Exon,chr14:106877610-106877926:-_exon,0.41717243871130594,0.41717243871130594,90
Factor_2,Exon,chr2:89999248-89999560:+_exon,0.4165410432632989,0.4165410432632989,91
Factor_2,Exon,chr14:106135000-106135329:-_exon,0.4163244253941292,0.4163244253941292,92
Factor_2,Exon,chr14:107035117-107035191:-_exon,0.4156324246091846,0.4156324246091846,93
Factor_2,Exon,chr14:107170322-107170402:-_exon,0.4156213610722206,0.4156213610722206,94
Factor_2,Exon,chr22:23040595-23040906:+_exon,0.4151778605545379,0.4151778605545379,95
Factor_2,Exon,chr14:106790896-106791311:-_exon,0.41433274663760317,0.41433274663760317,96
Factor_2,Exon,chr14:107083639-107083721:-_exon,0.4142302346005311,0.4142302346005311,97
Factor_2,Exon,chr22:22735406-22735717:+_exon,0.4141216398853292,0.4141216398853292,98
Factor_2,Exon,chr2:89998819-89998873:+_exon,0.41407383584765234,0.41407383584765234,99
Factor_2,Exon,chr2:90077777-90077825:+_exon,0.4134493608764274,0.4134493608764274,100
Factor_3,Exon,chr2:73867850-73868829:-_exon,0.6490841681328358,0.6490841681328358,1
Factor_3,Exon,chr6:25849602-25849692:-_exon,0.643278664220882,0.643278664220882,2
Factor_3,Exon,chr6:25845608-25845744:-_exon,0.6367369784069095,0.6367369784069095,3
Factor_3,Exon,chr2:73869445-73869537:-_exon,0.6306241406037197,0.6306241406037197,4
Factor_3,Exon,chr16:20554457-20554584:-_exon,0.6288230700987848,0.6288230700987848,5
Factor_3,Exon,chr16:20551976-20552095:-_exon,0.6219173975526215,0.6219173975526215,6
Factor_3,Exon,chr16:20557716-20557796:-_exon,0.619787759786652,0.619787759786652,7
Factor_3,Exon,chr16:20556479-20556580:-_exon,0.6190043783547681,0.6190043783547681,8
Factor_3,Exon,chr6:25850033-25850180:-_exon,0.6176098633078948,0.6176098633078948,9
Factor_3,Exon,chr6:25855372-25855458:-_exon,0.6097785898092224,0.6097785898092224,10
Factor_3,Exon,chr7:50544322-50544341:-_exon,0.6077944314057421,0.6077944314057421,11
Factor_3,Exon,chr6:25861852-25861939:-_exon,0.606620962104506,0.606620962104506,12
Factor_3,Exon,chr16:20559384-20559507:-_exon,0.6062455886194316,0.6062455886194316,13
Factor_3,Exon,chr16:20559716-20559795:-_exon,0.6049365577224637,0.6049365577224637,14
Factor_3,Exon,chr22:50927826-50927875:+_exon,0.6043216853090506,0.6043216853090506,15
Factor_3,Exon,chr22:50925814-50925894:+_exon,0.6043082670232969,0.6043082670232969,16
Factor_3,Exon,chr11:26700259-26700362:-_exon,0.6022600784390549,0.6022600784390549,17
Factor_3,Exon,chr11:26732854-26732905:-_exon,0.6020882162209638,0.6020882162209638,18
Factor_3,Exon,chr2:27317668-27317802:+_exon,0.600861575873085,0.600861575873085,19
Factor_3,Exon,chr22:50927657-50927724:+_exon,0.5990618547217945,0.5990618547217945,20
Factor_3,Exon,chr6:25862461-25862672:-_exon,0.5945941383075821,0.5945941383075821,21
Factor_3,Exon,chr22:50926091-50926171:+_exon,0.5929566463519365,0.5929566463519365,22
Factor_3,Exon,chr11:26694949-26695076:-_exon,0.5929565083716221,0.5929565083716221,23
Factor_3,Exon,chr22:50927469-50927578:+_exon,0.5912065640292519,0.5912065640292519,24
Factor_3,Exon,chr11:26719953-26720082:-_exon,0.590715202492714,0.590715202492714,25
Factor_3,Exon,chr11:26718711-26718799:-_exon,0.589672138860811,0.589672138860811,26
Factor_3,Exon,chr16:20489898-20489999:+_exon,0.5890819254277051,0.5890819254277051,27
Factor_3,Exon,chr22:50927961-50928073:+_exon,0.584349623307242,0.584349623307242,28
Factor_3,Exon,chr11:26708024-26708091:-_exon,0.5836264376404148,0.5836264376404148,29
Factor_3,Exon,chr16:20488691-20488771:+_exon,0.5832775407474303,0.5832775407474303,30
Factor_3,Exon,chr11:26730859-26730926:-_exon,0.5832577847797034,0.5832577847797034,31
Factor_3,Exon,chr11:26734188-26734253:-_exon,0.5822165236781918,0.5822165236781918,32
Factor_3,Exon,chr16:20491895-20492022:+_exon,0.5808140776267067,0.5808140776267067,33
Factor_3,Exon,chr11:26705304-26705390:-_exon,0.580774841131303,0.580774841131303,34
Factor_3,Exon,chr17:18923468-18923525:+_exon,0.5804137504732135,0.5804137504732135,35
Factor_3,Exon,chr6:25868525-25868683:-_exon,0.5801506467821216,0.5801506467821216,36
Factor_3,Exon,chr1:47398655-47398719:-_exon,0.5795700662063281,0.5795700662063281,37
Factor_3,Exon,chr16:20565099-20565242:-_exon,0.5783270180792832,0.5783270180792832,38
Factor_3,Exon,chr16:20494380-20494499:+_exon,0.5775311388705853,0.5775311388705853,39
Factor_3,Exon,chr7:50534912-50535013:-_exon,0.5770153477113882,0.5770153477113882,40
Factor_3,Exon,chr11:62746960-62747068:-_exon,0.5769933782241335,0.5769933782241335,41
Factor_3,Exon,chr11:26702602-26702768:-_exon,0.5757274316914508,0.5757274316914508,42
Factor_3,Exon,chr6:25845330-25845526:-_exon,0.5754962698074036,0.5754962698074036,43
Factor_3,Exon,chr16:20482395-20482538:+_exon,0.5753800849498593,0.5753800849498593,44
Factor_3,Exon,chr22:50926315-50926477:+_exon,0.5752679356956278,0.5752679356956278,45
Factor_3,Exon,chr16:20563466-20563619:-_exon,0.5744259229942946,0.5744259229942946,46
Factor_3,Exon,chr16:20566591-20566798:-_exon,0.5736668136645666,0.5736668136645666,47
Factor_3,Exon,chr6:52662384-52662435:-_exon,0.5733077014025302,0.5733077014025302,48
Factor_3,Exon,chr11:26725078-26725218:-_exon,0.5730701240086569,0.5730701240086569,49
Factor_3,Exon,chr7:50563048-50563115:-_exon,0.5727728005329124,0.5727728005329124,50
Factor_3,Exon,chr22:50926672-50926771:+_exon,0.572672597895884,0.572672597895884,51
Factor_3,Exon,chr16:20482858-20483011:+_exon,0.5718190241776288,0.5718190241776288,52
Factor_3,Exon,chr11:64336142-64336250:+_exon,0.5699222594128558,0.5699222594128558,53
Factor_3,Exon,chr7:50530911-50531129:-_exon,0.5693408737666139,0.5693408737666139,54
Factor_3,Exon,chr11:64337124-64337330:+_exon,0.569202837436518,0.569202837436518,55
Factor_3,Exon,chr16:20486684-20486763:+_exon,0.5684946296528511,0.5684946296528511,56
Factor_3,Exon,chr6:52657654-52657785:-_exon,0.568253497124515,0.568253497124515,57
Factor_3,Exon,chr16:20476839-20477049:+_exon,0.5677873491161437,0.5677873491161437,58
Factor_3,Exon,chr22:37967856-37967938:-_exon,0.5664514357594589,0.5664514357594589,59
Factor_3,Exon,chr7:50547485-50547561:-_exon,0.5663637611740164,0.5663637611740164,60
Factor_3,Exon,chr7:50566846-50566940:-_exon,0.56514961846407,0.56514961846407,61
Factor_3,Exon,chr1:47400125-47400231:-_exon,0.5632159468602551,0.5632159468602551,62
Factor_3,Exon,chr1:47399618-47399751:-_exon,0.5623664309398598,0.5623664309398598,63
Factor_3,Exon,chr6:52658923-52659064:-_exon,0.5620192193584005,0.5620192193584005,64
Factor_3,Exon,chr7:50571691-50571757:-_exon,0.5615794086614506,0.5615794086614506,65
Factor_3,Exon,chr16:20480834-20481041:+_exon,0.5613918696465985,0.5613918696465985,66
Factor_3,Exon,chr6:52663979-52664095:-_exon,0.5610029052319428,0.5610029052319428,67
Factor_3,Exon,chr16:20486965-20487095:+_exon,0.559789475019004,0.559789475019004,68
Factor_3,Exon,chr6:52660980-52661112:-_exon,0.5573342790303827,0.5573342790303827,69
Factor_3,Exon,chr1:47394848-47395982:-_exon,0.5571369050374647,0.5571369050374647,70
Factor_3,Exon,chr11:62744617-62744859:-_exon,0.556138892552998,0.556138892552998,71
Factor_3,Exon,chr16:20554010-20554335:-_exon,0.5557716497952132,0.5557716497952132,72
Factor_3,Exon,chr11:64338451-64338998:+_exon,0.5556021162039501,0.5556021162039501,73
Factor_3,Exon,chr11:26725340-26725494:-_exon,0.5548022125707658,0.5548022125707658,74
Factor_3,Exon,chr2:169985523-169985594:-_exon,0.5539164255235314,0.5539164255235314,75
Factor_3,Exon,chr7:50537771-50537869:-_exon,0.5532164841079943,0.5532164841079943,76
Factor_3,Exon,chr16:20548084-20548684:-_exon,0.551827424710844,0.551827424710844,77
Factor_3,Exon,chr1:47402974-47403018:-_exon,0.5498424003671986,0.5498424003671986,78
Factor_3,Exon,chr16:20471429-20471613:+_exon,0.5487981865661326,0.5487981865661326,79
Factor_3,Exon,chr16:20575991-20576175:-_exon,0.5478160625370666,0.5478160625370666,80
Factor_3,Exon,chr22:37966583-37966742:-_exon,0.546732986325221,0.546732986325221,81
Factor_3,Exon,chr6:52668583-52668664:-_exon,0.5461305357785781,0.5461305357785781,82
Factor_3,Exon,chr11:62744070-62744353:-_exon,0.5453538377124687,0.5453538377124687,83
Factor_3,Exon,chr2:169989084-169989191:-_exon,0.5421609592845502,0.5421609592845502,84
Factor_3,Exon,chr11:62748457-62748572:-_exon,0.5399496643486903,0.5399496643486903,85
Factor_3,Exon,chr5:35013059-35013150:-_exon,0.5396555145395818,0.5396555145395818,86
Factor_3,Exon,chr16:20497896-20498989:+_exon,0.5395814016081708,0.5395814016081708,87
Factor_3,Exon,chr1:47401195-47401319:-_exon,0.5383009581128578,0.5383009581128578,88
Factor_3,Exon,chr2:169993902-169994003:-_exon,0.5373734123911106,0.5373734123911106,89
Factor_3,Exon,chr5:35003868-35003966:-_exon,0.5369288676491589,0.5369288676491589,90
Factor_3,Exon,chr14:103390272-103390316:+_exon,0.5368164241910041,0.5368164241910041,91
Factor_3,Exon,chr2:169996053-169996120:-_exon,0.5360818419719479,0.5360818419719479,92
Factor_3,Exon,chr1:47399848-47400038:-_exon,0.5352295090043848,0.5352295090043848,93
Factor_3,Exon,chr6:25850276-25851105:-_exon,0.5351960869295318,0.5351960869295318,94
Factor_3,Exon,chr7:50605558-50605677:-_exon,0.534517904198513,0.534517904198513,95
Factor_3,Exon,chr11:27136999-27137104:+_exon,0.533438603609065,0.533438603609065,96
Factor_3,Exon,chr1:47402336-47402463:-_exon,0.5333001689548599,0.5333001689548599,97
Factor_3,Exon,chr11:62747206-62747420:-_exon,0.5329900008239131,0.5329900008239131,98
Factor_3,Exon,chr2:169995087-169995216:-_exon,0.5329524162850805,0.5329524162850805,99
Factor_3,Exon,chr11:64331780-64331900:+_exon,0.5321465837264747,0.5321465837264747,100
Factor_4,Exon,chr8:49986793-49986892:+_exon,0.39958714766237463,0.39958714766237463,1
Factor_4,Exon,chr8:49985346-49985444:+_exon,0.38764123969118697,0.38764123969118697,2
Factor_4,Exon,chr8:49986618-49986695:+_exon,0.38167812680495833,0.38167812680495833,3
Factor_4,Exon,chr3:136714256-136714398:+_exon,0.3591720087319372,0.3591720087319372,4
Factor_4,Exon,chr8:49984903-49985041:+_exon,0.3501336423009308,0.3501336423009308,5
Factor_4,Exon,chr17:41029992-41030090:-_exon,-0.34341019218382624,0.34341019218382624,6
Factor_4,Exon,chr3:136710780-136710930:+_exon,0.3349113894489446,0.3349113894489446,7
Factor_4,Exon,chr2:132237642-132238322:+_exon,0.33325602969399926,0.33325602969399926,8
Factor_4,Exon,chr3:136728955-136729920:+_exon,0.3295874581458222,0.3295874581458222,9
Factor_4,Exon,chr5:121411099-121411236:-_exon,0.3287120433887994,0.3287120433887994,10
Factor_4,Exon,chr22:50927826-50927875:+_exon,-0.3286067571805747,0.3286067571805747,11
Factor_4,Exon,chr5:121406189-121406284:-_exon,0.32854349672568867,0.32854349672568867,12
Factor_4,Exon,chr5:121405748-121405863:-_exon,0.3285210558834348,0.3285210558834348,13
Factor_4,Exon,chr22:50927657-50927724:+_exon,-0.32831642109904324,0.32831642109904324,14
Factor_4,Exon,chr5:121409708-121409872:-_exon,0.32753491113071,0.32753491113071,15
Factor_4,Exon,chr22:50925814-50925894:+_exon,-0.32732146111318194,0.32732146111318194,16
Factor_4,Exon,chr3:136708283-136708407:+_exon,0.32522335809675257,0.32522335809675257,17
Factor_4,Exon,chr2:27529324-27529410:+_exon,0.3249338820702183,0.3249338820702183,18
Factor_4,Exon,chr5:147653907-147653947:+_exon,0.32465853376817994,0.32465853376817994,19
Factor_4,Exon,chr22:50927469-50927578:+_exon,-0.32239856427107727,0.32239856427107727,20
Factor_4,Exon,chr22:50926091-50926171:+_exon,-0.32209806583674727,0.32209806583674727,21
Factor_4,Exon,chr5:121400163-121402444:-_exon,0.3204331002879876,0.3204331002879876,22
Factor_4,Exon,chr5:121412588-121412869:-_exon,0.3194922126467437,0.3194922126467437,23
Factor_4,Exon,chr5:135379747-135379811:+_exon,0.31885976770144775,0.31885976770144775,24
Factor_4,Exon,chr22:50926315-50926477:+_exon,-0.3188399995784398,0.3188399995784398,25
Factor_4,Exon,chr5:135385128-135385269:+_exon,0.3172034854473961,0.3172034854473961,26
Factor_4,Exon,chr5:135382024-135382704:+_exon,0.3170406313713822,0.3170406313713822,27
Factor_4,Exon,chr5:135382963-135383109:+_exon,0.31640880637110924,0.31640880637110924,28
Factor_4,Exon,chr22:50927961-50928073:+_exon,-0.3162295294229237,0.3162295294229237,29
Factor_4,Exon,chr2:27529081-27529205:+_exon,0.3158432431884115,0.3158432431884115,30
Factor_4,Exon,chr3:136701002-136701192:+_exon,0.31482611899839114,0.31482611899839114,31
Factor_4,Exon,chr5:121413050-121414055:-_exon,0.31406819477441655,0.31406819477441655,32
Factor_4,Exon,chr5:135388596-135388808:+_exon,0.314032331220262,0.314032331220262,33
Factor_4,Exon,chr5:135369452-135369550:+_exon,0.3127934001442868,0.3127934001442868,34
Factor_4,Exon,chr5:135389632-135389769:+_exon,0.3109104407431689,0.3109104407431689,35
Factor_4,Exon,chr5:135392354-135392484:+_exon,0.30970833769950157,0.30970833769950157,36
Factor_4,Exon,chr8:49987794-49988641:+_exon,0.30959443152543037,0.30959443152543037,37
Factor_4,Exon,chr22:50926672-50926771:+_exon,-0.30944352212184467,0.30944352212184467,38
Factor_4,Exon,chr7:98257714-98259181:+_exon,0.30919408944996385,0.30919408944996385,39
Factor_4,Exon,chr5:135394779-135394903:+_exon,0.30885981438838556,0.30885981438838556,40
Factor_4,Exon,chr2:102638649-102638711:+_exon,0.3086394720504721,0.3086394720504721,41
Factor_4,Exon,chr5:135391369-135391505:+_exon,0.30858759278759545,0.30858759278759545,42
Factor_4,Exon,chr2:102642573-102642715:+_exon,0.3084374257004084,0.3084374257004084,43
Factor_4,Exon,chr2:132240125-132240504:+_exon,0.3081407149712137,0.3081407149712137,44
Factor_4,Exon,chr5:135390405-135390550:+_exon,0.30796081968768846,0.30796081968768846,45
Factor_4,Exon,chr11:117698710-117698807:-_exon,-0.3065480043409069,0.3065480043409069,46
Factor_4,Exon,chr5:147649603-147649705:+_exon,0.3063205592484839,0.3063205592484839,47
Factor_4,Exon,chr5:135398875-135399506:+_exon,0.3062386805755632,0.3062386805755632,48
Factor_4,Exon,chr5:135396523-135396625:+_exon,0.3058643092059126,0.3058643092059126,49
Factor_4,Exon,chr2:220163769-220163833:-_exon,0.30568775202685017,0.30568775202685017,50
Factor_4,Exon,chr5:135397189-135397268:+_exon,0.30521470604145395,0.30521470604145395,51
Factor_4,Exon,chr17:41046583-41046651:-_exon,-0.3052100938000638,0.3052100938000638,52
Factor_4,Exon,chr5:54320488-54320635:+_exon,-0.3031496093911236,0.3031496093911236,53
Factor_4,Exon,chr5:54326262-54326412:+_exon,-0.30268760914839454,0.30268760914839454,54
Factor_4,Exon,chr5:135398352-135398376:+_exon,0.3024585250918834,0.3024585250918834,55
Factor_4,Exon,chr5:54327192-54327461:+_exon,-0.30127745857070914,0.30127745857070914,56
Factor_4,Exon,chr5:147661667-147661794:+_exon,0.30053041726868707,0.30053041726868707,57
Factor_4,Exon,chr5:54320107-54320214:+_exon,-0.29999218394782284,0.29999218394782284,58
Factor_4,Exon,chr2:102624977-102625104:+_exon,0.2997039451145626,0.2997039451145626,59
Factor_4,Exon,chr6:29523390-29524127:-_exon,-0.2993134038688554,0.2993134038688554,60
Factor_4,Exon,chr3:136699173-136699434:+_exon,0.2991821964106847,0.2991821964106847,61
Factor_4,Exon,chr2:102636100-102636274:+_exon,0.2989916562561285,0.2989916562561285,62
Factor_4,Exon,chr6:29527452-29527702:-_exon,-0.2985756007139248,0.2985756007139248,63
Factor_4,Exon,chr5:147281106-147281336:-_exon,0.29822947080267653,0.29822947080267653,64
Factor_4,Exon,chr7:98256477-98256656:+_exon,0.2981041978243732,0.2981041978243732,65
Factor_4,Exon,chr5:147285995-147286101:-_exon,0.29728560597346043,0.29728560597346043,66
Factor_4,Exon,chr2:220161471-220161544:-_exon,0.2972254871536699,0.2972254871536699,67
Factor_4,Exon,chr5:135364584-135364878:+_exon,0.2969196567339254,0.2969196567339254,68
Factor_4,Exon,chr5:54329593-54329960:+_exon,-0.2955683380014431,0.2955683380014431,69
Factor_4,Exon,chr2:102632333-102632513:+_exon,0.29377524388765375,0.29377524388765375,70
Factor_4,Exon,chr2:102644688-102644880:+_exon,0.293640041128489,0.293640041128489,71
Factor_4,Exon,chr2:220168457-220168553:-_exon,0.2920237249592998,0.2920237249592998,72
Factor_4,Exon,chr7:98248955-98249171:+_exon,0.28987854305206345,0.28987854305206345,73
Factor_4,Exon,chr7:98254234-98254478:+_exon,0.2893911145922835,0.2893911145922835,74
Factor_4,Exon,chr3:136676707-136677043:+_exon,0.2892253850256791,0.2892253850256791,75
Factor_4,Exon,chr2:220164422-220164508:-_exon,0.28888161003783275,0.28888161003783275,76
Factor_4,Exon,chr2:102626024-102626288:+_exon,0.2879298390492329,0.2879298390492329,77
Factor_4,Exon,chr2:102640995-102641218:+_exon,0.28731130379644654,0.28731130379644654,78
Factor_4,Exon,chr20:376842-378201:+_exon,0.28433503998689713,0.28433503998689713,79
Factor_4,Exon,chr5:147665563-147665772:+_exon,0.28413463055414273,0.28413463055414273,80
Factor_4,Exon,chr22:50925213-50925341:+_exon,-0.2839442288352489,0.2839442288352489,81
Factor_4,Exon,chr22:50928177-50928750:+_exon,-0.28368763709357736,0.28368763709357736,82
Factor_4,Exon,chr4:76943519-76943608:-_exon,-0.28349048507130975,0.28349048507130975,83
Factor_4,Exon,chr7:45931531-45931659:+_exon,0.28334673334591765,0.28334673334591765,84
Factor_4,Exon,chr2:120020633-120023225:+_exon,0.2824493330964598,0.2824493330964598,85
Factor_4,Exon,chr17:39977199-39977341:+_exon,0.2824437456082174,0.2824437456082174,86
Factor_4,Exon,chr4:76943844-76943970:-_exon,-0.28182760212241625,0.28182760212241625,87
Factor_4,Exon,chr4:76944524-76944650:-_exon,-0.28179008562937496,0.28179008562937496,88
Factor_4,Exon,chr2:220155260-220155333:-_exon,0.28178849880576534,0.28178849880576534,89
Factor_4,Exon,chr11:46760598-46760668:+_exon,0.28133962769288,0.28133962769288,90
Factor_4,Exon,chr6:32781217-32781248:-_exon,-0.28122999264493015,0.28122999264493015,91
Factor_4,Exon,chr2:220164027-220164106:-_exon,0.2808094689338538,0.2808094689338538,92
Factor_4,Exon,chr2:220161161-220161238:-_exon,0.28048884458495704,0.28048884458495704,93
Factor_4,Exon,chr1:47400125-47400231:-_exon,-0.279640208214455,0.279640208214455,94
Factor_4,Exon,chr2:220164707-220164981:-_exon,0.27952519757352323,0.27952519757352323,95
Factor_4,Exon,chr2:27529755-27530306:+_exon,0.2793872989883714,0.2793872989883714,96
Factor_4,Exon,chr4:76942273-76943101:-_exon,-0.27871193280101236,0.27871193280101236,97
Factor_4,Exon,chr17:39976521-39976713:+_exon,0.27811336164225725,0.27811336164225725,98
Factor_4,Exon,chr19:55652251-55652328:-_exon,0.2776444859870939,0.2776444859870939,99
Factor_4,Exon,chr17:39978475-39979469:+_exon,0.2776258201249518,0.2776258201249518,100
Factor_5,Exon,chr1:163112098-163117293:-_exon,-0.48046729249569947,0.48046729249569947,1
Factor_5,Exon,chr2:238253584-238253595:-_exon,-0.4694932548765109,0.4694932548765109,2
Factor_5,Exon,chr1:163131705-163131766:-_exon,-0.46315793365712576,0.46315793365712576,3
Factor_5,Exon,chr2:189849923-189849973:+_exon,-0.46181661753903,0.46181661753903,4
Factor_5,Exon,chr9:101759216-101759363:+_exon,-0.4612364252814654,0.4612364252814654,5
Factor_5,Exon,chr1:163138048-163138158:-_exon,-0.46050545713511165,0.46050545713511165,6
Factor_5,Exon,chr1:163122340-163122506:-_exon,-0.4601385085218929,0.4601385085218929,7
Factor_5,Exon,chr9:101751460-101751540:+_exon,-0.45714427080344194,0.45714427080344194,8
Factor_5,Exon,chr2:189854822-189854875:+_exon,-0.4567648406645762,0.4567648406645762,9
Factor_5,Exon,chr9:101796831-101796866:+_exon,-0.4556356864256874,0.4556356864256874,10
Factor_5,Exon,chr2:189854122-189854175:+_exon,-0.4545637923440023,0.4545637923440023,11
Factor_5,Exon,chr2:189849486-189849688:+_exon,-0.4536216719140413,0.4536216719140413,12
Factor_5,Exon,chr2:189855033-189855086:+_exon,-0.453415717466192,0.453415717466192,13
Factor_5,Exon,chr1:163172582-163172872:-_exon,-0.45276914768948934,0.45276914768948934,14
Factor_5,Exon,chr9:101812136-101812177:+_exon,-0.4523558102283577,0.4523558102283577,15
Factor_5,Exon,chr9:101788186-101788248:+_exon,-0.45211806142208516,0.45211806142208516,16
Factor_5,Exon,chr11:2150348-2154453:-_exon,-0.45078434325212025,0.45078434325212025,17
Factor_5,Exon,chr2:189856395-189856448:+_exon,-0.45018377347923344,0.45018377347923344,18
Factor_5,Exon,chr2:189855730-189855783:+_exon,-0.45015549242152514,0.45015549242152514,19
Factor_5,Exon,chr9:101810068-101810121:+_exon,-0.4494877215892403,0.4494877215892403,20
Factor_5,Exon,chr2:189850391-189850504:+_exon,-0.44900449280814814,0.44900449280814814,21
Factor_5,Exon,chr2:189858087-189858185:+_exon,-0.44680674751470584,0.44680674751470584,22
Factor_5,Exon,chr9:101749576-101749650:+_exon,-0.44627475478317735,0.44627475478317735,23
Factor_5,Exon,chr9:101797632-101797700:+_exon,-0.44600075649879173,0.44600075649879173,24
Factor_5,Exon,chr9:101814670-101814715:+_exon,-0.44600061387576123,0.44600061387576123,25
Factor_5,Exon,chr9:101763121-101763233:+_exon,-0.4455262073330063,0.4455262073330063,26
Factor_5,Exon,chr9:101798452-101798487:+_exon,-0.4449380825383465,0.4449380825383465,27
Factor_5,Exon,chr2:189860418-189860516:+_exon,-0.444598791767446,0.444598791767446,28
Factor_5,Exon,chr2:189853316-189853369:+_exon,-0.44450681331322267,0.44450681331322267,29
Factor_5,Exon,chr2:189856213-189856257:+_exon,-0.44429512513003633,0.44429512513003633,30
Factor_5,Exon,chr2:189852807-189852860:+_exon,-0.44346720302235604,0.44346720302235604,31
Factor_5,Exon,chr7:94034151-94034204:+_exon,-0.4434259366958233,0.4434259366958233,32
Factor_5,Exon,chr17:48278772-48279000:-_exon,-0.4433521157895543,0.4433521157895543,33
Factor_5,Exon,chr2:189862062-189862115:+_exon,-0.44308759351841487,0.44308759351841487,34
Factor_5,Exon,chr2:189851785-189851865:+_exon,-0.44277241271655143,0.44277241271655143,35
Factor_5,Exon,chr2:189863400-189863444:+_exon,-0.4427094709907056,0.4427094709907056,36
Factor_5,Exon,chr9:101804327-101804389:+_exon,-0.44251938489699016,0.44251938489699016,37
Factor_5,Exon,chr2:189860851-189860904:+_exon,-0.44187909788824153,0.44187909788824153,38
Factor_5,Exon,chr9:101816858-101816938:+_exon,-0.44179935724568137,0.44179935724568137,39
Factor_5,Exon,chr2:189858764-189858808:+_exon,-0.4415067289026809,0.4415067289026809,40
Factor_5,Exon,chr9:101817384-101817433:+_exon,-0.4411529270002879,0.4411529270002879,41
Factor_5,Exon,chr9:101807017-101807052:+_exon,-0.44096829013540806,0.44096829013540806,42
Factor_5,Exon,chr9:101802803-101802838:+_exon,-0.4407822306365415,0.4407822306365415,43
Factor_5,Exon,chr2:189857613-189857666:+_exon,-0.44070360371243067,0.44070360371243067,44
Factor_5,Exon,chr2:189861124-189861222:+_exon,-0.4406843884593417,0.4406843884593417,45
Factor_5,Exon,chr9:101825332-101825391:+_exon,-0.4405962092046117,0.4405962092046117,46
Factor_5,Exon,chr9:101810223-101810282:+_exon,-0.4403583310762746,0.4403583310762746,47
Factor_5,Exon,chr9:101822171-101822235:+_exon,-0.44030668608360635,0.44030668608360635,48
Factor_5,Exon,chr7:94034985-94035038:+_exon,-0.4399278083496628,0.4399278083496628,49
Factor_5,Exon,chr2:189859772-189859825:+_exon,-0.4398049017782758,0.4398049017782758,50
Factor_5,Exon,chr9:101800950-101801015:+_exon,-0.43953521619844166,0.43953521619844166,51
Factor_5,Exon,chr9:101824527-101824586:+_exon,-0.4394446433774146,0.4394446433774146,52
Factor_5,Exon,chrX:152773706-152775004:+_exon,-0.4394303168150456,0.4394303168150456,53
Factor_5,Exon,chr9:101811972-101812040:+_exon,-0.4390176298335679,0.4390176298335679,54
Factor_5,Exon,chr2:189839099-189839294:+_exon,-0.4388543687496585,0.4388543687496585,55
Factor_5,Exon,chr2:189862426-189862479:+_exon,-0.43876074696323875,0.43876074696323875,56
Factor_5,Exon,chrX:152770696-152770808:+_exon,-0.4384583997377421,0.4384583997377421,57
Factor_5,Exon,chr9:101806850-101806918:+_exon,-0.43843079186767725,0.43843079186767725,58
Factor_5,Exon,chr7:94034005-94034058:+_exon,-0.4383611909196417,0.4383611909196417,59
Factor_5,Exon,chr2:189859450-189859557:+_exon,-0.4379485976599182,0.4379485976599182,60
Factor_5,Exon,chrX:152771321-152771534:+_exon,-0.4375808088576022,0.4375808088576022,61
Factor_5,Exon,chr2:189868137-189868190:+_exon,-0.4374752408110129,0.4374752408110129,62
Factor_5,Exon,chr2:189856910-189856954:+_exon,-0.4374321303741041,0.4374321303741041,63
Factor_5,Exon,chr7:94034511-94034564:+_exon,-0.43735454800228096,0.43735454800228096,64
Factor_5,Exon,chr2:189862992-189863045:+_exon,-0.4371918591834283,0.4371918591834283,65
Factor_5,Exon,chrX:152771987-152772097:+_exon,-0.4369050745532742,0.4369050745532742,66
Factor_5,Exon,chrX:152770079-152770327:+_exon,-0.4366629651878826,0.4366629651878826,67
Factor_5,Exon,chr2:189859267-189859320:+_exon,-0.43643174686471087,0.43643174686471087,68
Factor_5,Exon,chr2:189861891-189861944:+_exon,-0.4363538331169732,0.4363538331169732,69
Factor_5,Exon,chr2:189867024-189867077:+_exon,-0.43606120858342584,0.43606120858342584,70
Factor_5,Exon,chr9:101830837-101830952:+_exon,-0.43598793668042746,0.43598793668042746,71
Factor_5,Exon,chr9:101798595-101798678:+_exon,-0.4353691048281455,0.4353691048281455,72
Factor_5,Exon,chr9:101787156-101787281:+_exon,-0.4352312849371862,0.4352312849371862,73
Factor_5,Exon,chr9:101829164-101829349:+_exon,-0.43513718103112803,0.43513718103112803,74
Factor_5,Exon,chr9:101797296-101797436:+_exon,-0.43448766148775164,0.43448766148775164,75
Factor_5,Exon,chrX:152772288-152772381:+_exon,-0.43437839257841854,0.43437839257841854,76
Factor_5,Exon,chr2:189866262-189866315:+_exon,-0.4339399396039778,0.4339399396039778,77
Factor_5,Exon,chr7:94033868-94033912:+_exon,-0.43363156714877626,0.43363156714877626,78
Factor_5,Exon,chr2:189866123-189866176:+_exon,-0.4335859785464344,0.4335859785464344,79
Factor_5,Exon,chr17:48277114-48277308:-_exon,-0.4330607778534511,0.4330607778534511,80
Factor_5,Exon,chr2:189873650-189873947:+_exon,-0.43282107735304504,0.43282107735304504,81
Factor_5,Exon,chr17:48275522-48275566:-_exon,-0.43270708774694183,0.43270708774694183,82
Factor_5,Exon,chr7:94035562-94035615:+_exon,-0.4327005484556586,0.4327005484556586,83
Factor_5,Exon,chr9:101824253-101824381:+_exon,-0.432489788704584,0.432489788704584,84
Factor_5,Exon,chr2:189858960-189859058:+_exon,-0.4324506871540203,0.4324506871540203,85
Factor_5,Exon,chr7:94029508-94029600:+_exon,-0.43219490043747266,0.43219490043747266,86
Factor_5,Exon,chr7:94043206-94043259:+_exon,-0.43184291458597135,0.43184291458597135,87
Factor_5,Exon,chr17:48275794-48275865:-_exon,-0.431396137879701,0.431396137879701,88
Factor_5,Exon,chr20:30226821-30226902:+_exon,-0.43134408843538696,0.43134408843538696,89
Factor_5,Exon,chr7:94028361-94028396:+_exon,-0.4308448260600019,0.4308448260600019,90
Factor_5,Exon,chr2:189864011-189864109:+_exon,-0.43071504693723645,0.43071504693723645,91
Factor_5,Exon,chrX:152772505-152772643:+_exon,-0.43055872069153706,0.43055872069153706,92
Factor_5,Exon,chr2:189867681-189867788:+_exon,-0.4302902829095942,0.4302902829095942,93
Factor_5,Exon,chr2:189870076-189870183:+_exon,-0.430103190946176,0.430103190946176,94
Factor_5,Exon,chr9:101785639-101785731:+_exon,-0.4298037500288851,0.4298037500288851,95
Factor_5,Exon,chr2:189864568-189864621:+_exon,-0.4295124538541227,0.4295124538541227,96
Factor_5,Exon,chr2:189870932-189870985:+_exon,-0.42948998004753075,0.42948998004753075,97
Factor_5,Exon,chr9:101782671-101782724:+_exon,-0.4293912245404319,0.4293912245404319,98
Factor_5,Exon,chr17:48276917-48276951:-_exon,-0.42933668616788057,0.42933668616788057,99
Factor_5,Exon,chr9:101784373-101784432:+_exon,-0.42930266817343393,0.42930266817343393,100
Factor_6,Exon,chr16:67200223-67200298:+_exon,-0.5451502477592682,0.5451502477592682,1
Factor_6,Exon,chr11:294099-294196:+_exon,-0.5386696273528129,0.5386696273528129,2
Factor_6,Exon,chr9:116855031-116855184:-_exon,-0.5351777235853094,0.5351777235853094,3
Factor_6,Exon,chr11:293823-293925:+_exon,-0.5321319868294013,0.5321319868294013,4
Factor_6,Exon,chr11:292886-292997:+_exon,-0.5268727517504818,0.5268727517504818,5
Factor_6,Exon,chr11:292546-292677:+_exon,-0.5255912840835907,0.5255912840835907,6
Factor_6,Exon,chr11:291976-292095:+_exon,-0.523193554981953,0.523193554981953,7
Factor_6,Exon,chr11:293366-293502:+_exon,-0.5218472349279296,0.5218472349279296,8
Factor_6,Exon,chr16:67200461-67200525:+_exon,-0.5175567024122002,0.5175567024122002,9
Factor_6,Exon,chr11:293594-293727:+_exon,-0.5172926986456355,0.5172926986456355,10
Factor_6,Exon,chr16:1808149-1808160:+_exon,-0.5167597798426412,0.5167597798426412,11
Factor_6,Exon,chr17:62775189-62775197:-_exon,-0.5098299729675589,0.5098299729675589,12
Factor_6,Exon,chr15:34821219-34821475:-_exon,-0.5080570067641869,0.5080570067641869,13
Factor_6,Exon,chr11:294267-294478:+_exon,-0.5072028775694535,0.5072028775694535,14
Factor_6,Exon,chr11:290390-290600:+_exon,-0.5067196911365269,0.5067196911365269,15
Factor_6,Exon,chr19:49605371-49606844:+_exon,-0.5058777662273727,0.5058777662273727,16
Factor_6,Exon,chr17:73599113-73599158:+_exon,-0.5055621170488303,0.5055621170488303,17
Factor_6,Exon,chr11:289559-290075:+_exon,-0.5047142021724028,0.5047142021724028,18
Factor_6,Exon,chr15:34674998-34675254:-_exon,-0.5018048584394246,0.5018048584394246,19
Factor_6,Exon,chr11:293068-293235:+_exon,-0.49999902998297135,0.49999902998297135,20
Factor_6,Exon,chr7:99952766-99952863:+_exon,-0.49811384783720847,0.49811384783720847,21
Factor_6,Exon,chr5:180482433-180482453:+_exon,-0.4961239940194834,0.4961239940194834,22
Factor_6,Exon,chr11:290658-291113:+_exon,-0.49556725687694203,0.49556725687694203,23
Factor_6,Exon,chr7:99950833-99950893:+_exon,-0.49519573192439376,0.49519573192439376,24
Factor_6,Exon,chr1:1323157-1323249:-_exon,-0.4926687679301429,0.4926687679301429,25
Factor_6,Exon,chr15:34820808-34820951:-_exon,-0.48912777110471184,0.48912777110471184,26
Factor_6,Exon,chr15:34678826-34678942:-_exon,-0.4888567962086599,0.4888567962086599,27
Factor_6,Exon,chr14:105934675-105934686:+_exon,-0.4878648164918305,0.4878648164918305,28
Factor_6,Exon,chr16:67201023-67201125:+_exon,-0.48778397400274065,0.48778397400274065,29
Factor_6,Exon,chr1:1323334-1323445:-_exon,-0.48733355851268056,0.48733355851268056,30
Factor_6,Exon,chr16:67202939-67203004:+_exon,-0.487203369009901,0.487203369009901,31
Factor_6,Exon,chr7:99956960-99957160:+_exon,-0.48474396485608917,0.48474396485608917,32
Factor_6,Exon,chr15:34674169-34674269:-_exon,-0.4832823907334633,0.4832823907334633,33
Factor_6,Exon,chr16:67203182-67203251:+_exon,-0.4818602763003783,0.4818602763003783,34
Factor_6,Exon,chr11:294556-295687:+_exon,-0.4817446595004591,0.4817446595004591,35
Factor_6,Exon,chr15:34673902-34674057:-_exon,-0.479291247781822,0.479291247781822,36
Factor_6,Exon,chr15:34674587-34674730:-_exon,-0.47851535189893046,0.47851535189893046,37
Factor_6,Exon,chr7:99954373-99954506:+_exon,-0.478319178567513,0.478319178567513,38
Factor_6,Exon,chr16:67202734-67202839:+_exon,-0.47704694947278903,0.47704694947278903,39
Factor_6,Exon,chr15:34820390-34820490:-_exon,-0.47590873626482133,0.47590873626482133,40
Factor_6,Exon,chr16:30235536-30235546:+_exon,-0.47481387351149296,0.47481387351149296,41
Factor_6,Exon,chr16:67199425-67199533:+_exon,-0.4745230930334319,0.4745230930334319,42
Factor_6,Exon,chr16:22545822-22545851:-_exon,-0.4730917013024834,0.4730917013024834,43
Factor_6,Exon,chr19:12876643-12876648:-_exon,-0.4727253360185891,0.4727253360185891,44
Factor_6,Exon,chr17:73606247-73606340:+_exon,-0.4725286525250686,0.4725286525250686,45
Factor_6,Exon,chr15:23285705-23285752:-_exon,-0.47251626008989783,0.47251626008989783,46
Factor_6,Exon,chr16:22546674-22546699:-_exon,-0.47244604959208636,0.47244604959208636,47
Factor_6,Exon,chr16:67201364-67201502:+_exon,-0.4718924427055317,0.4718924427055317,48
Factor_6,Exon,chr7:99950620-99950746:+_exon,-0.4702492809581168,0.4702492809581168,49
Factor_6,Exon,chr15:34820573-34820673:-_exon,-0.4698392659454619,0.4698392659454619,50
Factor_6,Exon,chr15:23299023-23299121:-_exon,-0.4681596392639763,0.4681596392639763,51
Factor_6,Exon,chr1:1325610-1325751:-_exon,-0.46618014666935054,0.46618014666935054,52
Factor_6,Exon,chr16:22545936-22545965:-_exon,-0.46600414792738304,0.46600414792738304,53
Factor_6,Exon,chr20:43565278-43565371:+_exon,-0.4659822959725732,0.4659822959725732,54
Factor_6,Exon,chr16:30235547-30235693:+_exon,-0.46512953915628974,0.46512953915628974,55
Factor_6,Exon,chr16:21414961-21415114:-_exon,-0.4643271704137832,0.4643271704137832,56
Factor_6,Exon,chr16:22547187-22547216:-_exon,-0.46402114837828295,0.46402114837828295,57
Factor_6,Exon,chr16:21846529-21846557:+_exon,-0.46390536440340263,0.46390536440340263,58
Factor_6,Exon,chr16:29495955-29496080:+_exon,-0.4638461267293744,0.4638461267293744,59
Factor_6,Exon,chr16:30235408-30235813:+_exon,-0.46347051722658933,0.46347051722658933,60
Factor_6,Exon,chr19:54969493-54973196:+_exon,-0.46337782554558804,0.46337782554558804,61
Factor_6,Exon,chr20:43564032-43564143:+_exon,-0.4633338213505014,0.4633338213505014,62
Factor_6,Exon,chr15:34825047-34826374:-_exon,-0.4631828945074188,0.4631828945074188,63
Factor_6,Exon,chr16:30234904-30235155:+_exon,-0.4630959410558649,0.4630959410558649,64
Factor_6,Exon,chr15:23299681-23299817:-_exon,-0.4628564528794549,0.4628564528794549,65
Factor_6,Exon,chr16:21847305-21847993:+_exon,-0.462722180406146,0.462722180406146,66
Factor_6,Exon,chr16:21414990-21415019:+_exon,-0.46230515497852326,0.46230515497852326,67
Factor_6,Exon,chr1:1325839-1325943:-_exon,-0.4621315552715478,0.4621315552715478,68
Factor_6,Exon,chr15:34674352-34674452:-_exon,-0.46126416565633666,0.46126416565633666,69
Factor_6,Exon,chr16:15199406-15199475:-_exon,-0.46123795310479876,0.46123795310479876,70
Factor_6,Exon,chr16:21414285-21414927:+_exon,-0.461030903188683,0.461030903188683,71
Factor_6,Exon,chr16:1818070-1818108:+_exon,-0.4606730303291853,0.4606730303291853,72
Factor_6,Exon,chr1:104117845-104117967:+_exon,-0.4606273969593379,0.4606273969593379,73
Factor_6,Exon,chr21:47420673-47420681:+_exon,-0.46058827227580806,0.46058827227580806,74
Factor_6,Exon,chr16:21414221-21414250:+_exon,-0.46054878505218405,0.46054878505218405,75
Factor_6,Exon,chr16:21414285-21414996:+_exon,-0.4603506345189255,0.4603506345189255,76
Factor_6,Exon,chr16:22546292-22546321:-_exon,-0.4592002197833157,0.4592002197833157,77
Factor_6,Exon,chr16:21415054-21415535:+_exon,-0.4586663916020543,0.4586663916020543,78
Factor_6,Exon,chr15:34820123-34820278:-_exon,-0.45814232596478843,0.45814232596478843,79
Factor_6,Exon,chr1:104120342-104120467:+_exon,-0.45812737814305066,0.45812737814305066,80
Factor_6,Exon,chr16:29393170-29393199:+_exon,-0.4581181693243047,0.4581181693243047,81
Factor_6,Exon,chr17:73598911-73599026:+_exon,-0.45804582188851395,0.45804582188851395,82
Factor_6,Exon,chr1:104116882-104117015:+_exon,-0.4578675280430885,0.4578675280430885,83
Factor_6,Exon,chr16:21845982-21847993:-_exon,-0.455772107670825,0.455772107670825,84
Factor_6,Exon,chr16:30236032-30237016:+_exon,-0.45545722976412034,0.45545722976412034,85
Factor_6,Exon,chr16:21415198-21415597:-_exon,-0.4552226571110473,0.4552226571110473,86
Factor_6,Exon,chr1:18497-18554:-_exon,-0.4550839756723596,0.4550839756723596,87
Factor_6,Exon,chr15:102512611-102512664:+_exon,-0.45491489748368297,0.45491489748368297,88
Factor_6,Exon,chr1:104118063-104118162:+_exon,-0.4546033714680063,0.4546033714680063,89
Factor_6,Exon,chr16:30234351-30237124:-_exon,-0.45424707909783524,0.45424707909783524,90
Factor_6,Exon,chr15:34671272-34673814:-_exon,-0.4537626249674447,0.4537626249674447,91
Factor_6,Exon,chr7:99949786-99950101:+_exon,-0.4536604907536308,0.4536604907536308,92
Factor_6,Exon,chr16:22546935-22546964:-_exon,-0.45359992623109585,0.45359992623109585,93
Factor_6,Exon,chr11:73584850-73584852:-_exon,-0.4528282784986297,0.4528282784986297,94
Factor_6,Exon,chr20:43567315-43567389:+_exon,-0.45274066571893234,0.45274066571893234,95
Factor_6,Exon,chr16:21848006-21849065:-_exon,-0.4527314425235774,0.4527314425235774,96
Factor_6,Exon,chr16:22544947-22547860:+_exon,-0.45266914330120434,0.45266914330120434,97
Factor_6,Exon,chr1:32700305-32700415:-_exon,-0.451282389325571,0.451282389325571,98
Factor_6,Exon,chr16:29494953-29496565:+_exon,-0.450016063357819,0.450016063357819,99
Factor_6,Exon,chr16:21848225-21849091:+_exon,-0.44938540204442523,0.44938540204442523,100
Factor_7,Exon,chr15:90019986-90020059:-_exon,-0.1562542207568724,0.1562542207568724,1
Factor_7,Exon,chr15:90020313-90020437:-_exon,-0.15454918509392315,0.15454918509392315,2
Factor_7,Exon,chr15:90023492-90023639:-_exon,-0.15397599618059293,0.15397599618059293,3
Factor_7,Exon,chr15:90015942-90016094:-_exon,-0.1534247425080613,0.1534247425080613,4
Factor_7,Exon,chr15:90022553-90022719:-_exon,-0.15311950893087256,0.15311950893087256,5
Factor_7,Exon,chr15:90020748-90020884:-_exon,-0.15287003543945524,0.15287003543945524,6
Factor_7,Exon,chr5:169620920-169621010:-_exon,-0.1516853726674305,0.1516853726674305,7
Factor_7,Exon,chr15:90026298-90026448:-_exon,-0.1492906471798992,0.1492906471798992,8
Factor_7,Exon,chr15:90020959-90021205:-_exon,-0.14694146697632263,0.14694146697632263,9
Factor_7,Exon,chr5:169623488-169623637:-_exon,-0.1465106968494374,0.1465106968494374,10
Factor_7,Exon,chr15:90030030-90030216:-_exon,-0.1463436299230766,0.1463436299230766,11
Factor_7,Exon,chr8:87155106-87155183:+_exon,-0.14547992606745053,0.14547992606745053,12
Factor_7,Exon,chr8:87165045-87166454:+_exon,-0.14473563309757922,0.14473563309757922,13
Factor_7,Exon,chr15:90014638-90015086:-_exon,-0.1442467981142167,0.1442467981142167,14
Factor_7,Exon,chr8:87153679-87153758:+_exon,-0.14419974095745647,0.14419974095745647,15
Factor_7,Exon,chr8:87163695-87163769:+_exon,-0.14404025889181407,0.14404025889181407,16
Factor_7,Exon,chr8:87162341-87162517:+_exon,-0.1437521532306719,0.1437521532306719,17
Factor_7,Exon,chr7:92826686-92826710:-_exon,-0.14244141512857186,0.14244141512857186,18
Factor_7,Exon,chr8:87151686-87151864:+_exon,-0.14134413417023448,0.14134413417023448,19
Factor_7,Exon,chr1:198498211-198498311:-_exon,-0.14077602967596667,0.14077602967596667,20
Factor_7,Exon,chr8:87125938-87126109:+_exon,-0.1403240675253127,0.1403240675253127,21
Factor_7,Exon,chr7:92826554-92826591:-_exon,-0.13895803323967482,0.13895803323967482,22
Factor_7,Exon,chr15:90039592-90039799:-_exon,-0.1385831304843121,0.1385831304843121,23
Factor_7,Exon,chr7:92821567-92821676:-_exon,-0.13835218193024018,0.13835218193024018,24
Factor_7,Exon,chr7:92825141-92825214:-_exon,-0.13658075970129374,0.13658075970129374,25
Factor_7,Exon,chr4:68456602-68456671:+_exon,-0.13613575250379456,0.13613575250379456,26
Factor_7,Exon,chr8:87111139-87111337:+_exon,-0.13604522449951179,0.13604522449951179,27
Factor_7,Exon,chr5:169535053-169536728:+_exon,-0.13600814630740476,0.13600814630740476,28
Factor_7,Exon,chr1:198509699-198509815:-_exon,-0.1343773720537308,0.1343773720537308,29
Factor_7,Exon,chr19:51323155-51323291:-_exon,-0.13374949233229444,0.13374949233229444,30
Factor_7,Exon,chr5:169618651-169619267:-_exon,-0.13316174389413785,0.13316174389413785,31
Factor_7,Exon,chr4:68442921-68442977:+_exon,-0.1329934212510274,0.1329934212510274,32
Factor_7,Exon,chr4:10669483-10669535:-_exon,-0.13244281893177404,0.13244281893177404,33
Factor_7,Exon,chr7:117306962-117308716:+_exon,-0.13158001474271017,0.13158001474271017,34
Factor_7,Exon,chr19:51323410-51323699:-_exon,-0.13110779035963394,0.13110779035963394,35
Factor_7,Exon,chr4:68458978-68459074:+_exon,-0.13109499172299416,0.13109499172299416,36
Factor_7,Exon,chr4:68449292-68449420:+_exon,-0.12966013711699678,0.12966013711699678,37
Factor_7,Exon,chr4:10599602-10599673:-_exon,-0.12897878244349995,0.12897878244349995,38
Factor_7,Exon,chr7:92817900-92818583:-_exon,-0.12827677075426416,0.12827677075426416,39
Factor_7,Exon,chr7:117305513-117305618:+_exon,-0.12810572186163213,0.12810572186163213,40
Factor_7,Exon,chr1:198492356-198492694:-_exon,-0.12625224057934492,0.12625224057934492,41
Factor_7,Exon,chr7:92826798-92826923:-_exon,-0.12620525072749217,0.12620525072749217,42
Factor_7,Exon,chr4:68447023-68447189:+_exon,-0.1255828934555247,0.1255828934555247,43
Factor_7,Exon,chr4:10543879-10543904:-_exon,-0.12415276650792333,0.12415276650792333,44
Factor_7,Exon,chr17:42092352-42092415:-_exon,-0.12339653574866906,0.12339653574866906,45
Factor_7,Exon,chr19:51322404-51322605:-_exon,-0.12323516301916372,0.12323516301916372,46
Factor_7,Exon,chr7:117254667-117254767:+_exon,-0.12314644634007797,0.12314644634007797,47
Factor_7,Exon,chr9:1053722-1053824:+_exon,-0.12260301995048578,0.12260301995048578,48
Factor_7,Exon,chr4:10560031-10560076:-_exon,-0.12128211127308587,0.12128211127308587,49
Factor_7,Exon,chr7:117304742-117304914:+_exon,-0.12107708562065647,0.12107708562065647,50
Factor_7,Exon,chr7:92837893-92838189:-_exon,-0.12081682147621646,0.12081682147621646,51
Factor_7,Exon,chr14:70444635-70444682:+_exon,-0.12023400072578141,0.12023400072578141,52
Factor_7,Exon,chr14:70459134-70459190:+_exon,-0.12011609696936483,0.12011609696936483,53
Factor_7,Exon,chr7:117267576-117267824:+_exon,-0.11994662267788127,0.11994662267788127,54
Factor_7,Exon,chr14:70480103-70480208:+_exon,-0.1197113463441952,0.1197113463441952,55
Factor_7,Exon,chr4:10543646-10543665:-_exon,-0.11955631634357188,0.11955631634357188,56
Factor_7,Exon,chr12:15070112-15070237:-_exon,-0.11945217939631723,0.11945217939631723,57
Factor_7,Exon,chr7:92844714-92844998:-_exon,-0.11892348393438372,0.11892348393438372,58
Factor_7,Exon,chr7:117292896-117292985:+_exon,-0.11880684022339147,0.11880684022339147,59
Factor_7,Exon,chr14:70461117-70461197:+_exon,-0.11875509615582977,0.11875509615582977,60
Factor_7,Exon,chr12:15068423-15068620:-_exon,-0.11865411270911204,0.11865411270911204,61
Factor_7,Exon,chr14:70478202-70478284:+_exon,-0.11862589381119817,0.11862589381119817,62
Factor_7,Exon,chr4:68441103-68441216:+_exon,-0.11844123999665292,0.11844123999665292,63
Factor_7,Exon,chr4:68472014-68472616:+_exon,-0.11807214006080194,0.11807214006080194,64
Factor_7,Exon,chr7:117282492-117282647:+_exon,-0.11796940682706994,0.11796940682706994,65
Factor_7,Exon,chr4:10566295-10566401:-_exon,-0.11778520478423811,0.11778520478423811,66
Factor_7,Exon,chr14:70489920-70490164:+_exon,-0.11768113709237928,0.11768113709237928,67
Factor_7,Exon,chr1:198505809-198505854:-_exon,-0.11748560068218762,0.11748560068218762,68
Factor_7,Exon,chr4:10573365-10573402:-_exon,-0.11724680243340012,0.11724680243340012,69
Factor_7,Exon,chr5:169532917-169533535:+_exon,-0.11679595716727237,0.11679595716727237,70
Factor_7,Exon,chr12:15073866-15073982:-_exon,-0.11640870996791669,0.11640870996791669,71
Factor_7,Exon,chr12:15066977-15067716:-_exon,-0.11585568247678238,0.11585568247678238,72
Factor_7,Exon,chr4:68436802-68436873:+_exon,-0.11559671065097495,0.11559671065097495,73
Factor_7,Exon,chr12:15087790-15087927:-_exon,-0.11514427219078995,0.11514427219078995,74
Factor_7,Exon,chr9:1055722-1057553:+_exon,-0.11491713565023201,0.11491713565023201,75
Factor_7,Exon,chr4:10586551-10586579:-_exon,-0.11488344454893681,0.11488344454893681,76
Factor_7,Exon,chr14:70442432-70442531:+_exon,-0.11353536447866493,0.11353536447866493,77
Factor_7,Exon,chr14:70420137-70420249:+_exon,-0.11287596025371222,0.11287596025371222,78
Factor_7,Exon,chr4:10567633-10567774:-_exon,-0.11286617980454135,0.11286617980454135,79
Factor_7,Exon,chr1:156354318-156354392:+_exon,-0.11228769706969505,0.11228769706969505,80
Factor_7,Exon,chr2:85888577-85888658:-_exon,-0.11210658720479813,0.11210658720479813,81
Factor_7,Exon,chr7:117251635-117251862:+_exon,-0.11206926848368352,0.11206926848368352,82
Factor_7,Exon,chr2:71191866-71191995:+_exon,-0.11157030001547932,0.11157030001547932,83
Factor_7,Exon,chr14:70477471-70477663:+_exon,-0.11124138823134459,0.11124138823134459,84
Factor_7,Exon,chr10:4994989-4995183:+_exon,-0.1106874194961472,0.1106874194961472,85
Factor_7,Exon,chr2:71189907-71190030:+_exon,-0.11051493642798657,0.11051493642798657,86
Factor_7,Exon,chr2:71191568-71191672:+_exon,-0.11047413673411177,0.11047413673411177,87
Factor_7,Exon,chr2:71186148-71186225:+_exon,-0.10972747998891204,0.10972747998891204,88
Factor_7,Exon,chr7:92848414-92848870:-_exon,-0.10953670281308286,0.10953670281308286,89
Factor_7,Exon,chr2:71187069-71187208:+_exon,-0.10942419852988869,0.10942419852988869,90
Factor_7,Exon,chr16:81962163-81962229:+_exon,-0.10908031795219793,0.10908031795219793,91
Factor_7,Exon,chr2:71188051-71188177:+_exon,-0.10897978691603778,0.10897978691603778,92
Factor_7,Exon,chr8:92406025-92406079:+_exon,-0.10892978622757064,0.10892978622757064,93
Factor_7,Exon,chr2:71190702-71190784:+_exon,-0.10848632178459672,0.10848632178459672,94
Factor_7,Exon,chr4:55603341-55603446:+_exon,-0.10846537978545029,0.10846537978545029,95
Factor_7,Exon,chr2:31135089-31135208:-_exon,0.10844656003483427,0.10844656003483427,96
Factor_7,Exon,chr2:31181263-31181330:-_exon,0.1077297197509699,0.1077297197509699,97
Factor_7,Exon,chr2:85889152-85889232:-_exon,-0.10767283817487963,0.10767283817487963,98
Factor_7,Exon,chr4:10542118-10542228:-_exon,-0.10765385246498525,0.10765385246498525,99
Factor_7,Exon,chr2:71190292-71190442:+_exon,-0.10760320673577688,0.10760320673577688,100
Factor_8,Exon,chr11:117695369-117695459:-_exon,0.41259827992717846,0.41259827992717846,1
Factor_8,Exon,chrY:21152665-21154705:-_exon,0.36877731351054954,0.36877731351054954,2
Factor_8,Exon,chr2:44527110-44527229:+_exon,0.35193727616175857,0.35193727616175857,3
Factor_8,Exon,chrY:21152526-21152662:-_exon,0.35103609986930373,0.35103609986930373,4
Factor_8,Exon,chr19:35556154-35556249:+_exon,0.34955974991222216,0.34955974991222216,5
Factor_8,Exon,chr19:35556443-35556585:+_exon,0.3472411712439662,0.3472411712439662,6
Factor_8,Exon,chr2:44539725-44539929:+_exon,0.3445051546857206,0.3445051546857206,7
Factor_8,Exon,chrX:55248200-55248308:+_exon,-0.3423820607795871,0.3423820607795871,8
Factor_8,Exon,chr11:117690790-117693432:-_exon,0.3377335585351685,0.3377335585351685,9
Factor_8,Exon,chrX:55247808-55247896:+_exon,-0.3362238904840417,0.3362238904840417,10
Factor_8,Exon,chr16:15813077-15813165:-_exon,0.3301859003006333,0.3301859003006333,11
Factor_8,Exon,chr19:35551531-35551721:+_exon,0.32819594539358254,0.32819594539358254,12
Factor_8,Exon,chr16:15813442-15813570:-_exon,0.32569233008970394,0.32569233008970394,13
Factor_8,Exon,chrX:55249054-55249179:+_exon,-0.3255996292614519,0.3255996292614519,14
Factor_8,Exon,chr16:15796994-15797980:-_exon,0.32479398035919993,0.32479398035919993,15
Factor_8,Exon,chr20:44099029-44099172:+_exon,0.321791430761859,0.321791430761859,16
Factor_8,Exon,chr16:15810997-15811205:-_exon,0.3207721876389456,0.3207721876389456,17
Factor_8,Exon,chr16:15809021-15809129:-_exon,0.31996726664254754,0.31996726664254754,18
Factor_8,Exon,chrX:55116935-55117043:+_exon,-0.3190471150740558,0.3190471150740558,19
Factor_8,Exon,chr20:44098394-44098500:+_exon,0.31816515842538085,0.31816515842538085,20
Factor_8,Exon,chr16:15812172-15812295:-_exon,0.31799760891558976,0.31799760891558976,21
Factor_8,Exon,chr1:47650674-47650769:-_exon,0.3179232442158442,0.3179232442158442,22
Factor_8,Exon,chr16:15814008-15814169:-_exon,0.3165754355819426,0.3165754355819426,23
Factor_8,Exon,chr16:66943170-66943286:-_exon,0.31386942381726873,0.31386942381726873,24
Factor_8,Exon,chr16:15892517-15892544:-_exon,0.313573206579916,0.313573206579916,25
Factor_8,Exon,chr16:15831306-15831477:-_exon,0.3133901773589568,0.3133901773589568,26
Factor_8,Exon,chr20:44108485-44108734:+_exon,0.3131358928565233,0.3131358928565233,27
Factor_8,Exon,chr16:15814696-15814908:-_exon,0.3130133725822994,0.3130133725822994,28
Factor_8,Exon,chr16:15847251-15847365:-_exon,0.3123274851068177,0.3123274851068177,29
Factor_8,Exon,chr16:15841731-15841800:-_exon,0.3118690624171967,0.3118690624171967,30
Factor_8,Exon,chr16:15832422-15832545:-_exon,0.31175667051601363,0.31175667051601363,31
Factor_8,Exon,chr19:35556772-35557475:+_exon,0.3108966776925743,0.3108966776925743,32
Factor_8,Exon,chr1:47652991-47653099:-_exon,0.31076622039531177,0.31076622039531177,33
Factor_8,Exon,chr16:15815279-15815491:-_exon,0.30978089629809497,0.30978089629809497,34
Factor_8,Exon,chr2:44508526-44508680:+_exon,0.309726128904062,0.309726128904062,35
Factor_8,Exon,chr16:15857653-15857748:-_exon,0.3085465503087477,0.3085465503087477,36
Factor_8,Exon,chr20:44110011-44110171:+_exon,0.30838481626201,0.30838481626201,37
Factor_8,Exon,chr16:66943889-66943996:-_exon,0.3067734309435588,0.3067734309435588,38
Factor_8,Exon,chr16:15854397-15854515:-_exon,0.30595356718716504,0.30595356718716504,39
Factor_8,Exon,chrX:55116446-55116537:+_exon,-0.30507714689866916,0.30507714689866916,40
Factor_8,Exon,chr2:44528142-44528555:+_exon,0.30388701278893154,0.30388701278893154,41
Factor_8,Exon,chr16:15835617-15835748:-_exon,0.30364321912263037,0.30364321912263037,42
Factor_8,Exon,chr16:15872637-15872700:-_exon,0.30325525233943507,0.30325525233943507,43
Factor_8,Exon,chr16:15850198-15850371:-_exon,0.3029777664528659,0.3029777664528659,44
Factor_8,Exon,chr16:15829223-15829435:-_exon,0.30273408727712997,0.30273408727712997,45
Factor_8,Exon,chr16:66944163-66944405:-_exon,0.3012189230113842,0.3012189230113842,46
Factor_8,Exon,chr8:6735319-6735529:-_exon,0.3005771022002758,0.3005771022002758,47
Factor_8,Exon,chr2:44530945-44531477:+_exon,0.30036635475437,0.30036635475437,48
Factor_8,Exon,chr8:6728097-6728348:-_exon,0.3001678388344801,0.3001678388344801,49
Factor_8,Exon,chr16:15841904-15842025:-_exon,0.2989197317073714,0.2989197317073714,50
Factor_8,Exon,chr16:15833908-15834045:-_exon,0.2986235291642173,0.2986235291642173,51
Factor_8,Exon,chr16:15841427-15841587:-_exon,0.29802036985421465,0.29802036985421465,52
Factor_8,Exon,chr16:15853433-15853585:-_exon,0.29691398340572056,0.29691398340572056,53
Factor_8,Exon,chr16:66942026-66942392:-_exon,0.29558435886180523,0.29558435886180523,54
Factor_8,Exon,chr16:15835320-15835526:-_exon,0.29534107575346985,0.29534107575346985,55
Factor_8,Exon,chr1:47649262-47649715:-_exon,0.2944761038517557,0.2944761038517557,56
Factor_8,Exon,chr2:44507855-44508034:+_exon,0.2937852171717359,0.2937852171717359,57
Factor_8,Exon,chrX:48121201-48121250:+_exon,-0.293185342513372,0.293185342513372,58
Factor_8,Exon,chr14:54868242-54868297:+_exon,-0.29286545703736344,0.29286545703736344,59
Factor_8,Exon,chrX:55103002-55103110:+_exon,-0.29203526472421415,0.29203526472421415,60
Factor_8,Exon,chr17:36059082-36059200:-_exon,0.2919001590070792,0.2919001590070792,61
Factor_8,Exon,chr20:44445348-44445594:+_exon,-0.2909724184091854,0.2909724184091854,62
Factor_8,Exon,chrX:48123217-48123352:+_exon,-0.2898047581930434,0.2898047581930434,63
Factor_8,Exon,chr16:15869935-15870033:-_exon,0.2897267153749812,0.2897267153749812,64
Factor_8,Exon,chrX:48125722-48125826:+_exon,-0.288438629277414,0.288438629277414,65
Factor_8,Exon,chr6:107235134-107235300:-_exon,0.28814943247514296,0.28814943247514296,66
Factor_8,Exon,chr16:15838986-15839094:-_exon,0.2879165521611851,0.2879165521611851,67
Factor_8,Exon,chr16:66945085-66945218:-_exon,0.2878609106714537,0.2878609106714537,68
Factor_8,Exon,chr2:44502597-44503104:+_exon,0.2873055122268177,0.2873055122268177,69
Factor_8,Exon,chrX:55117765-55117890:+_exon,-0.2870666405936125,0.2870666405936125,70
Factor_8,Exon,chr16:15826421-15826565:-_exon,0.28703686697043385,0.28703686697043385,71
Factor_8,Exon,chr16:15865426-15865569:-_exon,0.28608911510137175,0.28608911510137175,72
Factor_8,Exon,chrX:151908771-151908928:+_exon,-0.2844162454411359,0.2844162454411359,73
Factor_8,Exon,chr16:15917112-15917268:-_exon,0.28421351275878315,0.28421351275878315,74
Factor_8,Exon,chrX:151904459-151904518:+_exon,-0.2832273417486739,0.2832273417486739,75
Factor_8,Exon,chr1:32044805-32044868:+_exon,0.28014619570579086,0.28014619570579086,76
Factor_8,Exon,chr17:36064924-36065056:-_exon,0.2797715122966012,0.2797715122966012,77
Factor_8,Exon,chr14:54866612-54866694:+_exon,-0.27830345224623876,0.27830345224623876,78
Factor_8,Exon,chr1:43826404-43826632:+_exon,-0.2782099561891007,0.2782099561891007,79
Factor_8,Exon,chr14:54882617-54882648:+_exon,-0.278110889016111,0.278110889016111,80
Factor_8,Exon,chr1:163131705-163131766:-_exon,0.2780539601814765,0.2780539601814765,81
Factor_8,Exon,chrX:55103832-55103957:+_exon,-0.27694347400136593,0.27694347400136593,82
Factor_8,Exon,chr6:107172442-107172535:-_exon,0.27688737508244987,0.27688737508244987,83
Factor_8,Exon,chr1:32048750-32048842:+_exon,0.2768150148682068,0.2768150148682068,84
Factor_8,Exon,chr16:66946407-66946483:-_exon,0.27663957259220207,0.27663957259220207,85
Factor_8,Exon,chr14:54875463-54875507:+_exon,-0.276534862533458,0.276534862533458,86
Factor_8,Exon,chr17:36060988-36061182:-_exon,0.27653370630919377,0.27653370630919377,87
Factor_8,Exon,chr6:107165327-107166117:-_exon,0.27637891549590593,0.27637891549590593,88
Factor_8,Exon,chr1:43825640-43825768:+_exon,-0.2762595325479981,0.2762595325479981,89
Factor_8,Exon,chr14:54878202-54878424:+_exon,-0.2760178019269837,0.2760178019269837,90
Factor_8,Exon,chr5:168250265-168250336:-_exon,0.2758156890966222,0.2758156890966222,91
Factor_8,Exon,chr1:47655538-47655771:-_exon,0.2755332646591335,0.2755332646591335,92
Factor_8,Exon,chr14:54884566-54884669:+_exon,-0.275343606337166,0.275343606337166,93
Factor_8,Exon,chr6:46424489-46424715:-_exon,0.2750727422420991,0.2750727422420991,94
Factor_8,Exon,chr20:44443023-44443109:+_exon,-0.2749223250759742,0.2749223250759742,95
Factor_8,Exon,chr17:36046435-36047395:-_exon,0.2741614160284211,0.2741614160284211,96
Factor_8,Exon,chr12:2974521-2974565:-_exon,-0.27410277125882226,0.27410277125882226,97
Factor_8,Exon,chr9:21970901-21971207:-_exon,-0.27403834482547457,0.27403834482547457,98
Factor_8,Exon,chr17:8113848-8113883:-_exon,-0.2738242638423476,0.2738242638423476,99
Factor_8,Exon,chrX:55250420-55250540:+_exon,-0.27344580962976295,0.27344580962976295,100
Factor_9,Exon,chr8:99057736-99057773:-_exon,0.8370003899451955,0.8370003899451955,1
Factor_9,Exon,chr7:5570155-5570232:-_exon,0.8315958156050159,0.8315958156050159,2
Factor_9,Exon,chr11:64973181-64973192:+_exon,0.8277345167167054,0.8277345167167054,3
Factor_9,Exon,chr16:3071216-3071320:+_exon,0.8054184034499275,0.8054184034499275,4
Factor_9,Exon,chr19:1387810-1387846:+_exon,0.7816252259214477,0.7816252259214477,5
Factor_9,Exon,chr16:89627090-89627120:+_exon,0.7685879424802659,0.7685879424802659,6
Factor_9,Exon,chr20:62152133-62152247:+_exon,0.7558600844685507,0.7558600844685507,7
Factor_9,Exon,chr2:85629246-85629281:-_exon,0.7467506320066122,0.7467506320066122,8
Factor_9,Exon,chr7:150497854-150497916:+_exon,0.7429736616222333,0.7429736616222333,9
Factor_9,Exon,chr8:146017350-146017525:-_exon,0.7424601693046841,0.7424601693046841,10
Factor_9,Exon,chr16:3070313-3070492:+_exon,0.724157423938918,0.724157423938918,11
Factor_9,Exon,chr16:29973351-29973453:+_exon,0.7202008384929887,0.7202008384929887,12
Factor_9,Exon,chr7:5569112-5569324:-_exon,0.712274874749615,0.712274874749615,13
Factor_9,Exon,chr17:79479258-79479405:-_exon,0.7119997859536448,0.7119997859536448,14
Factor_9,Exon,chr11:832952-833026:+_exon,0.70974043552707,0.70974043552707,15
Factor_9,Exon,chr22:24236565-24236769:+_exon,0.709114504835208,0.709114504835208,16
Factor_9,Exon,chr19:1103936-1104126:+_exon,0.7046583741741388,0.7046583741741388,17
Factor_9,Exon,chr8:146017751-146017805:-_exon,0.7030962119355797,0.7030962119355797,18
Factor_9,Exon,chr19:38755202-38755638:+_exon,0.7024118601974795,0.7024118601974795,19
Factor_9,Exon,chr7:56174057-56174187:-_exon,0.701365012785063,0.701365012785063,20
Factor_9,Exon,chr6:29910331-29910403:+_exon,0.6983986371926236,0.6983986371926236,21
Factor_9,Exon,chr22:43547535-43547610:+_exon,0.6960857004275921,0.6960857004275921,22
Factor_9,Exon,chr19:18043824-18043857:+_exon,0.6919437130622894,0.6919437130622894,23
Factor_9,Exon,chr22:19165646-19165753:-_exon,0.6901616538112639,0.6901616538112639,24
Factor_9,Exon,chr16:3071556-3071690:+_exon,0.6897793418693208,0.6897793418693208,25
Factor_9,Exon,chr6:35436178-35436216:+_exon,0.687631291402105,0.687631291402105,26
Factor_9,Exon,chr17:79479632-79479827:-_exon,0.687624122067484,0.687624122067484,27
Factor_9,Exon,chr15:75182410-75182430:+_exon,0.6837226448114602,0.6837226448114602,28
Factor_9,Exon,chr6:29911028-29911213:-_exon,0.6824468178817019,0.6824468178817019,29
Factor_9,Exon,chr7:98972329-98972404:+_exon,0.6804090025993679,0.6804090025993679,30
Factor_9,Exon,chr16:89627131-89627471:+_exon,0.6796723398020563,0.6796723398020563,31
Factor_9,Exon,chrX:1510792-1510998:-_exon,0.67952141392783,0.67952141392783,32
Factor_9,Exon,chr20:62152637-62152716:+_exon,0.6746156261804779,0.6746156261804779,33
Factor_9,Exon,chr19:36633202-36633235:+_exon,0.6734923443737458,0.6734923443737458,34
Factor_9,Exon,chr16:8962823-8962863:-_exon,0.6732113205255327,0.6732113205255327,35
Factor_9,Exon,chr1:986633-986749:+_exon,0.6716098234303999,0.6716098234303999,36
Factor_9,Exon,chr7:43909056-43909145:-_exon,0.6692880776644893,0.6692880776644893,37
Factor_9,Exon,chr16:2563953-2564183:+_exon,0.6643039730380883,0.6643039730380883,38
Factor_9,Exon,chr6:42981636-42981660:-_exon,0.6613999763587771,0.6613999763587771,39
Factor_9,Exon,chr12:56122737-56122910:-_exon,0.6601448315033052,0.6601448315033052,40
Factor_9,Exon,chr17:76973222-76973296:-_exon,0.6589619286117104,0.6589619286117104,41
Factor_9,Exon,chr6:31324863-31324989:-_exon,0.6584754445888602,0.6584754445888602,42
Factor_9,Exon,chr7:150498624-150498812:+_exon,0.6572042819424055,0.6572042819424055,43
Factor_9,Exon,chr7:43810737-43810769:+_exon,0.6569732155861683,0.6569732155861683,44
Factor_9,Exon,chr19:572537-572701:+_exon,0.6560459591802161,0.6560459591802161,45
Factor_9,Exon,chr20:2644799-2644843:-_exon,0.6545732261787005,0.6545732261787005,46
Factor_9,Exon,chr17:38610180-38610314:+_exon,0.6542927887912179,0.6542927887912179,47
Factor_9,Exon,chr19:56200236-56200360:+_exon,0.6534438895128836,0.6534438895128836,48
Factor_9,Exon,chr17:49243639-49243858:+_exon,0.6531476196484391,0.6531476196484391,49
Factor_9,Exon,chr11:850288-850367:+_exon,0.6523438902378218,0.6523438902378218,50
Factor_9,Exon,chr1:228327929-228328064:+_exon,0.6517581149698144,0.6517581149698144,51
Factor_9,Exon,chr16:420499-420540:-_exon,0.651680846016637,0.651680846016637,52
Factor_9,Exon,chr11:65337943-65337981:+_exon,0.6516214663686852,0.6516214663686852,53
Factor_9,Exon,chr19:18426834-18426875:-_exon,0.6511231122209002,0.6511231122209002,54
Factor_9,Exon,chr14:105944787-105944844:+_exon,0.6510141213231224,0.6510141213231224,55
Factor_9,Exon,chr22:50354966-50355016:+_exon,0.6499627207973596,0.6499627207973596,56
Factor_9,Exon,chr19:10363073-10363139:+_exon,0.6495493259609969,0.6495493259609969,57
Factor_9,Exon,chr11:67798094-67798200:+_exon,0.6491724122341594,0.6491724122341594,58
Factor_9,Exon,chr1:986106-986217:+_exon,0.6491203715313681,0.6491203715313681,59
Factor_9,Exon,chr1:989828-989931:+_exon,0.6490945454054753,0.6490945454054753,60
Factor_9,Exon,chr17:76972047-76972238:-_exon,0.6486188138303765,0.6486188138303765,61
Factor_9,Exon,chr15:72494795-72495005:-_exon,0.6477660433436677,0.6477660433436677,62
Factor_9,Exon,chr11:809936-810039:+_exon,0.6458615338008895,0.6458615338008895,63
Factor_9,Exon,chr11:1785022-1785222:-_exon,0.6448660896650487,0.6448660896650487,64
Factor_9,Exon,chr15:75628374-75628433:+_exon,0.6446631074005454,0.6446631074005454,65
Factor_9,Exon,chr6:29910534-29911320:+_exon,0.6441005746177287,0.6441005746177287,66
Factor_9,Exon,chr11:847201-847300:+_exon,0.6434397376296039,0.6434397376296039,67
Factor_9,Exon,chr22:43045301-43045405:-_exon,0.6429831786017381,0.6429831786017381,68
Factor_9,Exon,chr6:31238850-31239125:-_exon,0.6418263674155921,0.6418263674155921,69
Factor_9,Exon,chr15:72523237-72523684:-_exon,0.6396424744537174,0.6396424744537174,70
Factor_9,Exon,chr7:43908907-43908975:-_exon,0.6387256995605705,0.6387256995605705,71
Factor_9,Exon,chr11:67799619-67799676:+_exon,0.6371064459954897,0.6371064459954897,72
Factor_9,Exon,chr22:43555216-43555426:+_exon,0.6367031890317465,0.6367031890317465,73
Factor_9,Exon,chr20:60962121-60962192:+_exon,0.6366303047891914,0.6366303047891914,74
Factor_9,Exon,chr6:43196999-43197211:-_exon,0.6361726085181165,0.6361726085181165,75
Factor_9,Exon,chr16:30077044-30077248:+_exon,0.6358007766574965,0.6358007766574965,76
Factor_9,Exon,chr10:99186027-99186203:+_exon,0.6356262914341949,0.6356262914341949,77
Factor_9,Exon,chr14:105945068-105945208:+_exon,0.6347820188943321,0.6347820188943321,78
Factor_9,Exon,chrX:71497043-71497141:-_exon,0.6343202032727364,0.6343202032727364,79
Factor_9,Exon,chr9:140136173-140136281:+_exon,0.6340182896667003,0.6340182896667003,80
Factor_9,Exon,chr19:3977426-3977608:-_exon,0.6339476633086072,0.6339476633086072,81
Factor_9,Exon,chr1:19811930-19811992:-_exon,0.6338242270017327,0.6338242270017327,82
Factor_9,Exon,chr1:984946-985175:+_exon,0.6336636556083876,0.6336636556083876,83
Factor_9,Exon,chrX:153056019-153056030:-_exon,0.6333921773624209,0.6333921773624209,84
Factor_9,Exon,chrX:53461266-53461323:-_exon,0.6333027021657676,0.6333027021657676,85
Factor_9,Exon,chr17:79782375-79782430:-_exon,0.6326115282076994,0.6326115282076994,86
Factor_9,Exon,chr8:27472172-27472327:-_exon,0.6323317362944315,0.6323317362944315,87
Factor_9,Exon,chr1:159895240-159895284:-_exon,0.6322894017436572,0.6322894017436572,88
Factor_9,Exon,chr19:18654292-18654387:-_exon,0.632212001837469,0.632212001837469,89
Factor_9,Exon,chr17:27043921-27044012:-_exon,0.6320267417204354,0.6320267417204354,90
Factor_9,Exon,chr6:31238850-31239855:-_exon,0.6318123289982167,0.6318123289982167,91
Factor_9,Exon,chr17:79829174-79829238:-_exon,0.6313769869090696,0.6313769869090696,92
Factor_9,Exon,chr16:88878228-88878342:-_exon,0.6313390502464571,0.6313390502464571,93
Factor_9,Exon,chr19:55897300-55897333:+_exon,0.6308242444419417,0.6308242444419417,94
Factor_9,Exon,chr22:25016880-25017037:+_exon,0.6302622665254111,0.6302622665254111,95
Factor_9,Exon,chr19:6361880-6361951:+_exon,0.6301949569629027,0.6301949569629027,96
Factor_9,Exon,chr15:72492815-72492996:-_exon,0.6289693657630236,0.6289693657630236,97
Factor_9,Exon,chr7:98983325-98983401:+_exon,0.6270664963888486,0.6270664963888486,98
Factor_9,Exon,chr17:80195014-80195769:+_exon,0.62630451485648,0.62630451485648,99
Factor_9,Exon,chr21:47539702-47539764:+_exon,0.6262162339818946,0.6262162339818946,100
Factor_10,Exon,chr2:170177287-170177394:-_exon,-0.8355953060028818,0.8355953060028818,1
Factor_10,Exon,chr1:22263648-22263750:-_exon,-0.8058574015425102,0.8058574015425102,2
Factor_10,Exon,chr2:170175272-170175394:-_exon,-0.76599472462603,0.76599472462603,3
Factor_10,Exon,chr16:12093154-12093215:+_exon,-0.7647003176136102,0.7647003176136102,4
Factor_10,Exon,chr7:80295759-80295805:+_exon,0.7409976674976184,0.7409976674976184,5
Factor_10,Exon,chr7:80293722-80293813:+_exon,0.7361130655695736,0.7361130655695736,6
Factor_10,Exon,chr2:170150658-170150771:-_exon,-0.7347673985637646,0.7347673985637646,7
Factor_10,Exon,chr7:80299269-80299338:+_exon,0.7211122750467198,0.7211122750467198,8
Factor_10,Exon,chr2:170151110-170151220:-_exon,-0.7144796045531393,0.7144796045531393,9
Factor_10,Exon,chr16:12070602-12070670:+_exon,-0.7105395716011843,0.7105395716011843,10
Factor_10,Exon,chr7:80300293-80300480:+_exon,0.710457114321238,0.710457114321238,11
Factor_10,Exon,chr1:22207149-22207328:-_exon,-0.7032380973079514,0.7032380973079514,12
Factor_10,Exon,chr1:22222668-22222803:-_exon,-0.7004254407744406,0.7004254407744406,13
Factor_10,Exon,chr6:70410657-70410761:-_exon,0.6997931159262127,0.6997931159262127,14
Factor_10,Exon,chr3:146243392-146243434:-_exon,0.6983544931111981,0.6983544931111981,15
Factor_10,Exon,chr1:22213708-22213827:-_exon,-0.6983352923502468,0.6983352923502468,16
Factor_10,Exon,chr2:170148763-170148879:-_exon,-0.6973300745398714,0.6973300745398714,17
Factor_10,Exon,chr1:22214431-22214559:-_exon,-0.6955466423359404,0.6955466423359404,18
Factor_10,Exon,chr22:50745982-50746002:-_exon,-0.6854964163831758,0.6854964163831758,19
Factor_10,Exon,chr16:12096848-12096900:+_exon,-0.6852393556745282,0.6852393556745282,20
Factor_10,Exon,chr1:22213913-22214167:-_exon,-0.683178106706798,0.683178106706798,21
Factor_10,Exon,chr2:170163791-170163907:-_exon,-0.6825284444042475,0.6825284444042475,22
Factor_10,Exon,chr1:39696854-39696915:+_exon,-0.6822211835647688,0.6822211835647688,23
Factor_10,Exon,chr1:22207832-22207995:-_exon,-0.6810261036174423,0.6810261036174423,24
Factor_10,Exon,chr1:22206856-22207052:-_exon,-0.6807659065255306,0.6807659065255306,25
Factor_10,Exon,chr12:57559588-57559728:+_exon,-0.6798251137893672,0.6798251137893672,26
Factor_10,Exon,chr1:22211260-22211411:-_exon,-0.6790795099939464,0.6790795099939464,27
Factor_10,Exon,chr7:80275404-80275497:+_exon,0.6785608864033627,0.6785608864033627,28
Factor_10,Exon,chr8:29053704-29053716:-_exon,-0.6775489110873334,0.6775489110873334,29
Factor_10,Exon,chr1:22211021-22211170:-_exon,-0.676984953790339,0.676984953790339,30
Factor_10,Exon,chr12:57065533-57065631:-_exon,0.6761224792867738,0.6761224792867738,31
Factor_10,Exon,chr8:103373810-103373854:-_exon,-0.674603956935939,0.674603956935939,32
Factor_10,Exon,chr12:57066524-57066593:-_exon,0.6712207488375239,0.6712207488375239,33
Factor_10,Exon,chr12:57559867-57559992:+_exon,-0.6707678267140036,0.6707678267140036,34
Factor_10,Exon,chr12:57535157-57535294:+_exon,-0.6643020930307727,0.6643020930307727,35
Factor_10,Exon,chr4:88403576-88403712:-_exon,0.6619392182272816,0.6619392182272816,36
Factor_10,Exon,chr12:57560713-57560829:+_exon,-0.6592795857285227,0.6592795857285227,37
Factor_10,Exon,chr1:22206600-22206747:-_exon,-0.6574719373453236,0.6574719373453236,38
Factor_10,Exon,chr2:170145536-170145655:-_exon,-0.6540742724034011,0.6540742724034011,39
Factor_10,Exon,chr2:170218831-170219122:-_exon,-0.652682952192281,0.652682952192281,40
Factor_10,Exon,chr12:57532242-57532364:+_exon,-0.650992530101656,0.650992530101656,41
Factor_10,Exon,chr2:170147355-170147507:-_exon,-0.6487765961238833,0.6487765961238833,42
Factor_10,Exon,chr1:22211506-22211650:-_exon,-0.6466379447397951,0.6466379447397951,43
Factor_10,Exon,chr12:57550560-57550703:+_exon,-0.6453921468641677,0.6453921468641677,44
Factor_10,Exon,chr1:22222415-22222459:-_exon,-0.6452940012616892,0.6452940012616892,45
Factor_10,Exon,chr1:22216474-22216634:-_exon,-0.6445134571756269,0.6445134571756269,46
Factor_10,Exon,chr1:22204679-22204746:-_exon,-0.6438680592487926,0.6438680592487926,47
Factor_10,Exon,chr1:22217078-22217187:-_exon,-0.6433381564711906,0.6433381564711906,48
Factor_10,Exon,chr2:170139383-170139511:-_exon,-0.642748482061846,0.642748482061846,49
Factor_10,Exon,chr7:80292306-80292485:+_exon,0.64232045187764,0.64232045187764,50
Factor_10,Exon,chr2:170101203-170101442:-_exon,-0.6405199949216229,0.6405199949216229,51
Factor_10,Exon,chr4:76943519-76943608:-_exon,0.63905096544668,0.63905096544668,52
Factor_10,Exon,chr7:80301238-80301356:+_exon,0.6389933988309233,0.6389933988309233,53
Factor_10,Exon,chr8:109229563-109229689:-_exon,0.6376760734511848,0.6376760734511848,54
Factor_10,Exon,chr4:88411425-88411545:-_exon,0.6368351572502675,0.6368351572502675,55
Factor_10,Exon,chr1:22201384-22201495:-_exon,-0.63606892470833,0.63606892470833,56
Factor_10,Exon,chr12:57556641-57556766:+_exon,-0.6357801102679967,0.6357801102679967,57
Factor_10,Exon,chr12:57552185-57552421:+_exon,-0.6354986796267548,0.6354986796267548,58
Factor_10,Exon,chr3:146239331-146239492:-_exon,0.6353481346576162,0.6353481346576162,59
Factor_10,Exon,chr12:57549877-57550066:+_exon,-0.6340770321166008,0.6340770321166008,60
Factor_10,Exon,chr2:170103215-170103496:-_exon,-0.6332179608051205,0.6332179608051205,61
Factor_10,Exon,chr2:136673796-136673942:-_exon,0.6323690773097076,0.6323690773097076,62
Factor_10,Exon,chr1:22204926-22204984:-_exon,-0.6319231364206228,0.6319231364206228,63
Factor_10,Exon,chr1:22203005-22203145:-_exon,-0.6306312395738144,0.6306312395738144,64
Factor_10,Exon,chr1:22211813-22211944:-_exon,-0.6304333888264336,0.6304333888264336,65
Factor_10,Exon,chr1:222907630-222907660:-_exon,0.6291364797509245,0.6291364797509245,66
Factor_10,Exon,chr2:170103888-170104025:-_exon,-0.6287935875061554,0.6287935875061554,67
Factor_10,Exon,chr14:102442049-102442136:+_exon,-0.6283980783310228,0.6283980783310228,68
Factor_10,Exon,chr2:170129437-170129577:-_exon,-0.6279264654461125,0.6279264654461125,69
Factor_10,Exon,chr7:35922094-35922186:+_exon,0.6276413805525358,0.6276413805525358,70
Factor_10,Exon,chr4:76943844-76943970:-_exon,0.6267516376870871,0.6267516376870871,71
Factor_10,Exon,chr1:39750969-39751062:+_exon,-0.626685602307171,0.626685602307171,72
Factor_10,Exon,chr15:55477560-55477623:-_exon,0.626131731941025,0.626131731941025,73
Factor_10,Exon,chr1:79385868-79386071:-_exon,0.6259002282689647,0.6259002282689647,74
Factor_10,Exon,chr2:136678023-136678170:-_exon,0.6254893951468877,0.6254893951468877,75
Factor_10,Exon,chr1:39715686-39715775:+_exon,-0.6237698155076914,0.6237698155076914,76
Factor_10,Exon,chr12:57537462-57537581:+_exon,-0.623759025037946,0.623759025037946,77
Factor_10,Exon,chr11:18420978-18421095:+_exon,0.6236249234476674,0.6236249234476674,78
Factor_10,Exon,chr15:55483173-55483245:-_exon,0.6235296709661797,0.6235296709661797,79
Factor_10,Exon,chr8:120599284-120599315:-_exon,0.6218215564293573,0.6218215564293573,80
Factor_10,Exon,chr15:49422916-49423013:-_exon,0.6217713715661958,0.6217713715661958,81
Factor_10,Exon,chr1:22205487-22205614:-_exon,-0.6216216671233344,0.6216216671233344,82
Factor_10,Exon,chr14:34396166-34396239:-_exon,0.6205701595384157,0.6205701595384157,83
Factor_10,Exon,chr1:22216920-22216978:-_exon,-0.6192275319878089,0.6192275319878089,84
Factor_10,Exon,chr2:170131546-170131748:-_exon,-0.6182038716648313,0.6182038716648313,85
Factor_10,Exon,chr12:57566951-57567133:+_exon,-0.6177985399447672,0.6177985399447672,86
Factor_10,Exon,chr11:102207491-102207532:+_exon,0.617725360624391,0.617725360624391,87
Factor_10,Exon,chr8:109240496-109240620:-_exon,0.6172815720066379,0.6172815720066379,88
Factor_10,Exon,chr4:88412770-88412842:-_exon,0.6164481954624988,0.6164481954624988,89
Factor_10,Exon,chr2:170113634-170113759:-_exon,-0.6164471205278411,0.6164471205278411,90
Factor_10,Exon,chr15:49429347-49429424:-_exon,0.6155416118486526,0.6155416118486526,91
Factor_10,Exon,chr2:170068478-170068717:-_exon,-0.6137198288247337,0.6137198288247337,92
Factor_10,Exon,chr8:109241299-109241424:-_exon,0.6136003805988309,0.6136003805988309,93
Factor_10,Exon,chr2:136672039-136672081:-_exon,0.6126818107540415,0.6126818107540415,94
Factor_10,Exon,chr7:80285856-80286016:+_exon,0.6120401130268374,0.6120401130268374,95
Factor_10,Exon,chr12:57538755-57538883:+_exon,-0.6120230080419174,0.6120230080419174,96
Factor_10,Exon,chr12:57539010-57539273:+_exon,-0.6115306657754354,0.6115306657754354,97
Factor_10,Exon,chr1:44003869-44003948:+_exon,-0.6112566467660483,0.6112566467660483,98
Factor_10,Exon,chr2:170665370-170665412:+_exon,0.6104933364055357,0.6104933364055357,99
Factor_10,Exon,chr1:79401980-79402096:-_exon,0.6099459644404842,0.6099459644404842,100
Factor_11,Exon,chr12:57629532-57629592:-_exon,-0.46744054796432094,0.46744054796432094,1
Factor_11,Exon,chr5:147285995-147286101:-_exon,-0.4642944120156556,0.4642944120156556,2
Factor_11,Exon,chr12:57628688-57629402:-_exon,-0.4605836167962646,0.4605836167962646,3
Factor_11,Exon,chr5:147281106-147281336:-_exon,-0.45602050321830323,0.45602050321830323,4
Factor_11,Exon,chr12:57630107-57630464:-_exon,-0.4550937258997438,0.4550937258997438,5
Factor_11,Exon,chr8:49986793-49986892:+_exon,-0.4549334193485999,0.4549334193485999,6
Factor_11,Exon,chr8:49985346-49985444:+_exon,-0.45352418603137606,0.45352418603137606,7
Factor_11,Exon,chr8:49986618-49986695:+_exon,-0.4439880462353472,0.4439880462353472,8
Factor_11,Exon,chr12:57630812-57631118:-_exon,-0.4425053733725068,0.4425053733725068,9
Factor_11,Exon,chr8:49984903-49985041:+_exon,-0.43194808009036956,0.43194808009036956,10
Factor_11,Exon,chr2:132237642-132238322:+_exon,-0.4232849574269147,0.4232849574269147,11
Factor_11,Exon,chr6:123100646-123101012:+_exon,-0.4114164019491349,0.4114164019491349,12
Factor_11,Exon,chr6:123101436-123105216:+_exon,-0.4012886474800772,0.4012886474800772,13
Factor_11,Exon,chrX:152936533-152937655:-_exon,-0.3965313332391489,0.3965313332391489,14
Factor_11,Exon,chrX:152935905-152936049:-_exon,-0.3875204884104566,0.3875204884104566,15
Factor_11,Exon,chrX:152938021-152938533:-_exon,-0.37742991996424813,0.37742991996424813,16
Factor_11,Exon,chr7:98248955-98249171:+_exon,-0.37675642259332487,0.37675642259332487,17
Factor_11,Exon,chr7:98254234-98254478:+_exon,-0.37361154660041396,0.37361154660041396,18
Factor_11,Exon,chrX:152936199-152936286:-_exon,-0.3732233273659404,0.3732233273659404,19
Factor_11,Exon,chrX:152935190-152935585:-_exon,-0.37258123779855373,0.37258123779855373,20
Factor_11,Exon,chr7:98256477-98256656:+_exon,-0.37238957101164843,0.37238957101164843,21
Factor_11,Exon,chr2:132240125-132240504:+_exon,-0.36987830827366586,0.36987830827366586,22
Factor_11,Exon,chr5:177694308-177694334:-_exon,-0.365983510110976,0.365983510110976,23
Factor_11,Exon,chr5:177695731-177695757:-_exon,-0.36582180569870926,0.36582180569870926,24
Factor_11,Exon,chr22:43040396-43040637:-_exon,-0.36403522533822064,0.36403522533822064,25
Factor_11,Exon,chrX:152936373-152936451:-_exon,-0.36068500386836727,0.36068500386836727,26
Factor_11,Exon,chr7:98257714-98259181:+_exon,-0.35852007504644884,0.35852007504644884,27
Factor_11,Exon,chr2:132236881-132237029:+_exon,-0.35607035784854285,0.35607035784854285,28
Factor_11,Exon,chr17:26901970-26902024:-_exon,-0.35359519900408715,0.35359519900408715,29
Factor_11,Exon,chr8:49987794-49988641:+_exon,-0.35148099810361283,0.35148099810361283,30
Factor_11,Exon,chr5:177697338-177697364:-_exon,-0.3506130962493207,0.3506130962493207,31
Factor_11,Exon,chr5:159661827-159661916:+_exon,-0.3483880703021488,0.3483880703021488,32
Factor_11,Exon,chr5:177674527-177674553:-_exon,-0.3435842655466986,0.3435842655466986,33
Factor_11,Exon,chr2:130951359-130952039:-_exon,-0.3435350213455065,0.3435350213455065,34
Factor_11,Exon,chrX:152939235-152939277:-_exon,-0.34342336883736996,0.34342336883736996,35
Factor_11,Exon,chr5:177689218-177689253:-_exon,-0.3423770237011822,0.3423770237011822,36
Factor_11,Exon,chr5:177688723-177688749:-_exon,-0.3418444241977817,0.3418444241977817,37
Factor_11,Exon,chr9:35675535-35675564:+_exon,-0.34092865259298455,0.34092865259298455,38
Factor_11,Exon,chr17:26902141-26902352:-_exon,-0.33866206205359345,0.33866206205359345,39
Factor_11,Exon,chr17:26901512-26901595:-_exon,-0.338586960143541,0.338586960143541,40
Factor_11,Exon,chr5:177677062-177677106:-_exon,-0.3377050544573315,0.3377050544573315,41
Factor_11,Exon,chr17:26901714-26901874:-_exon,-0.33766146829209726,0.33766146829209726,42
Factor_11,Exon,chr17:26902439-26902562:-_exon,-0.33692561188886155,0.33692561188886155,43
Factor_11,Exon,chr5:177690209-177690325:-_exon,-0.33589765984513575,0.33589765984513575,44
Factor_11,Exon,chr15:101847418-101847530:-_exon,-0.33485115902276763,0.33485115902276763,45
Factor_11,Exon,chr17:26901085-26901259:-_exon,-0.33467785530435573,0.33467785530435573,46
Factor_11,Exon,chr3:148903026-148903233:-_exon,-0.3334857025682265,0.3334857025682265,47
Factor_11,Exon,chr9:35677787-35677853:+_exon,-0.333374639689119,0.333374639689119,48
Factor_11,Exon,chr3:148917499-148917651:-_exon,-0.33296942755849035,0.33296942755849035,49
Factor_11,Exon,chr5:177679545-177679598:-_exon,-0.33265401243604587,0.33265401243604587,50
Factor_11,Exon,chr5:177673392-177673454:-_exon,-0.33212570435179184,0.33212570435179184,51
Factor_11,Exon,chr9:35676061-35676203:+_exon,-0.33202923020050634,0.33202923020050634,52
Factor_11,Exon,chr3:148919889-148920028:-_exon,-0.33160439335862163,0.33160439335862163,53
Factor_11,Exon,chr5:177681950-177682027:-_exon,-0.3308129863686653,0.3308129863686653,54
Factor_11,Exon,chr5:177676118-177676207:-_exon,-0.33066726065906143,0.33066726065906143,55
Factor_11,Exon,chr3:148923955-148924126:-_exon,-0.3306305969457582,0.3306305969457582,56
Factor_11,Exon,chr5:1409836-1409964:-_exon,-0.3305717947429478,0.3305717947429478,57
Factor_11,Exon,chr3:148925150-148925404:-_exon,-0.3304798603296705,0.3304798603296705,58
Factor_11,Exon,chr9:35676294-35676386:+_exon,-0.33042498218498506,0.33042498218498506,59
Factor_11,Exon,chr17:26900753-26900952:-_exon,-0.3300054772977345,0.3300054772977345,60
Factor_11,Exon,chr5:1409141-1409240:-_exon,-0.3298388359843379,0.3298388359843379,61
Factor_11,Exon,chr5:177674776-177674832:-_exon,-0.3296256342024659,0.3296256342024659,62
Factor_11,Exon,chr5:177683354-177683398:-_exon,-0.3288368822453954,0.3288368822453954,63
Factor_11,Exon,chr15:101866582-101866684:-_exon,-0.32878531217933266,0.32878531217933266,64
Factor_11,Exon,chr3:148916154-148916365:-_exon,-0.3287380375011657,0.3287380375011657,65
Factor_11,Exon,chr5:177666142-177666180:-_exon,-0.32858544503478865,0.32858544503478865,66
Factor_11,Exon,chr9:35673710-35674359:+_exon,-0.32836953215932874,0.32836953215932874,67
Factor_11,Exon,chr5:177673255-177673308:-_exon,-0.32804055428362344,0.32804055428362344,68
Factor_11,Exon,chr5:177686722-177686748:-_exon,-0.3280184596210286,0.3280184596210286,69
Factor_11,Exon,chr5:159659105-159659280:+_exon,-0.3279937405243122,0.3279937405243122,70
Factor_11,Exon,chr5:177669043-177669129:-_exon,-0.32783377819171283,0.32783377819171283,71
Factor_11,Exon,chr5:177675193-177675255:-_exon,-0.32777856596087934,0.32777856596087934,72
Factor_11,Exon,chr9:35679182-35679339:+_exon,-0.3274059701097093,0.3274059701097093,73
Factor_11,Exon,chr15:101970192-101970268:-_exon,-0.3262950028183736,0.3262950028183736,74
Factor_11,Exon,chr3:148899792-148899920:-_exon,-0.3257823499310111,0.3257823499310111,75
Factor_11,Exon,chr5:177987683-177987749:-_exon,-0.32563306574112205,0.32563306574112205,76
Factor_11,Exon,chr15:101871856-101871894:-_exon,-0.325612436664927,0.325612436664927,77
Factor_11,Exon,chr5:177684524-177684568:-_exon,-0.3250619444163588,0.3250619444163588,78
Factor_11,Exon,chr9:35675758-35675928:+_exon,-0.32483287089599755,0.32483287089599755,79
Factor_11,Exon,chr3:148901253-148901392:-_exon,-0.3239431049917376,0.3239431049917376,80
Factor_11,Exon,chr5:177733874-177733920:-_exon,-0.3237778176614871,0.3237778176614871,81
Factor_11,Exon,chr5:1441474-1441605:-_exon,-0.3236567206064317,0.3236567206064317,82
Factor_11,Exon,chr3:148896202-148896418:-_exon,-0.32345493704559736,0.32345493704559736,83
Factor_11,Exon,chr5:177669342-177669395:-_exon,-0.32330496404606324,0.32330496404606324,84
Factor_11,Exon,chr5:177664617-177665701:-_exon,-0.3232711224002366,0.3232711224002366,85
Factor_11,Exon,chr15:101858524-101858627:-_exon,-0.3228665987221258,0.3228665987221258,86
Factor_11,Exon,chr15:101968097-101968185:-_exon,-0.32245563828772067,0.32245563828772067,87
Factor_11,Exon,chr5:1411358-1411470:-_exon,-0.322363144831146,0.322363144831146,88
Factor_11,Exon,chr5:177715325-177715351:-_exon,-0.3217142004012552,0.3217142004012552,89
Factor_11,Exon,chr15:101862725-101862812:-_exon,-0.32103938884781386,0.32103938884781386,90
Factor_11,Exon,chr5:177672943-177672969:-_exon,-0.3207852212646762,0.3207852212646762,91
Factor_11,Exon,chr3:148927954-148928166:-_exon,-0.32028072148704595,0.32028072148704595,92
Factor_11,Exon,chr3:148905839-148905989:-_exon,-0.32024390000894853,0.32024390000894853,93
Factor_11,Exon,chr5:1432579-1432813:-_exon,-0.3202070411950542,0.3202070411950542,94
Factor_11,Exon,chr5:1414806-1414930:-_exon,-0.3200544754634636,0.3200544754634636,95
Factor_11,Exon,chr5:177683867-177683929:-_exon,-0.3197114130082673,0.3197114130082673,96
Factor_11,Exon,chr19:8430838-8430948:+_exon,-0.31959408776410986,0.31959408776410986,97
Factor_11,Exon,chr19:8434103-8434216:+_exon,-0.3195877507903946,0.3195877507903946,98
Factor_11,Exon,chr9:35680110-35680136:+_exon,-0.3183783569925729,0.3183783569925729,99
Factor_11,Exon,chr3:148895574-148895766:-_exon,-0.31794211267776334,0.31794211267776334,100
Factor_12,Exon,chr2:31414265-31414273:-_exon,0.21052751853521975,0.21052751853521975,1
Factor_12,Exon,chr19:49122398-49122433:-_exon,-0.20984127762961097,0.20984127762961097,2
Factor_12,Exon,chr19:50620977-50621097:-_exon,0.20343988087500892,0.20343988087500892,3
Factor_12,Exon,chr19:50615625-50615745:-_exon,0.20328966560821368,0.20328966560821368,4
Factor_12,Exon,chr19:50610271-50610391:-_exon,0.20325076064794595,0.20325076064794595,5
Factor_12,Exon,chr19:50601083-50601203:-_exon,0.2029265426904059,0.2029265426904059,6
Factor_12,Exon,chr19:50607212-50607332:-_exon,0.20263150425329227,0.20263150425329227,7
Factor_12,Exon,chr19:50604148-50604268:-_exon,0.2026230360286579,0.2026230360286579,8
Factor_12,Exon,chr19:50595746-50595866:-_exon,0.2021831473164256,0.2021831473164256,9
Factor_12,Exon,chr19:5690272-5690338:+_exon,-0.20163259899771063,0.20163259899771063,10
Factor_12,Exon,chr19:50631659-50631779:-_exon,0.20015474581779497,0.20015474581779497,11
Factor_12,Exon,chr19:50626331-50626451:-_exon,0.2000604360650543,0.2000604360650543,12
Factor_12,Exon,chr11:41326847-41327450:+_exon,0.19960626005946402,0.19960626005946402,13
Factor_12,Exon,chr3:12882993-12883081:-_exon,-0.1991592622401976,0.1991592622401976,14
Factor_12,Exon,chr3:197677807-197677849:+_exon,-0.19890361038162016,0.19890361038162016,15
Factor_12,Exon,chr2:89388239-89388244:-_exon,0.19720931865172991,0.19720931865172991,16
Factor_12,Exon,chr7:72494760-72494845:-_exon,0.19636994052339932,0.19636994052339932,17
Factor_12,Exon,chr7:74942000-74942085:+_exon,0.19636035878471356,0.19636035878471356,18
Factor_12,Exon,chr7:74699716-74699801:+_exon,0.1962893887787812,0.1962893887787812,19
Factor_12,Exon,chr7:74913981-74914066:+_exon,0.19621762122475742,0.19621762122475742,20
Factor_12,Exon,chr19:49999634-49999728:+_exon,-0.19575903536653202,0.19575903536653202,21
Factor_12,Exon,chr15:69151240-69151821:-_exon,0.19524837527789088,0.19524837527789088,22
Factor_12,Exon,chr15:28630271-28630527:+_exon,0.19453175351169197,0.19453175351169197,23
Factor_12,Exon,chr7:72522822-72522907:-_exon,0.19399993334896118,0.19399993334896118,24
Factor_12,Exon,chr14:106596175-106596180:-_exon,0.19278845358223892,0.19278845358223892,25
Factor_12,Exon,chr5:81436374-81437039:+_exon,0.19272336378396326,0.19272336378396326,26
Factor_12,Exon,chr2:171006861-171007411:+_exon,0.19155950020220136,0.19155950020220136,27
Factor_12,Exon,chr15:28771401-28771657:-_exon,0.1913176223495119,0.1913176223495119,28
Factor_12,Exon,chr7:74970024-74970109:+_exon,0.19104577163745556,0.19104577163745556,29
Factor_12,Exon,chr10:61897100-61897111:-_exon,0.1891032913411521,0.1891032913411521,30
Factor_12,Exon,chr22:24712379-24712838:-_exon,0.18853921894614248,0.18853921894614248,31
Factor_12,Exon,chr19:48421686-48421807:+_exon,0.18815316517085262,0.18815316517085262,32
Factor_12,Exon,chr6:124759049-124759062:+_exon,0.18809400467541282,0.18809400467541282,33
Factor_12,Exon,chr4:119529813-119529877:+_exon,0.18775090101542893,0.18775090101542893,34
Factor_12,Exon,chr11:57509281-57509287:+_exon,-0.18714175051784865,0.18714175051784865,35
Factor_12,Exon,chr19:48427036-48427156:+_exon,0.1865491835899077,0.1865491835899077,36
Factor_12,Exon,chr11:150836-150900:-_exon,0.18555489241710388,0.18555489241710388,37
Factor_12,Exon,chr3:197925817-197925881:+_exon,0.18547251384490893,0.18547251384490893,38
Factor_12,Exon,chr6:35352808-35353406:-_exon,0.18529330642364386,0.18529330642364386,39
Factor_12,Exon,chr16:2827238-2827297:-_exon,-0.18512418441825174,0.18512418441825174,40
Factor_12,Exon,chr16:46727005-46728576:+_exon,0.18477183220876328,0.18477183220876328,41
Factor_12,Exon,chr17:43616529-43616609:-_exon,0.18467619830644294,0.18467619830644294,42
Factor_12,Exon,chr16:21890699-21890744:-_exon,0.18428336283861627,0.18428336283861627,43
Factor_12,Exon,chr19:48448179-48448300:+_exon,0.1839880900306654,0.1839880900306654,44
Factor_12,Exon,chr19:48410935-48411056:+_exon,0.18369878222952038,0.18369878222952038,45
Factor_12,Exon,chr19:48437438-48437559:+_exon,0.18341196049204547,0.18341196049204547,46
Factor_12,Exon,chr14:106596218-106596223:-_exon,0.1827658790753122,0.1827658790753122,47
Factor_12,Exon,chr17:44601170-44601250:+_exon,0.18233618029682164,0.18233618029682164,48
Factor_12,Exon,chr11:63673560-63673586:+_exon,0.18192902060633365,0.18192902060633365,49
Factor_12,Exon,chr16:22503062-22503107:+_exon,0.18127759021413256,0.18127759021413256,50
Factor_12,Exon,chr16:14782022-14782128:-_exon,0.18127659440238958,0.18127659440238958,51
Factor_12,Exon,chr15:75582722-75583230:+_exon,0.1806754509564063,0.1806754509564063,52
Factor_12,Exon,chr15:75558446-75558954:+_exon,0.1805410383488873,0.1805410383488873,53
Factor_12,Exon,chr5:132202319-132202379:+_exon,-0.1802255208765905,0.1802255208765905,54
Factor_12,Exon,chr19:4094451-4094496:-_exon,-0.17958100812078567,0.17958100812078567,55
Factor_12,Exon,chr16:21458439-21458484:-_exon,0.1792712644312174,0.1792712644312174,56
Factor_12,Exon,chr14:106580569-106580573:-_exon,0.17907097612626152,0.17907097612626152,57
Factor_12,Exon,chr14:106410782-106410791:-_exon,0.179001383777124,0.179001383777124,58
Factor_12,Exon,chr5:95757584-95757660:-_exon,0.1789574510962796,0.1789574510962796,59
Factor_12,Exon,chr10:51480493-51480527:-_exon,0.17878334991530734,0.17878334991530734,60
Factor_12,Exon,chr16:30278914-30278965:-_exon,0.17834857114415495,0.17834857114415495,61
Factor_12,Exon,chrY:9187189-9187248:-_exon,0.1775232541092413,0.1775232541092413,62
Factor_12,Exon,chr10:75451801-75451835:-_exon,0.1774773733052337,0.1774773733052337,63
Factor_12,Exon,chr15:74366834-74367342:-_exon,0.17723040576497232,0.17723040576497232,64
Factor_12,Exon,chr1:146381745-146381797:+_exon,0.1771151342650448,0.1771151342650448,65
Factor_12,Exon,chr5:81574139-81574235:-_exon,-0.17709323161970197,0.17709323161970197,66
Factor_12,Exon,chr16:15196992-15197212:+_exon,0.17707138109663279,0.17707138109663279,67
Factor_12,Exon,chr11:89663443-89663465:+_exon,0.1769756076956975,0.1769756076956975,68
Factor_12,Exon,chr11:89647343-89647365:-_exon,0.1768941190261798,0.1768941190261798,69
Factor_12,Exon,chr5:140041764-140041798:+_exon,-0.17687611239977935,0.17687611239977935,70
Factor_12,Exon,chr4:8031383-8031503:-_exon,0.17662998188078502,0.17662998188078502,71
Factor_12,Exon,chr5:70085035-70085119:+_exon,0.1759751247753243,0.1759751247753243,72
Factor_12,Exon,chrY:9357275-9357334:-_exon,0.17589419450126437,0.17589419450126437,73
Factor_12,Exon,chrX:10088488-10088498:+_exon,0.1753435893429762,0.1753435893429762,74
Factor_12,Exon,chr17:62882204-62882284:-_exon,0.17492322358015364,0.17492322358015364,75
Factor_12,Exon,chr1:143253882-143254004:+_exon,0.1746931185764077,0.1746931185764077,76
Factor_12,Exon,chr17:44383595-44383675:+_exon,0.1746869128392144,0.1746869128392144,77
Factor_12,Exon,chr1:75042579-75042620:-_exon,0.17357918554334395,0.17357918554334395,78
Factor_12,Exon,chr5:21495207-21495291:+_exon,0.17319485045928054,0.17319485045928054,79
Factor_12,Exon,chr17:41311524-41311744:-_exon,0.17280790336988447,0.17280790336988447,80
Factor_12,Exon,chr14:106677311-106677321:-_exon,0.172403405839692,0.172403405839692,81
Factor_12,Exon,chr5:69209985-69210069:+_exon,0.17237133344227468,0.17237133344227468,82
Factor_12,Exon,chr16:21890600-21890778:-_exon,0.17225090380751465,0.17225090380751465,83
Factor_12,Exon,chr9:66496470-66496626:+_exon,0.17196364193082234,0.17196364193082234,84
Factor_12,Exon,chr18:71928150-71928179:-_exon,-0.17191850342357481,0.17191850342357481,85
Factor_12,Exon,chr22:37491591-37491632:-_exon,0.1718447362055476,0.1718447362055476,86
Factor_12,Exon,chr12:4794425-4794491:+_exon,-0.17139276026742115,0.17139276026742115,87
Factor_12,Exon,chr15:22708983-22709239:-_exon,0.17108963250109377,0.17108963250109377,88
Factor_12,Exon,chr16:21890659-21890778:-_exon,0.1709325161359054,0.1709325161359054,89
Factor_12,Exon,chr1:231161783-231161815:-_exon,0.17079134430078055,0.17079134430078055,90
Factor_12,Exon,chr12:44192368-44192388:-_exon,0.17075690995822074,0.17075690995822074,91
Factor_12,Exon,chr5:43577744-43579302:-_exon,0.17073954399858443,0.17073954399858443,92
Factor_12,Exon,chr12:8024469-8024544:-_exon,0.1705774109846767,0.1705774109846767,93
Factor_12,Exon,chr18:33703458-33703627:-_exon,0.170303839946656,0.170303839946656,94
Factor_12,Exon,chr4:104084636-104084710:-_exon,0.17021506716322055,0.17021506716322055,95
Factor_12,Exon,chr15:75797279-75797803:+_exon,0.16976733963561513,0.16976733963561513,96
Factor_12,Exon,chr14:106416763-106416770:-_exon,0.16970560290135392,0.16970560290135392,97
Factor_12,Exon,chr11:89771861-89771883:+_exon,0.16938725467630086,0.16938725467630086,98
Factor_12,Exon,chr6:58252704-58252788:-_exon,0.16931151351576154,0.16931151351576154,99
Factor_12,Exon,chr5:69792864-69792948:-_exon,0.16908071235025918,0.16908071235025918,100
Factor_13,Exon,chr19:51323410-51323699:-_exon,0.2490388183858939,0.2490388183858939,1
Factor_13,Exon,chr19:51323155-51323291:-_exon,0.2440664078592339,0.2440664078592339,2
Factor_13,Exon,chr19:51322404-51322605:-_exon,0.23312604625053152,0.23312604625053152,3
Factor_13,Exon,chr2:71190702-71190784:+_exon,0.23052164406173792,0.23052164406173792,4
Factor_13,Exon,chr19:51326959-51327043:-_exon,0.2298672297436855,0.2298672297436855,5
Factor_13,Exon,chr2:71185176-71185274:+_exon,0.22798733613958727,0.22798733613958727,6
Factor_13,Exon,chr2:71191568-71191672:+_exon,0.2265133324579022,0.2265133324579022,7
Factor_13,Exon,chr2:71185463-71185556:+_exon,0.22600663331592272,0.22600663331592272,8
Factor_13,Exon,chr2:71189907-71190030:+_exon,0.22567079918762598,0.22567079918762598,9
Factor_13,Exon,chr2:71190292-71190442:+_exon,0.225237264321276,0.225237264321276,10
Factor_13,Exon,chr2:71170788-71170843:+_exon,0.2240678314460497,0.2240678314460497,11
Factor_13,Exon,chr2:71187069-71187208:+_exon,0.2215847678972024,0.2215847678972024,12
Factor_13,Exon,chr2:71188051-71188177:+_exon,0.22154566900854436,0.22154566900854436,13
Factor_13,Exon,chr2:71186148-71186225:+_exon,0.21844312775260244,0.21844312775260244,14
Factor_13,Exon,chr12:15070112-15070237:-_exon,0.2169372315260085,0.2169372315260085,15
Factor_13,Exon,chr4:20611636-20611790:+_exon,0.21541678315746954,0.21541678315746954,16
Factor_13,Exon,chr1:153599615-153599744:-_exon,-0.21480084487098908,0.21480084487098908,17
Factor_13,Exon,chr2:71191866-71191995:+_exon,0.21385338189147038,0.21385338189147038,18
Factor_13,Exon,chr12:15068423-15068620:-_exon,0.21364444890020384,0.21364444890020384,19
Factor_13,Exon,chr7:138413506-138413607:-_exon,0.21170707913994966,0.21170707913994966,20
Factor_13,Exon,chr7:138406642-138406770:-_exon,0.20973861682646924,0.20973861682646924,21
Factor_13,Exon,chr1:16377973-16378042:+_exon,0.20888666050989083,0.20888666050989083,22
Factor_13,Exon,chr3:46714829-46714871:-_exon,0.20791173837628438,0.20791173837628438,23
Factor_13,Exon,chr4:20619062-20619273:+_exon,0.20621620828148152,0.20621620828148152,24
Factor_13,Exon,chr4:20618533-20618821:+_exon,0.20611244588098532,0.20611244588098532,25
Factor_13,Exon,chr12:15073866-15073982:-_exon,0.20556040420651475,0.20556040420651475,26
Factor_13,Exon,chr4:20599888-20600018:+_exon,0.20443970069325307,0.20443970069325307,27
Factor_13,Exon,chr7:138432170-138432309:-_exon,0.20400341819132067,0.20400341819132067,28
Factor_13,Exon,chr7:138400509-138400626:-_exon,0.20392781484287484,0.20392781484287484,29
Factor_13,Exon,chr7:138447085-138447179:-_exon,0.20339388559806126,0.20339388559806126,30
Factor_13,Exon,chr12:15066977-15067716:-_exon,0.20322557912203185,0.20322557912203185,31
Factor_13,Exon,chr7:138429868-138430025:-_exon,0.20288418187661203,0.20288418187661203,32
Factor_13,Exon,chr2:71162998-71163202:+_exon,0.20115829452753875,0.20115829452753875,33
Factor_13,Exon,chr1:16377370-16377543:+_exon,0.2008355540999214,0.2008355540999214,34
Factor_13,Exon,chr7:138424285-138424378:-_exon,0.20077691997640512,0.20077691997640512,35
Factor_13,Exon,chr7:138447645-138447770:-_exon,0.20076325315306018,0.20076325315306018,36
Factor_13,Exon,chr1:16374838-16374915:+_exon,0.2006319334500531,0.2006319334500531,37
Factor_13,Exon,chr12:15087790-15087927:-_exon,0.1994394419157365,0.1994394419157365,38
Factor_13,Exon,chr1:16373030-16373158:+_exon,0.19935197012152353,0.19935197012152353,39
Factor_13,Exon,chr4:20552450-20552521:+_exon,0.19883946005043923,0.19883946005043923,40
Factor_13,Exon,chr4:20550111-20550182:+_exon,0.1988342807866664,0.1988342807866664,41
Factor_13,Exon,chr4:20569141-20569238:+_exon,0.19872082917326256,0.19872082917326256,42
Factor_13,Exon,chr1:16376113-16376197:+_exon,0.1982490099993722,0.1982490099993722,43
Factor_13,Exon,chr4:20550680-20550751:+_exon,0.19798913213411629,0.19798913213411629,44
Factor_13,Exon,chr7:138444497-138444623:-_exon,0.19793556726275838,0.19793556726275838,45
Factor_13,Exon,chr7:138418881-138418999:-_exon,0.19779695334600883,0.19779695334600883,46
Factor_13,Exon,chr7:72730564-72730688:-_exon,0.1976493919238516,0.1976493919238516,47
Factor_13,Exon,chr1:16378205-16378315:+_exon,0.19751126567017183,0.19751126567017183,48
Factor_13,Exon,chr7:138453525-138453619:-_exon,0.19740846460155775,0.19740846460155775,49
Factor_13,Exon,chr8:87155106-87155183:+_exon,0.19729740760238126,0.19729740760238126,50
Factor_13,Exon,chr7:138433912-138434062:-_exon,0.19718817230919358,0.19718817230919358,51
Factor_13,Exon,chr4:20598038-20598278:+_exon,0.19675557508919764,0.19675557508919764,52
Factor_13,Exon,chr1:16374400-16374539:+_exon,0.19636193270944563,0.19636193270944563,53
Factor_13,Exon,chr8:87153679-87153758:+_exon,0.19585947377131002,0.19585947377131002,54
Factor_13,Exon,chr7:72734146-72734241:-_exon,0.19502459707534167,0.19502459707534167,55
Factor_13,Exon,chr7:138417622-138417838:-_exon,0.19453674617923492,0.19453674617923492,56
Factor_13,Exon,chr7:138453918-138453996:-_exon,0.19429945619404276,0.19429945619404276,57
Factor_13,Exon,chr4:20620391-20620788:+_exon,0.19416830036271784,0.19416830036271784,58
Factor_13,Exon,chr7:138441203-138441285:-_exon,0.19410705687464294,0.19410705687464294,59
Factor_13,Exon,chr1:16374999-16375077:+_exon,0.1940854362529347,0.1940854362529347,60
Factor_13,Exon,chr5:169620920-169621010:-_exon,0.1940292557664658,0.1940292557664658,61
Factor_13,Exon,chr4:20544117-20544249:+_exon,0.19399894227518402,0.19399894227518402,62
Factor_13,Exon,chr2:10912668-10912736:+_exon,0.19389144650388782,0.19389144650388782,63
Factor_13,Exon,chr7:138394369-138394540:-_exon,0.19272788621171866,0.19272788621171866,64
Factor_13,Exon,chr1:16372053-16372181:+_exon,0.192607156186977,0.192607156186977,65
Factor_13,Exon,chr4:20568885-20569009:+_exon,0.19177318199090454,0.19177318199090454,66
Factor_13,Exon,chr1:16377011-16377095:+_exon,0.19109209720154355,0.19109209720154355,67
Factor_13,Exon,chr2:10911965-10912063:+_exon,0.19071395026241983,0.19071395026241983,68
Factor_13,Exon,chr8:87125938-87126109:+_exon,0.1907104839028275,0.1907104839028275,69
Factor_13,Exon,chr4:20512689-20512760:+_exon,0.1907047417352872,0.1907047417352872,70
Factor_13,Exon,chr4:20535195-20535338:+_exon,0.19069967997619505,0.19069967997619505,71
Factor_13,Exon,chr4:20543076-20543242:+_exon,0.190605689794449,0.190605689794449,72
Factor_13,Exon,chr4:20555428-20555591:+_exon,0.19060373480746182,0.19060373480746182,73
Factor_13,Exon,chr8:87162341-87162517:+_exon,0.1905847423104574,0.1905847423104574,74
Factor_13,Exon,chr15:90023492-90023639:-_exon,0.1903821240456241,0.1903821240456241,75
Factor_13,Exon,chr8:87163695-87163769:+_exon,0.19038028072062985,0.19038028072062985,76
Factor_13,Exon,chr4:20533607-20533681:+_exon,0.1903434179531904,0.1903434179531904,77
Factor_13,Exon,chr7:138440434-138440527:-_exon,0.19031525697350188,0.19031525697350188,78
Factor_13,Exon,chr1:16382917-16383003:+_exon,0.19012973540816705,0.19012973540816705,79
Factor_13,Exon,chr4:20512118-20512189:+_exon,0.18971082151674723,0.18971082151674723,80
Factor_13,Exon,chr7:138437370-138437582:-_exon,0.18947268844588733,0.18947268844588733,81
Factor_13,Exon,chr5:169623488-169623637:-_exon,0.18906693534342894,0.18906693534342894,82
Factor_13,Exon,chr1:16381930-16382018:+_exon,0.18886431602070666,0.18886431602070666,83
Factor_13,Exon,chr1:16380134-16380267:+_exon,0.18875465243465647,0.18875465243465647,84
Factor_13,Exon,chr4:20591267-20591360:+_exon,0.1885805872125485,0.1885805872125485,85
Factor_13,Exon,chr4:20541064-20541207:+_exon,0.1878262572666653,0.1878262572666653,86
Factor_13,Exon,chr4:20259491-20259562:+_exon,0.1875861625155769,0.1875861625155769,87
Factor_13,Exon,chr19:51324968-51326031:-_exon,0.1874522252495926,0.1874522252495926,88
Factor_13,Exon,chr4:20493384-20493522:+_exon,0.18703035950970437,0.18703035950970437,89
Factor_13,Exon,chr7:117254667-117254767:+_exon,0.18688621016019763,0.18688621016019763,90
Factor_13,Exon,chr1:16382170-16382253:+_exon,0.1863297436173827,0.1863297436173827,91
Factor_13,Exon,chr4:20597320-20597457:+_exon,0.18617043068695968,0.18617043068695968,92
Factor_13,Exon,chr8:87151686-87151864:+_exon,0.18603060601826404,0.18603060601826404,93
Factor_13,Exon,chr4:20570488-20570627:+_exon,0.185869570629726,0.185869570629726,94
Factor_13,Exon,chr1:16376310-16376411:+_exon,0.18537787740642622,0.18537787740642622,95
Factor_13,Exon,chr1:16378693-16378906:+_exon,0.18500170334631355,0.18500170334631355,96
Factor_13,Exon,chr1:16370981-16371087:+_exon,0.18492499568215726,0.18492499568215726,97
Factor_13,Exon,chr4:20547654-20547722:+_exon,0.18451598397478522,0.18451598397478522,98
Factor_13,Exon,chr8:87111139-87111337:+_exon,0.18417868225436684,0.18417868225436684,99
Factor_13,Exon,chr3:46716056-46716229:-_exon,0.18414846629001672,0.18414846629001672,100
Factor_14,Exon,chr19:51323410-51323699:-_exon,0.17362477879745508,0.17362477879745508,1
Factor_14,Exon,chr19:51323155-51323291:-_exon,0.17360569361086683,0.17360569361086683,2
Factor_14,Exon,chr19:51322404-51322605:-_exon,0.16961762858934032,0.16961762858934032,3
Factor_14,Exon,chr16:54317212-54317652:-_exon,-0.1662630899923956,0.1662630899923956,4
Factor_14,Exon,chr22:37211147-37211279:-_exon,0.16485405205007517,0.16485405205007517,5
Factor_14,Exon,chr22:37209690-37209799:-_exon,0.1637099075238152,0.1637099075238152,6
Factor_14,Exon,chr16:54318158-54318224:-_exon,-0.16159842964161905,0.16159842964161905,7
Factor_14,Exon,chr22:37212989-37213079:-_exon,0.15968825205045498,0.15968825205045498,8
Factor_14,Exon,chr22:37196746-37196962:-_exon,0.15530841071277662,0.15530841071277662,9
Factor_14,Exon,chr4:20619062-20619273:+_exon,0.1540554196893681,0.1540554196893681,10
Factor_14,Exon,chr4:20618533-20618821:+_exon,0.15353207705596486,0.15353207705596486,11
Factor_14,Exon,chr4:20597320-20597457:+_exon,0.1519058434779596,0.1519058434779596,12
Factor_14,Exon,chr2:71170788-71170843:+_exon,0.15064635274198968,0.15064635274198968,13
Factor_14,Exon,chr4:20611636-20611790:+_exon,0.15033855807558816,0.15033855807558816,14
Factor_14,Exon,chr2:71190702-71190784:+_exon,0.14999858980902525,0.14999858980902525,15
Factor_14,Exon,chr4:20591267-20591360:+_exon,0.14963805980201403,0.14963805980201403,16
Factor_14,Exon,chr15:90019986-90020059:-_exon,0.1484997977408749,0.1484997977408749,17
Factor_14,Exon,chr4:20599888-20600018:+_exon,0.14804725838062538,0.14804725838062538,18
Factor_14,Exon,chr14:23600670-23600766:-_exon,0.1473524648584488,0.1473524648584488,19
Factor_14,Exon,chr2:71191568-71191672:+_exon,0.14712901114361415,0.14712901114361415,20
Factor_14,Exon,chr2:71187069-71187208:+_exon,0.14698600148087854,0.14698600148087854,21
Factor_14,Exon,chr2:71185176-71185274:+_exon,0.14649333720249957,0.14649333720249957,22
Factor_14,Exon,chr2:152230063-152230103:+_exon,-0.1458288465277582,0.1458288465277582,23
Factor_14,Exon,chr2:71188051-71188177:+_exon,0.14562947426447878,0.14562947426447878,24
Factor_14,Exon,chr15:90015942-90016094:-_exon,0.14533006446861566,0.14533006446861566,25
Factor_14,Exon,chr2:71191866-71191995:+_exon,0.14501813346509565,0.14501813346509565,26
Factor_14,Exon,chr2:71186148-71186225:+_exon,0.1450081699813221,0.1450081699813221,27
Factor_14,Exon,chr17:42092352-42092415:-_exon,0.1448283886118751,0.1448283886118751,28
Factor_14,Exon,chr12:103248464-103249110:-_exon,0.14475318947568475,0.14475318947568475,29
Factor_14,Exon,chr2:71185463-71185556:+_exon,0.14472981182145658,0.14472981182145658,30
Factor_14,Exon,chr15:90020313-90020437:-_exon,0.1442564339114881,0.1442564339114881,31
Factor_14,Exon,chr4:20569141-20569238:+_exon,0.14424583581942774,0.14424583581942774,32
Factor_14,Exon,chr4:20620391-20620788:+_exon,0.14417840701426585,0.14417840701426585,33
Factor_14,Exon,chr15:90026298-90026448:-_exon,0.14380326609460434,0.14380326609460434,34
Factor_14,Exon,chr14:23607130-23607233:-_exon,0.14365661993911757,0.14365661993911757,35
Factor_14,Exon,chr15:90023492-90023639:-_exon,0.143319512203157,0.143319512203157,36
Factor_14,Exon,chr2:71189907-71190030:+_exon,0.14297109432035604,0.14297109432035604,37
Factor_14,Exon,chr9:80916870-80916939:+_exon,0.14262943244215723,0.14262943244215723,38
Factor_14,Exon,chr9:80915518-80915578:+_exon,0.142139639963442,0.142139639963442,39
Factor_14,Exon,chr14:23608633-23608756:-_exon,0.1421251051763034,0.1421251051763034,40
Factor_14,Exon,chr15:90020748-90020884:-_exon,0.1417230123020519,0.1417230123020519,41
Factor_14,Exon,chr12:103310849-103311381:-_exon,0.14142673079121634,0.14142673079121634,42
Factor_14,Exon,chr15:90022553-90022719:-_exon,0.14120514155860875,0.14120514155860875,43
Factor_14,Exon,chr9:80921230-80921402:+_exon,0.14117117737900056,0.14117117737900056,44
Factor_14,Exon,chr2:71190292-71190442:+_exon,0.14064688936109268,0.14064688936109268,45
Factor_14,Exon,chr14:23634494-23634645:-_exon,0.14041802167422404,0.14041802167422404,46
Factor_14,Exon,chr9:80919651-80919856:+_exon,0.1402806060857252,0.1402806060857252,47
Factor_14,Exon,chr9:80923330-80923499:+_exon,0.1401141964220424,0.1401141964220424,48
Factor_14,Exon,chr7:72732686-72732708:-_exon,0.14009646351531999,0.14009646351531999,49
Factor_14,Exon,chr14:23612288-23612413:-_exon,0.14006983038961973,0.14006983038961973,50
Factor_14,Exon,chr4:20552450-20552521:+_exon,0.13990495698360012,0.13990495698360012,51
Factor_14,Exon,chr4:20550680-20550751:+_exon,0.13953512992843634,0.13953512992843634,52
Factor_14,Exon,chr15:90014638-90015086:-_exon,0.13943173884402343,0.13943173884402343,53
Factor_14,Exon,chr4:20550111-20550182:+_exon,0.13884603457025216,0.13884603457025216,54
Factor_14,Exon,chr4:20568885-20569009:+_exon,0.13862296251104814,0.13862296251104814,55
Factor_14,Exon,chr12:103288513-103288696:-_exon,0.13853467480353826,0.13853467480353826,56
Factor_14,Exon,chr14:23609680-23609833:-_exon,0.13819221844387267,0.13819221844387267,57
Factor_14,Exon,chr4:20598038-20598278:+_exon,0.13806209655131432,0.13806209655131432,58
Factor_14,Exon,chr1:16377973-16378042:+_exon,0.13760608978296607,0.13760608978296607,59
Factor_14,Exon,chr1:16377011-16377095:+_exon,0.13712630432718098,0.13712630432718098,60
Factor_14,Exon,chr14:23635545-23635749:-_exon,0.13711627073680607,0.13711627073680607,61
Factor_14,Exon,chr1:153599615-153599744:-_exon,-0.13673902872460336,0.13673902872460336,62
Factor_14,Exon,chr12:103306569-103306676:-_exon,0.1366383190906513,0.1366383190906513,63
Factor_14,Exon,chr19:51326959-51327043:-_exon,0.13646113683702465,0.13646113683702465,64
Factor_14,Exon,chr4:20547654-20547722:+_exon,0.13644349131339403,0.13644349131339403,65
Factor_14,Exon,chr4:20570488-20570627:+_exon,0.1359972298073472,0.1359972298073472,66
Factor_14,Exon,chr8:87163695-87163769:+_exon,0.13563887472339556,0.13563887472339556,67
Factor_14,Exon,chr1:16377370-16377543:+_exon,0.13552276217170886,0.13552276217170886,68
Factor_14,Exon,chr9:80932592-80932720:+_exon,0.13538926379335314,0.13538926379335314,69
Factor_14,Exon,chr15:90030030-90030216:-_exon,0.13510928723302798,0.13510928723302798,70
Factor_14,Exon,chr12:103246593-103246728:-_exon,0.13483162255657202,0.13483162255657202,71
Factor_14,Exon,chr14:23597228-23597573:-_exon,0.1347696968368615,0.1347696968368615,72
Factor_14,Exon,chr4:20512118-20512189:+_exon,0.13468821743488285,0.13468821743488285,73
Factor_14,Exon,chr12:103271240-103271328:-_exon,0.13458455894668164,0.13458455894668164,74
Factor_14,Exon,chr12:103260374-103260441:-_exon,0.13354318286133354,0.13354318286133354,75
Factor_14,Exon,chr1:16382917-16383003:+_exon,0.13324070620911244,0.13324070620911244,76
Factor_14,Exon,chr1:16376113-16376197:+_exon,0.13311242236175344,0.13311242236175344,77
Factor_14,Exon,chr15:90020959-90021205:-_exon,0.13303558406114643,0.13303558406114643,78
Factor_14,Exon,chr12:103237424-103237557:-_exon,0.13299456319358136,0.13299456319358136,79
Factor_14,Exon,chr1:16376310-16376411:+_exon,0.1325962532582498,0.1325962532582498,80
Factor_14,Exon,chr4:20555428-20555591:+_exon,0.13248782351729615,0.13248782351729615,81
Factor_14,Exon,chr4:20544117-20544249:+_exon,0.13245129916057827,0.13245129916057827,82
Factor_14,Exon,chr1:16381930-16382018:+_exon,0.13233258900875233,0.13233258900875233,83
Factor_14,Exon,chr7:72734146-72734241:-_exon,0.13221050741459262,0.13221050741459262,84
Factor_14,Exon,chr9:80942967-80943104:+_exon,0.13217365698744293,0.13217365698744293,85
Factor_14,Exon,chr14:23594506-23596552:-_exon,0.13215122108746677,0.13215122108746677,86
Factor_14,Exon,chr1:16382170-16382253:+_exon,0.13209195600433696,0.13209195600433696,87
Factor_14,Exon,chr8:87162341-87162517:+_exon,0.13207043927070397,0.13207043927070397,88
Factor_14,Exon,chr4:20512689-20512760:+_exon,0.13152622328118654,0.13152622328118654,89
Factor_14,Exon,chr1:16380134-16380267:+_exon,0.13098632211356948,0.13098632211356948,90
Factor_14,Exon,chr15:90039592-90039799:-_exon,0.13089927475248414,0.13089927475248414,91
Factor_14,Exon,chr8:87125938-87126109:+_exon,0.13025595931109749,0.13025595931109749,92
Factor_14,Exon,chr4:20533607-20533681:+_exon,0.1301909024809524,0.1301909024809524,93
Factor_14,Exon,chr12:103232104-103232996:-_exon,0.12995001068895604,0.12995001068895604,94
Factor_14,Exon,chr8:87155106-87155183:+_exon,0.12989968085924067,0.12989968085924067,95
Factor_14,Exon,chr10:6274858-6277505:+_exon,-0.12981706653698508,0.12981706653698508,96
Factor_14,Exon,chr2:71162998-71163202:+_exon,0.12928093061151857,0.12928093061151857,97
Factor_14,Exon,chr17:48538994-48539047:+_exon,0.1291007008769639,0.1291007008769639,98
Factor_14,Exon,chr4:20543076-20543242:+_exon,0.12904205377119712,0.12904205377119712,99
Factor_14,Exon,chr12:103234178-103234293:-_exon,0.128911771030909,0.128911771030909,100
Factor_15,Exon,chr20:44099029-44099172:+_exon,0.3359266992368498,0.3359266992368498,1
Factor_15,Exon,chr11:102391240-102391535:-_exon,0.3327264674380245,0.3327264674380245,2
Factor_15,Exon,chr20:44108485-44108734:+_exon,0.3326038587103336,0.3326038587103336,3
Factor_15,Exon,chr20:44110011-44110171:+_exon,0.32831091667767565,0.32831091667767565,4
Factor_15,Exon,chr11:102393971-102394132:-_exon,0.3265624581838268,0.3265624581838268,5
Factor_15,Exon,chr11:102398488-102398714:-_exon,0.3256799833258548,0.3256799833258548,6
Factor_15,Exon,chr20:44098394-44098500:+_exon,0.320375321380222,0.320375321380222,7
Factor_15,Exon,chr17:39780330-39780882:-_exon,0.3178894200137349,0.3178894200137349,8
Factor_15,Exon,chr17:39777218-39777343:-_exon,0.31747865054584173,0.31747865054584173,9
Factor_15,Exon,chr4:15981018-15981086:-_exon,0.3148310067119318,0.3148310067119318,10
Factor_15,Exon,chr17:39777845-39778006:-_exon,0.31468396750231614,0.31468396750231614,11
Factor_15,Exon,chr11:102397717-102398403:-_exon,0.31465181453130786,0.31465181453130786,12
Factor_15,Exon,chr17:39776911-39777131:-_exon,0.314528698759327,0.314528698759327,13
Factor_15,Exon,chr11:102401324-102401478:-_exon,0.31399949048220976,0.31399949048220976,14
Factor_15,Exon,chr11:102395011-102395795:-_exon,0.3134823477542447,0.3134823477542447,15
Factor_15,Exon,chr12:52632464-52632559:+_exon,0.31175619793204506,0.31175619793204506,16
Factor_15,Exon,chr4:15995610-15995694:-_exon,0.309040797189574,0.309040797189574,17
Factor_15,Exon,chr4:15993871-15994014:-_exon,0.3088750340277325,0.3088750340277325,18
Factor_15,Exon,chr12:52631293-52631353:+_exon,0.30843621549634925,0.30843621549634925,19
Factor_15,Exon,chr12:52635256-52635420:+_exon,0.3084347231116901,0.3084347231116901,20
Factor_15,Exon,chr4:15969849-15970991:-_exon,0.30836243316317175,0.30836243316317175,21
Factor_15,Exon,chr4:16000008-16000111:-_exon,0.3080738869665532,0.3080738869665532,22
Factor_15,Exon,chr4:16034927-16035132:-_exon,0.3080278704541692,0.3080278704541692,23
Factor_15,Exon,chr12:52636796-52636921:+_exon,0.3076035442601674,0.3076035442601674,24
Factor_15,Exon,chr4:16040569-16040624:-_exon,0.30671485205637156,0.30671485205637156,25
Factor_15,Exon,chr17:39778607-39779284:-_exon,0.30550941201447873,0.30550941201447873,26
Factor_15,Exon,chr4:16077310-16077741:-_exon,0.3055067615625383,0.3055067615625383,27
Factor_15,Exon,chr4:15992845-15992916:-_exon,0.3044513712665942,0.3044513712665942,28
Factor_15,Exon,chr4:15982045-15982160:-_exon,0.3037916156104309,0.3037916156104309,29
Factor_15,Exon,chr17:39775692-39775940:-_exon,0.30307286450040605,0.30307286450040605,30
Factor_15,Exon,chr1:226073983-226074790:-_exon,0.3027830026497148,0.3027830026497148,31
Factor_15,Exon,chr4:15991355-15991447:-_exon,0.3022677106028847,0.3022677106028847,32
Factor_15,Exon,chr4:16010572-16010731:-_exon,0.3017227442205474,0.3017227442205474,33
Factor_15,Exon,chr4:16026815-16026935:-_exon,0.3002350242115891,0.3002350242115891,34
Factor_15,Exon,chr12:52642375-52642709:+_exon,0.3001821321891315,0.3001821321891315,35
Factor_15,Exon,chr4:15985886-15985978:-_exon,0.3000121029093926,0.3000121029093926,36
Factor_15,Exon,chr4:16002119-16002242:-_exon,0.29990781911847725,0.29990781911847725,37
Factor_15,Exon,chr12:52639196-52639416:+_exon,0.2996010952594298,0.2996010952594298,38
Factor_15,Exon,chr12:52628939-52629150:+_exon,0.2984651124342274,0.2984651124342274,39
Factor_15,Exon,chr4:15987580-15987660:-_exon,0.29764122820387684,0.29764122820387684,40
Factor_15,Exon,chr4:15981504-15981527:-_exon,0.2969422607199905,0.2969422607199905,41
Factor_15,Exon,chr5:1409141-1409240:-_exon,-0.29639232506613994,0.29639232506613994,42
Factor_15,Exon,chr12:52641961-52641995:+_exon,0.2959928468563022,0.2959928468563022,43
Factor_15,Exon,chr4:16008161-16008313:-_exon,0.29559132608119626,0.29559132608119626,44
Factor_15,Exon,chr4:16019946-16020163:-_exon,0.295548625357925,0.295548625357925,45
Factor_15,Exon,chr6:24278277-24278439:-_exon,0.2953940103506529,0.2953940103506529,46
Factor_15,Exon,chr4:16017789-16017863:-_exon,0.29454523088364276,0.29454523088364276,47
Factor_15,Exon,chr4:15989286-15989339:-_exon,0.294274301817474,0.294274301817474,48
Factor_15,Exon,chr4:16014898-16014961:-_exon,0.2940360363859665,0.2940360363859665,49
Factor_15,Exon,chr4:15987383-15987451:-_exon,0.2924127759964805,0.2924127759964805,50
Factor_15,Exon,chr5:1409836-1409964:-_exon,-0.29157519330743076,0.29157519330743076,51
Factor_15,Exon,chr4:16024949-16025038:-_exon,0.2913896475756381,0.2913896475756381,52
Factor_15,Exon,chr6:24353797-24353851:-_exon,0.2908989895169058,0.2908989895169058,53
Factor_15,Exon,chr5:1401030-1401101:-_exon,-0.29067505490374357,0.29067505490374357,54
Factor_15,Exon,chr6:24289080-24289134:-_exon,0.28956607047057986,0.28956607047057986,55
Factor_15,Exon,chr12:323088-323371:-_exon,-0.28904765439353985,0.28904765439353985,56
Factor_15,Exon,chr4:15972666-15972705:-_exon,0.2890234035883449,0.2890234035883449,57
Factor_15,Exon,chr6:24171984-24175062:-_exon,0.28866050124431625,0.28866050124431625,58
Factor_15,Exon,chr4:16025918-16025981:-_exon,0.2886292915309069,0.2886292915309069,59
Factor_15,Exon,chr6:24291160-24291306:-_exon,0.286174997740331,0.286174997740331,60
Factor_15,Exon,chr6:24178558-24178860:-_exon,0.28575094207938084,0.28575094207938084,61
Factor_15,Exon,chr6:24301943-24302074:-_exon,0.2856757938731784,0.2856757938731784,62
Factor_15,Exon,chr5:1411358-1411470:-_exon,-0.2843432888556663,0.2843432888556663,63
Factor_15,Exon,chr17:39776788-39776810:-_exon,0.28211651933019194,0.28211651933019194,64
Factor_15,Exon,chr6:24302196-24302272:-_exon,0.280860307270601,0.280860307270601,65
Factor_15,Exon,chr20:6025189-6025326:-_exon,0.27819040301773895,0.27819040301773895,66
Factor_15,Exon,chr6:24205230-24205531:-_exon,0.27650364152777757,0.27650364152777757,67
Factor_15,Exon,chr16:56933442-56933528:+_exon,0.27597380680808437,0.27597380680808437,68
Factor_15,Exon,chr5:1403037-1403204:-_exon,-0.27582685933192025,0.27582685933192025,69
Factor_15,Exon,chr4:185691409-185691486:-_exon,-0.2757579188848276,0.2757579188848276,70
Factor_15,Exon,chr5:1406303-1406403:-_exon,-0.2738793626045909,0.2738793626045909,71
Factor_15,Exon,chr16:56925995-56926072:+_exon,0.27315412452468957,0.27315412452468957,72
Factor_15,Exon,chr16:56928443-56928554:+_exon,0.2729690782096081,0.2729690782096081,73
Factor_15,Exon,chr5:1392910-1394873:-_exon,-0.27138121114845154,0.27138121114845154,74
Factor_15,Exon,chr9:116059375-116060501:-_exon,0.2713690383773038,0.2713690383773038,75
Factor_15,Exon,chr16:56938307-56938374:+_exon,0.2700535234417504,0.2700535234417504,76
Factor_15,Exon,chr5:1414806-1414930:-_exon,-0.268802359045961,0.268802359045961,77
Factor_15,Exon,chr16:56924186-56924268:+_exon,0.26820878061581954,0.26820878061581954,78
Factor_15,Exon,chr16:56916308-56916409:+_exon,0.2672765184758027,0.2672765184758027,79
Factor_15,Exon,chr5:1432579-1432813:-_exon,-0.2670419867562701,0.2670419867562701,80
Factor_15,Exon,chr7:20449498-20455378:+_exon,0.2669198158522429,0.2669198158522429,81
Factor_15,Exon,chr4:16085601-16085623:-_exon,0.2668586395480225,0.2668586395480225,82
Factor_15,Exon,chr17:37369760-37369811:-_exon,0.26617520905775865,0.26617520905775865,83
Factor_15,Exon,chr16:56926865-56926966:+_exon,0.26533949954078584,0.26533949954078584,84
Factor_15,Exon,chr16:56921837-56921943:+_exon,0.2649787832721514,0.2649787832721514,85
Factor_15,Exon,chr17:37370486-37370583:-_exon,0.26486301479011537,0.26486301479011537,86
Factor_15,Exon,chr16:56936285-56936420:+_exon,0.2640267563342858,0.2640267563342858,87
Factor_15,Exon,chr7:98446206-98446318:-_exon,0.26186728816322863,0.26186728816322863,88
Factor_15,Exon,chr12:321192-321276:-_exon,-0.2618368373162716,0.2618368373162716,89
Factor_15,Exon,chr4:185724474-185724700:-_exon,-0.2618302227428296,0.2618302227428296,90
Factor_15,Exon,chr12:310928-311015:-_exon,-0.26129415715215965,0.26129415715215965,91
Factor_15,Exon,chr11:85422156-85422275:-_exon,0.2611948914519911,0.2611948914519911,92
Factor_15,Exon,chr5:1416213-1416316:-_exon,-0.2611608081117909,0.2611608081117909,93
Factor_15,Exon,chr9:116061852-116062055:-_exon,0.2607300391314588,0.2607300391314588,94
Factor_15,Exon,chr1:203148059-203149005:-_exon,0.2604773215635568,0.2604773215635568,95
Factor_15,Exon,chr17:37373063-37373153:-_exon,0.2595680961155448,0.2595680961155448,96
Factor_15,Exon,chr12:311906-312046:-_exon,-0.25953371158783045,0.25953371158783045,97
Factor_15,Exon,chr22:30953249-30953388:-_exon,-0.2592773481040937,0.2592773481040937,98
Factor_15,Exon,chr17:37373329-37373426:-_exon,0.2591188365425517,0.2591188365425517,99
Factor_15,Exon,chr16:68729158-68729288:+_exon,0.2587298710172978,0.2587298710172978,100
Factor_1,Methylation,cg24367957_meth,0.009523103131915461,0.009523103131915461,1
Factor_1,Methylation,cg12592365_meth,0.007924534103984488,0.007924534103984488,2
Factor_1,Methylation,cg01513157_meth,0.007921590024607263,0.007921590024607263,3
Factor_1,Methylation,cg25773259_meth,0.007859020176765085,0.007859020176765085,4
Factor_1,Methylation,cg01284289_meth,0.007858669519236654,0.007858669519236654,5
Factor_1,Methylation,cg07677157_meth,0.007775543592815119,0.007775543592815119,6
Factor_1,Methylation,cg12394201_meth,0.0077345503459696355,0.0077345503459696355,7
Factor_1,Methylation,cg23290313_meth,0.007713257533119149,0.007713257533119149,8
Factor_1,Methylation,cg04362790_meth,0.0076944328695420046,0.0076944328695420046,9
Factor_1,Methylation,cg03466587_meth,0.007666542768594292,0.007666542768594292,10
Factor_1,Methylation,cg20175702_meth,0.007623766336509071,0.007623766336509071,11
Factor_1,Methylation,cg05349016_meth,0.00759701355494673,0.00759701355494673,12
Factor_1,Methylation,cg27549186_meth,0.007572088491327358,0.007572088491327358,13
Factor_1,Methylation,cg05649077_meth,0.007557501519124941,0.007557501519124941,14
Factor_1,Methylation,cg09923954_meth,0.007493728686101763,0.007493728686101763,15
Factor_1,Methylation,cg06457736_meth,0.0074928068571475555,0.0074928068571475555,16
Factor_1,Methylation,cg15645287_meth,0.007440115827620396,0.007440115827620396,17
Factor_1,Methylation,cg03128029_meth,0.007325534489477628,0.007325534489477628,18
Factor_1,Methylation,cg18711535_meth,0.007292710032290564,0.007292710032290564,19
Factor_1,Methylation,cg13585930_meth,0.00719265936283593,0.00719265936283593,20
Factor_1,Methylation,cg21158431_meth,0.007191232423163349,0.007191232423163349,21
Factor_1,Methylation,cg15840891_meth,0.00717733349188942,0.00717733349188942,22
Factor_1,Methylation,cg09410512_meth,0.007153596446109793,0.007153596446109793,23
Factor_1,Methylation,cg05232694_meth,0.007151312917196257,0.007151312917196257,24
Factor_1,Methylation,cg26568031_meth,0.0071477994427591365,0.0071477994427591365,25
Factor_1,Methylation,cg16449636_meth,0.00714692570207272,0.00714692570207272,26
Factor_1,Methylation,cg11767757_meth,0.007124495083758257,0.007124495083758257,27
Factor_1,Methylation,cg24048338_meth,0.007116898904288174,0.007116898904288174,28
Factor_1,Methylation,cg16733643_meth,0.007076866759876378,0.007076866759876378,29
Factor_1,Methylation,cg07499182_meth,0.007075893746274156,0.007075893746274156,30
Factor_1,Methylation,cg22579075_meth,0.007039901875330166,0.007039901875330166,31
Factor_1,Methylation,cg02779592_meth,0.007021739049574119,0.007021739049574119,32
Factor_1,Methylation,cg27181375_meth,0.007012641819227663,0.007012641819227663,33
Factor_1,Methylation,cg19770281_meth,0.006924462949596863,0.006924462949596863,34
Factor_1,Methylation,cg19163395_meth,0.006902570371050919,0.006902570371050919,35
Factor_1,Methylation,cg01796223_meth,0.006881744374107508,0.006881744374107508,36
Factor_1,Methylation,cg05101437_meth,0.0068812210205009255,0.0068812210205009255,37
Factor_1,Methylation,cg02737554_meth,0.006871330706656032,0.006871330706656032,38
Factor_1,Methylation,cg19763108_meth,0.006796150534919525,0.006796150534919525,39
Factor_1,Methylation,cg26140475_meth,0.006725281945399898,0.006725281945399898,40
Factor_1,Methylation,cg10575547_meth,0.006686331658645648,0.006686331658645648,41
Factor_1,Methylation,cg11119767_meth,0.006670962755363094,0.006670962755363094,42
Factor_1,Methylation,cg02578087_meth,0.006650239318479301,0.006650239318479301,43
Factor_1,Methylation,cg02458188_meth,0.006645499293548977,0.006645499293548977,44
Factor_1,Methylation,cg07902749_meth,0.006643060034028097,0.006643060034028097,45
Factor_1,Methylation,cg12127811_meth,0.00660831534919511,0.00660831534919511,46
Factor_1,Methylation,cg20130571_meth,0.006594664571191585,0.006594664571191585,47
Factor_1,Methylation,cg21055554_meth,0.006552646424927763,0.006552646424927763,48
Factor_1,Methylation,cg14241836_meth,0.006552371347431442,0.006552371347431442,49
Factor_1,Methylation,cg02579668_meth,0.006542499664133833,0.006542499664133833,50
Factor_1,Methylation,cg19405484_meth,0.006527494733610948,0.006527494733610948,51
Factor_1,Methylation,cg03328299_meth,0.006516298076575442,0.006516298076575442,52
Factor_1,Methylation,cg03577157_meth,0.0064995470883482094,0.0064995470883482094,53
Factor_1,Methylation,cg15978565_meth,0.006472742974289294,0.006472742974289294,54
Factor_1,Methylation,cg08726522_meth,0.006467125139585158,0.006467125139585158,55
Factor_1,Methylation,cg12510999_meth,0.006443734885103685,0.006443734885103685,56
Factor_1,Methylation,cg00159243_meth,0.006430840297855291,0.006430840297855291,57
Factor_1,Methylation,cg09435170_meth,0.0064250545059700015,0.0064250545059700015,58
Factor_1,Methylation,cg18680181_meth,0.006415222207299272,0.006415222207299272,59
Factor_1,Methylation,cg03851835_meth,0.0063981610882502355,0.0063981610882502355,60
Factor_1,Methylation,cg03977831_meth,0.006391282814286167,0.006391282814286167,61
Factor_1,Methylation,cg12435551_meth,0.006385333724427872,0.006385333724427872,62
Factor_1,Methylation,cg05343811_meth,0.006383346133955302,0.006383346133955302,63
Factor_1,Methylation,cg26389380_meth,0.006377393758505855,0.006377393758505855,64
Factor_1,Methylation,cg26177041_meth,0.006369824092921584,0.006369824092921584,65
Factor_1,Methylation,cg01238435_meth,0.006367848413483877,0.006367848413483877,66
Factor_1,Methylation,cg02934719_meth,0.006360162027734333,0.006360162027734333,67
Factor_1,Methylation,cg17471939_meth,-0.006357848135236629,0.006357848135236629,68
Factor_1,Methylation,cg26579550_meth,0.006345160718762292,0.006345160718762292,69
Factor_1,Methylation,cg04470054_meth,0.006341616752441884,0.006341616752441884,70
Factor_1,Methylation,cg17220055_meth,0.006300944646980807,0.006300944646980807,71
Factor_1,Methylation,cg03130910_meth,0.006300244870798599,0.006300244870798599,72
Factor_1,Methylation,cg26400954_meth,0.0062921342300528435,0.0062921342300528435,73
Factor_1,Methylation,cg06438559_meth,0.006290436559175491,0.006290436559175491,74
Factor_1,Methylation,cg10316899_meth,0.00627962142316653,0.00627962142316653,75
Factor_1,Methylation,cg00950718_meth,0.0062681295977786424,0.0062681295977786424,76
Factor_1,Methylation,cg16745930_meth,0.006251370808513763,0.006251370808513763,77
Factor_1,Methylation,cg23061795_meth,0.00625084375304531,0.00625084375304531,78
Factor_1,Methylation,cg07283896_meth,0.006243214208413642,0.006243214208413642,79
Factor_1,Methylation,cg08289567_meth,0.006242630036356326,0.006242630036356326,80
Factor_1,Methylation,cg11012153_meth,0.006242621662131809,0.006242621662131809,81
Factor_1,Methylation,cg10568066_meth,-0.006222336780424437,0.006222336780424437,82
Factor_1,Methylation,cg17654419_meth,0.006213867224754028,0.006213867224754028,83
Factor_1,Methylation,cg14665413_meth,0.00620570112066511,0.00620570112066511,84
Factor_1,Methylation,cg14276379_meth,0.006174218825454715,0.006174218825454715,85
Factor_1,Methylation,cg00986910_meth,0.006143965180783884,0.006143965180783884,86
Factor_1,Methylation,cg23138250_meth,0.006142686923004564,0.006142686923004564,87
Factor_1,Methylation,cg17464436_meth,0.006140995307032449,0.006140995307032449,88
Factor_1,Methylation,cg05398036_meth,0.006127792481802432,0.006127792481802432,89
Factor_1,Methylation,cg03544781_meth,0.006117581386604254,0.006117581386604254,90
Factor_1,Methylation,cg05596814_meth,0.00611698099261942,0.00611698099261942,91
Factor_1,Methylation,cg09106231_meth,0.006112469535189119,0.006112469535189119,92
Factor_1,Methylation,cg22373770_meth,0.006110732185706416,0.006110732185706416,93
Factor_1,Methylation,cg14753094_meth,0.006106713071535554,0.006106713071535554,94
Factor_1,Methylation,cg01511901_meth,0.006081719323408537,0.006081719323408537,95
Factor_1,Methylation,cg27579501_meth,0.006075563836932266,0.006075563836932266,96
Factor_1,Methylation,cg04130557_meth,0.006068871002038444,0.006068871002038444,97
Factor_1,Methylation,cg13745870_meth,0.006058278861728766,0.006058278861728766,98
Factor_1,Methylation,cg09723635_meth,0.006042773827575524,0.006042773827575524,99
Factor_1,Methylation,cg03535079_meth,0.006042539516723317,0.006042539516723317,100
Factor_2,Methylation,cg19511382_meth,0.05548061017476645,0.05548061017476645,1
Factor_2,Methylation,cg04029933_meth,0.053523777017258405,0.053523777017258405,2
Factor_2,Methylation,cg09942166_meth,0.052025581236172395,0.052025581236172395,3
Factor_2,Methylation,cg12483545_meth,0.05201174016880756,0.05201174016880756,4
Factor_2,Methylation,cg24128045_meth,0.05200014044940062,0.05200014044940062,5
Factor_2,Methylation,cg03893663_meth,0.051364445049621954,0.051364445049621954,6
Factor_2,Methylation,cg13546514_meth,0.051226766749025626,0.051226766749025626,7
Factor_2,Methylation,cg02840535_meth,0.051203961909566414,0.051203961909566414,8
Factor_2,Methylation,cg11806439_meth,0.05113287173490093,0.05113287173490093,9
Factor_2,Methylation,cg03643948_meth,0.05109215658918678,0.05109215658918678,10
Factor_2,Methylation,cg03501539_meth,0.05037750054633048,0.05037750054633048,11
Factor_2,Methylation,cg25859670_meth,0.05035509720543696,0.05035509720543696,12
Factor_2,Methylation,cg10589396_meth,0.050100707993367355,0.050100707993367355,13
Factor_2,Methylation,cg12364786_meth,0.05006778654837605,0.05006778654837605,14
Factor_2,Methylation,cg04675502_meth,-0.04997172282130558,0.04997172282130558,15
Factor_2,Methylation,cg12273284_meth,-0.0496496819427135,0.0496496819427135,16
Factor_2,Methylation,cg22605290_meth,0.04963078971332583,0.04963078971332583,17
Factor_2,Methylation,cg21857668_meth,0.04946571706854095,0.04946571706854095,18
Factor_2,Methylation,cg13356427_meth,-0.049389250115095304,0.049389250115095304,19
Factor_2,Methylation,cg15167871_meth,0.04936123930528909,0.04936123930528909,20
Factor_2,Methylation,cg01303480_meth,0.04936055536260789,0.04936055536260789,21
Factor_2,Methylation,cg21603534_meth,0.04922329924975813,0.04922329924975813,22
Factor_2,Methylation,cg20541039_meth,0.049195684701403244,0.049195684701403244,23
Factor_2,Methylation,cg23960088_meth,0.04908397408068461,0.04908397408068461,24
Factor_2,Methylation,cg13519549_meth,0.04901398807403786,0.04901398807403786,25
Factor_2,Methylation,cg27387888_meth,0.04900336708000122,0.04900336708000122,26
Factor_2,Methylation,cg03847535_meth,0.04887467044846942,0.04887467044846942,27
Factor_2,Methylation,cg09656152_meth,0.04875599729962832,0.04875599729962832,28
Factor_2,Methylation,cg21216547_meth,0.04865200277351855,0.04865200277351855,29
Factor_2,Methylation,cg07585069_meth,-0.04862096356899354,0.04862096356899354,30
Factor_2,Methylation,cg01973676_meth,-0.048495517788084155,0.048495517788084155,31
Factor_2,Methylation,cg03548062_meth,0.048432288338325774,0.048432288338325774,32
Factor_2,Methylation,cg01916088_meth,-0.04837245836106364,0.04837245836106364,33
Factor_2,Methylation,cg03332903_meth,0.04828417895594017,0.04828417895594017,34
Factor_2,Methylation,cg26863534_meth,0.04816378201598911,0.04816378201598911,35
Factor_2,Methylation,cg14422906_meth,0.04812229722616037,0.04812229722616037,36
Factor_2,Methylation,cg10572670_meth,0.04807010279978744,0.04807010279978744,37
Factor_2,Methylation,cg00319661_meth,0.04794814381440913,0.04794814381440913,38
Factor_2,Methylation,cg14324800_meth,0.04785655989242476,0.04785655989242476,39
Factor_2,Methylation,cg05915593_meth,0.04783149180219662,0.04783149180219662,40
Factor_2,Methylation,cg19669785_meth,0.047829147898944574,0.047829147898944574,41
Factor_2,Methylation,cg10082963_meth,0.04779204829323638,0.04779204829323638,42
Factor_2,Methylation,cg10875499_meth,0.04777783884077812,0.04777783884077812,43
Factor_2,Methylation,cg02716776_meth,-0.047745934239883436,0.047745934239883436,44
Factor_2,Methylation,cg23600322_meth,0.047717584704631104,0.047717584704631104,45
Factor_2,Methylation,cg09682051_meth,0.04770733246916802,0.04770733246916802,46
Factor_2,Methylation,cg25863289_meth,0.0476633234923747,0.0476633234923747,47
Factor_2,Methylation,cg06919205_meth,0.047629856489128757,0.047629856489128757,48
Factor_2,Methylation,cg22804839_meth,0.04744404954841598,0.04744404954841598,49
Factor_2,Methylation,cg13049471_meth,0.04741421994974828,0.04741421994974828,50
Factor_2,Methylation,cg24908198_meth,0.047410904400165266,0.047410904400165266,51
Factor_2,Methylation,cg07740599_meth,0.047376052800366004,0.047376052800366004,52
Factor_2,Methylation,cg17342469_meth,0.047366822708954884,0.047366822708954884,53
Factor_2,Methylation,cg14102434_meth,0.04735279152279958,0.04735279152279958,54
Factor_2,Methylation,cg06889571_meth,0.047230029470024346,0.047230029470024346,55
Factor_2,Methylation,cg04847275_meth,0.04722420963095968,0.04722420963095968,56
Factor_2,Methylation,cg23145794_meth,-0.047176970397097374,0.047176970397097374,57
Factor_2,Methylation,cg10099209_meth,0.04714623609548356,0.04714623609548356,58
Factor_2,Methylation,cg23541975_meth,0.04713536342941304,0.04713536342941304,59
Factor_2,Methylation,cg14195925_meth,0.047030679435171384,0.047030679435171384,60
Factor_2,Methylation,cg10297617_meth,0.04700150217298202,0.04700150217298202,61
Factor_2,Methylation,cg26279253_meth,0.04698006352204544,0.04698006352204544,62
Factor_2,Methylation,cg19997179_meth,0.04697492039603172,0.04697492039603172,63
Factor_2,Methylation,cg24512644_meth,0.04696480045406729,0.04696480045406729,64
Factor_2,Methylation,cg08623515_meth,0.04692142783824581,0.04692142783824581,65
Factor_2,Methylation,cg07960360_meth,0.04691443526788893,0.04691443526788893,66
Factor_2,Methylation,cg04874286_meth,0.046895647246722176,0.046895647246722176,67
Factor_2,Methylation,cg19308375_meth,-0.04668232057163943,0.04668232057163943,68
Factor_2,Methylation,cg20396436_meth,0.046673575337432244,0.046673575337432244,69
Factor_2,Methylation,cg08285768_meth,0.046651393561121836,0.046651393561121836,70
Factor_2,Methylation,cg20042908_meth,0.04662521043920762,0.04662521043920762,71
Factor_2,Methylation,cg05680196_meth,0.04657660529410676,0.04657660529410676,72
Factor_2,Methylation,cg09168939_meth,0.04656194729477707,0.04656194729477707,73
Factor_2,Methylation,cg24603941_meth,0.0465291692711164,0.0465291692711164,74
Factor_2,Methylation,cg18500968_meth,0.04650375905939258,0.04650375905939258,75
Factor_2,Methylation,cg19742687_meth,0.04645370878933268,0.04645370878933268,76
Factor_2,Methylation,cg27596297_meth,0.04644971166564236,0.04644971166564236,77
Factor_2,Methylation,cg03436397_meth,-0.0464269990043871,0.0464269990043871,78
Factor_2,Methylation,cg03224621_meth,-0.04639684671110661,0.04639684671110661,79
Factor_2,Methylation,cg02886375_meth,0.04632259046104546,0.04632259046104546,80
Factor_2,Methylation,cg16664523_meth,0.04630920892984927,0.04630920892984927,81
Factor_2,Methylation,cg10832035_meth,0.04627296441999402,0.04627296441999402,82
Factor_2,Methylation,cg26339162_meth,0.046252717695286195,0.046252717695286195,83
Factor_2,Methylation,cg26016267_meth,0.046219978696838,0.046219978696838,84
Factor_2,Methylation,cg14114267_meth,0.046212501246845984,0.046212501246845984,85
Factor_2,Methylation,cg08748098_meth,0.04611552509129151,0.04611552509129151,86
Factor_2,Methylation,cg03623599_meth,0.04607676826158718,0.04607676826158718,87
Factor_2,Methylation,cg12665414_meth,0.045962057297163614,0.045962057297163614,88
Factor_2,Methylation,cg10278915_meth,0.04591134477967174,0.04591134477967174,89
Factor_2,Methylation,cg00887112_meth,0.045886257015999125,0.045886257015999125,90
Factor_2,Methylation,cg03571393_meth,0.04587355636191846,0.04587355636191846,91
Factor_2,Methylation,cg27196131_meth,0.04586650916410874,0.04586650916410874,92
Factor_2,Methylation,cg25769852_meth,-0.04584768070985534,0.04584768070985534,93
Factor_2,Methylation,cg26401673_meth,-0.04584224101879189,0.04584224101879189,94
Factor_2,Methylation,cg12580943_meth,0.04583243703474509,0.04583243703474509,95
Factor_2,Methylation,cg07152812_meth,0.04579075320588554,0.04579075320588554,96
Factor_2,Methylation,cg14074970_meth,0.045732122796603034,0.045732122796603034,97
Factor_2,Methylation,cg04922203_meth,0.04572945093054599,0.04572945093054599,98
Factor_2,Methylation,cg24606701_meth,0.04570862377974281,0.04570862377974281,99
Factor_2,Methylation,cg24158259_meth,-0.04570789691294019,0.04570789691294019,100
Factor_3,Methylation,cg16233472_meth,-0.06564750384918179,0.06564750384918179,1
Factor_3,Methylation,cg10790704_meth,-0.06459991913135858,0.06459991913135858,2
Factor_3,Methylation,cg21201401_meth,-0.06295217684949579,0.06295217684949579,3
Factor_3,Methylation,cg20181739_meth,-0.058454197465340724,0.058454197465340724,4
Factor_3,Methylation,cg10092251_meth,-0.057917132104837156,0.057917132104837156,5
Factor_3,Methylation,cg14546128_meth,0.05768452633201262,0.05768452633201262,6
Factor_3,Methylation,cg14143304_meth,0.05719663052098075,0.05719663052098075,7
Factor_3,Methylation,cg20513976_meth,-0.05694670662042155,0.05694670662042155,8
Factor_3,Methylation,cg00446123_meth,-0.05631652336838787,0.05631652336838787,9
Factor_3,Methylation,cg26386472_meth,0.0557498392634483,0.0557498392634483,10
Factor_3,Methylation,cg03068030_meth,-0.05551896337198327,0.05551896337198327,11
Factor_3,Methylation,cg02297063_meth,0.05539643102798288,0.05539643102798288,12
Factor_3,Methylation,cg21039563_meth,-0.055385752937260904,0.055385752937260904,13
Factor_3,Methylation,cg03178838_meth,0.05510105431918694,0.05510105431918694,14
Factor_3,Methylation,cg02791973_meth,0.05493858626327907,0.05493858626327907,15
Factor_3,Methylation,cg22198044_meth,0.05489041652949206,0.05489041652949206,16
Factor_3,Methylation,cg11843238_meth,0.05484612239618089,0.05484612239618089,17
Factor_3,Methylation,cg05920961_meth,0.05480946572200111,0.05480946572200111,18
Factor_3,Methylation,cg11526413_meth,-0.05449315533131478,0.05449315533131478,19
Factor_3,Methylation,cg03332897_meth,-0.05447541533097144,0.05447541533097144,20
Factor_3,Methylation,cg04806177_meth,-0.054472190664602065,0.054472190664602065,21
Factor_3,Methylation,cg10641823_meth,-0.05439820805734935,0.05439820805734935,22
Factor_3,Methylation,cg13618967_meth,-0.05430362030329012,0.05430362030329012,23
Factor_3,Methylation,cg07783843_meth,0.05415014774872333,0.05415014774872333,24
Factor_3,Methylation,cg23907051_meth,0.05414884203203395,0.05414884203203395,25
Factor_3,Methylation,cg20700235_meth,-0.054065445303584564,0.054065445303584564,26
Factor_3,Methylation,cg01441308_meth,-0.05400525788508938,0.05400525788508938,27
Factor_3,Methylation,cg18301423_meth,0.053997348614003945,0.053997348614003945,28
Factor_3,Methylation,cg04428071_meth,-0.05373917111826156,0.05373917111826156,29
Factor_3,Methylation,cg14278808_meth,0.05370372598358003,0.05370372598358003,30
Factor_3,Methylation,cg18406924_meth,-0.05352621940362666,0.05352621940362666,31
Factor_3,Methylation,cg02560310_meth,-0.053140707098144335,0.053140707098144335,32
Factor_3,Methylation,cg14398860_meth,0.05313858477926735,0.05313858477926735,33
Factor_3,Methylation,cg10533161_meth,0.0530317014699687,0.0530317014699687,34
Factor_3,Methylation,cg07912922_meth,0.05302445231217561,0.05302445231217561,35
Factor_3,Methylation,cg05145233_meth,-0.05272806148301026,0.05272806148301026,36
Factor_3,Methylation,cg07037412_meth,-0.052574534064879073,0.052574534064879073,37
Factor_3,Methylation,cg02017926_meth,0.052528897942617614,0.052528897942617614,38
Factor_3,Methylation,cg14528751_meth,-0.05242407440294042,0.05242407440294042,39
Factor_3,Methylation,cg24529814_meth,-0.05241326408252368,0.05241326408252368,40
Factor_3,Methylation,cg26928858_meth,0.052360745070690606,0.052360745070690606,41
Factor_3,Methylation,cg16238993_meth,0.05231375588581551,0.05231375588581551,42
Factor_3,Methylation,cg13643006_meth,0.05221763253007511,0.05221763253007511,43
Factor_3,Methylation,cg08360726_meth,0.05217594678588319,0.05217594678588319,44
Factor_3,Methylation,cg26122286_meth,-0.05211646500017078,0.05211646500017078,45
Factor_3,Methylation,cg22222281_meth,0.05196381766875548,0.05196381766875548,46
Factor_3,Methylation,cg07532183_meth,-0.05194830026922198,0.05194830026922198,47
Factor_3,Methylation,cg17777592_meth,0.051883893572075866,0.051883893572075866,48
Factor_3,Methylation,cg14085017_meth,0.05184748690417331,0.05184748690417331,49
Factor_3,Methylation,cg21703606_meth,0.05179997207102316,0.05179997207102316,50
Factor_3,Methylation,cg14288281_meth,0.05179824674818912,0.05179824674818912,51
Factor_3,Methylation,cg00993830_meth,0.05170826005935579,0.05170826005935579,52
Factor_3,Methylation,cg13293524_meth,0.05170691122904664,0.05170691122904664,53
Factor_3,Methylation,cg16239184_meth,0.051577494377449316,0.051577494377449316,54
Factor_3,Methylation,cg09678836_meth,0.051571220781221255,0.051571220781221255,55
Factor_3,Methylation,cg16953816_meth,-0.05153311457901501,0.05153311457901501,56
Factor_3,Methylation,cg03401096_meth,0.05151250098995348,0.05151250098995348,57
Factor_3,Methylation,cg06879394_meth,0.05139455292826914,0.05139455292826914,58
Factor_3,Methylation,cg04518342_meth,0.051180213068315245,0.051180213068315245,59
Factor_3,Methylation,cg09182533_meth,0.05100980761750842,0.05100980761750842,60
Factor_3,Methylation,cg22365276_meth,0.05100884560076888,0.05100884560076888,61
Factor_3,Methylation,cg01156249_meth,-0.05100668702874973,0.05100668702874973,62
Factor_3,Methylation,cg19540316_meth,0.051003545106899306,0.051003545106899306,63
Factor_3,Methylation,cg21932416_meth,0.05100203599127975,0.05100203599127975,64
Factor_3,Methylation,cg19901801_meth,0.05094826205348927,0.05094826205348927,65
Factor_3,Methylation,cg10866298_meth,0.050902086052583645,0.050902086052583645,66
Factor_3,Methylation,cg10012393_meth,-0.05088864284084941,0.05088864284084941,67
Factor_3,Methylation,cg26530045_meth,-0.050880220307491585,0.050880220307491585,68
Factor_3,Methylation,cg08946713_meth,0.05087746064723826,0.05087746064723826,69
Factor_3,Methylation,cg27116842_meth,0.050767145176609976,0.050767145176609976,70
Factor_3,Methylation,cg02077558_meth,-0.050658565244776466,0.050658565244776466,71
Factor_3,Methylation,cg01747796_meth,0.0505980879610639,0.0505980879610639,72
Factor_3,Methylation,cg16219124_meth,-0.05059436380037868,0.05059436380037868,73
Factor_3,Methylation,cg24631526_meth,-0.050586136459030366,0.050586136459030366,74
Factor_3,Methylation,cg02349468_meth,-0.05057637206156055,0.05057637206156055,75
Factor_3,Methylation,cg09495643_meth,0.05056117664355246,0.05056117664355246,76
Factor_3,Methylation,cg12146829_meth,-0.050514011881076314,0.050514011881076314,77
Factor_3,Methylation,cg24921808_meth,-0.05050352901649945,0.05050352901649945,78
Factor_3,Methylation,cg00651016_meth,-0.05046886604007799,0.05046886604007799,79
Factor_3,Methylation,cg26511075_meth,0.05046447050211583,0.05046447050211583,80
Factor_3,Methylation,cg07223952_meth,-0.050452224860917515,0.050452224860917515,81
Factor_3,Methylation,cg01105356_meth,-0.05030596938500994,0.05030596938500994,82
Factor_3,Methylation,cg25032595_meth,0.050280537843286996,0.050280537843286996,83
Factor_3,Methylation,cg16964348_meth,0.05026374066821109,0.05026374066821109,84
Factor_3,Methylation,cg20818528_meth,-0.05023762752643702,0.05023762752643702,85
Factor_3,Methylation,cg14107488_meth,-0.05022728998242395,0.05022728998242395,86
Factor_3,Methylation,cg07635227_meth,-0.050089904488269,0.050089904488269,87
Factor_3,Methylation,cg12904880_meth,0.05007412355425054,0.05007412355425054,88
Factor_3,Methylation,cg04117801_meth,0.05006067489969037,0.05006067489969037,89
Factor_3,Methylation,cg06613817_meth,-0.0500251743776343,0.0500251743776343,90
Factor_3,Methylation,cg09580336_meth,0.049979288583146465,0.049979288583146465,91
Factor_3,Methylation,cg16234557_meth,0.049958502763576176,0.049958502763576176,92
Factor_3,Methylation,cg15453482_meth,-0.04993727757129404,0.04993727757129404,93
Factor_3,Methylation,cg11752250_meth,0.049701429056173314,0.049701429056173314,94
Factor_3,Methylation,cg07778290_meth,0.04957874258756477,0.04957874258756477,95
Factor_3,Methylation,cg19442149_meth,-0.049557839115092615,0.049557839115092615,96
Factor_3,Methylation,cg05578673_meth,-0.049530714147595745,0.049530714147595745,97
Factor_3,Methylation,cg08110692_meth,-0.04950167618014023,0.04950167618014023,98
Factor_3,Methylation,cg12014181_meth,-0.04944187674781064,0.04944187674781064,99
Factor_3,Methylation,cg10902738_meth,-0.04934428895741818,0.04934428895741818,100
Factor_4,Methylation,cg27071152_meth,0.08407653674256287,0.08407653674256287,1
Factor_4,Methylation,cg13879483_meth,0.08251143350607759,0.08251143350607759,2
Factor_4,Methylation,cg09858188_meth,0.08206693416991508,0.08206693416991508,3
Factor_4,Methylation,cg15811515_meth,0.0807433574736256,0.0807433574736256,4
Factor_4,Methylation,cg18235050_meth,0.07857971752361957,0.07857971752361957,5
Factor_4,Methylation,cg18322569_meth,0.07823066068658424,0.07823066068658424,6
Factor_4,Methylation,cg08364561_meth,0.07720414451415206,0.07720414451415206,7
Factor_4,Methylation,cg22620090_meth,0.07696647200263665,0.07696647200263665,8
Factor_4,Methylation,cg14486338_meth,0.07634523401678892,0.07634523401678892,9
Factor_4,Methylation,cg03502002_meth,0.07619999497066889,0.07619999497066889,10
Factor_4,Methylation,cg19186145_meth,0.0753548793882918,0.0753548793882918,11
Factor_4,Methylation,cg05297854_meth,0.07515658329679686,0.07515658329679686,12
Factor_4,Methylation,cg17985646_meth,0.07507953422010426,0.07507953422010426,13
Factor_4,Methylation,cg07860213_meth,0.07439787680304191,0.07439787680304191,14
Factor_4,Methylation,cg13186228_meth,0.07394296072567351,0.07394296072567351,15
Factor_4,Methylation,cg16476975_meth,0.07347079049623592,0.07347079049623592,16
Factor_4,Methylation,cg18862481_meth,0.07334024505755263,0.07334024505755263,17
Factor_4,Methylation,cg18279094_meth,0.07314158179262088,0.07314158179262088,18
Factor_4,Methylation,cg08566455_meth,0.07300838451203533,0.07300838451203533,19
Factor_4,Methylation,cg02027945_meth,0.07273270834489007,0.07273270834489007,20
Factor_4,Methylation,cg03650674_meth,0.0719753566048531,0.0719753566048531,21
Factor_4,Methylation,cg18077971_meth,0.07180681466178189,0.07180681466178189,22
Factor_4,Methylation,cg08394412_meth,0.07180312743202641,0.07180312743202641,23
Factor_4,Methylation,cg03692651_meth,0.07179177305604902,0.07179177305604902,24
Factor_4,Methylation,cg00650640_meth,0.07157028877426787,0.07157028877426787,25
Factor_4,Methylation,cg12060499_meth,0.07147095643055869,0.07147095643055869,26
Factor_4,Methylation,cg18081940_meth,0.07142232534288649,0.07142232534288649,27
Factor_4,Methylation,cg12744820_meth,0.07135262368632407,0.07135262368632407,28
Factor_4,Methylation,cg24595606_meth,0.07128685333823302,0.07128685333823302,29
Factor_4,Methylation,cg00582971_meth,0.07120999749151258,0.07120999749151258,30
Factor_4,Methylation,cg07458308_meth,0.07115822823604288,0.07115822823604288,31
Factor_4,Methylation,cg09799983_meth,0.07106396439472867,0.07106396439472867,32
Factor_4,Methylation,cg05183931_meth,0.0709175152382318,0.0709175152382318,33
Factor_4,Methylation,cg15131808_meth,0.07084979988672556,0.07084979988672556,34
Factor_4,Methylation,cg03900143_meth,0.07079554613982299,0.07079554613982299,35
Factor_4,Methylation,cg14118515_meth,0.07077730751779396,0.07077730751779396,36
Factor_4,Methylation,cg07915921_meth,0.07077634666481963,0.07077634666481963,37
Factor_4,Methylation,cg15929797_meth,0.07050952376105536,0.07050952376105536,38
Factor_4,Methylation,cg16729415_meth,0.07018866369595383,0.07018866369595383,39
Factor_4,Methylation,cg22797031_meth,0.07008190353330207,0.07008190353330207,40
Factor_4,Methylation,cg22399133_meth,0.0698336984562677,0.0698336984562677,41
Factor_4,Methylation,cg14065127_meth,0.06977598656078492,0.06977598656078492,42
Factor_4,Methylation,cg26452868_meth,0.06971036793935406,0.06971036793935406,43
Factor_4,Methylation,cg11213574_meth,0.06968386038423835,0.06968386038423835,44
Factor_4,Methylation,cg05933904_meth,0.06967910977124694,0.06967910977124694,45
Factor_4,Methylation,cg16700364_meth,0.06950280136242269,0.06950280136242269,46
Factor_4,Methylation,cg18502142_meth,0.06940571408345257,0.06940571408345257,47
Factor_4,Methylation,cg08732352_meth,0.06910860433075622,0.06910860433075622,48
Factor_4,Methylation,cg03184290_meth,0.06902586368378848,0.06902586368378848,49
Factor_4,Methylation,cg22287064_meth,0.0688731220471049,0.0688731220471049,50
Factor_4,Methylation,cg08409113_meth,0.06868085383689744,0.06868085383689744,51
Factor_4,Methylation,cg00396667_meth,0.06845357855636773,0.06845357855636773,52
Factor_4,Methylation,cg07149609_meth,0.06831416606873278,0.06831416606873278,53
Factor_4,Methylation,cg09229918_meth,0.0682243580548451,0.0682243580548451,54
Factor_4,Methylation,cg22557662_meth,0.06821223717097866,0.06821223717097866,55
Factor_4,Methylation,cg21629500_meth,0.06820928747793929,0.06820928747793929,56
Factor_4,Methylation,cg14419975_meth,0.06806369002650126,0.06806369002650126,57
Factor_4,Methylation,cg02391713_meth,0.06806135316694661,0.06806135316694661,58
Factor_4,Methylation,cg09578475_meth,0.06792517314366964,0.06792517314366964,59
Factor_4,Methylation,cg14780632_meth,0.06779127232896438,0.06779127232896438,60
Factor_4,Methylation,cg20945566_meth,0.06769610799040136,0.06769610799040136,61
Factor_4,Methylation,cg09765089_meth,0.06767782342017474,0.06767782342017474,62
Factor_4,Methylation,cg09684233_meth,0.06743011049176852,0.06743011049176852,63
Factor_4,Methylation,cg23572908_meth,0.06741591906008078,0.06741591906008078,64
Factor_4,Methylation,cg16374999_meth,0.06740843111873668,0.06740843111873668,65
Factor_4,Methylation,cg19870512_meth,0.0673882965024145,0.0673882965024145,66
Factor_4,Methylation,cg09053680_meth,0.06738343626919144,0.06738343626919144,67
Factor_4,Methylation,cg03306374_meth,0.0673760166023663,0.0673760166023663,68
Factor_4,Methylation,cg16664405_meth,0.06735837043741748,0.06735837043741748,69
Factor_4,Methylation,cg01774894_meth,0.06728552078069333,0.06728552078069333,70
Factor_4,Methylation,cg12374721_meth,0.06722153102667809,0.06722153102667809,71
Factor_4,Methylation,cg14732324_meth,0.0671865349007839,0.0671865349007839,72
Factor_4,Methylation,cg07565505_meth,0.06678790589286855,0.06678790589286855,73
Factor_4,Methylation,cg23808946_meth,0.0667465652402946,0.0667465652402946,74
Factor_4,Methylation,cg14457782_meth,0.06671666146292086,0.06671666146292086,75
Factor_4,Methylation,cg24169669_meth,0.06662600393698409,0.06662600393698409,76
Factor_4,Methylation,cg11741189_meth,0.06632597608414652,0.06632597608414652,77
Factor_4,Methylation,cg07489502_meth,0.06630016768019212,0.06630016768019212,78
Factor_4,Methylation,cg20300343_meth,0.06628339192069459,0.06628339192069459,79
Factor_4,Methylation,cg21865150_meth,0.06625712393370352,0.06625712393370352,80
Factor_4,Methylation,cg11940285_meth,0.06623864834693621,0.06623864834693621,81
Factor_4,Methylation,cg26635219_meth,0.06621977335474498,0.06621977335474498,82
Factor_4,Methylation,cg24980653_meth,0.06621552384176525,0.06621552384176525,83
Factor_4,Methylation,cg27649239_meth,0.0662036093521053,0.0662036093521053,84
Factor_4,Methylation,cg15496956_meth,0.06615144369418585,0.06615144369418585,85
Factor_4,Methylation,cg25164624_meth,0.0660824028177441,0.0660824028177441,86
Factor_4,Methylation,cg24221648_meth,0.06606025616676084,0.06606025616676084,87
Factor_4,Methylation,cg07676859_meth,0.06603723741261802,0.06603723741261802,88
Factor_4,Methylation,cg06183338_meth,0.06603071760758775,0.06603071760758775,89
Factor_4,Methylation,cg22158650_meth,0.06592935170053489,0.06592935170053489,90
Factor_4,Methylation,cg05743713_meth,0.06589682293804103,0.06589682293804103,91
Factor_4,Methylation,cg18623980_meth,0.06587833662414182,0.06587833662414182,92
Factor_4,Methylation,cg03126579_meth,0.06586101578007579,0.06586101578007579,93
Factor_4,Methylation,cg15841063_meth,0.0657896517782499,0.0657896517782499,94
Factor_4,Methylation,cg17800654_meth,0.06559581961796941,0.06559581961796941,95
Factor_4,Methylation,cg13274077_meth,0.0655900620747412,0.0655900620747412,96
Factor_4,Methylation,cg18235734_meth,0.06552165033313813,0.06552165033313813,97
Factor_4,Methylation,cg07166654_meth,0.0654380393850177,0.0654380393850177,98
Factor_4,Methylation,cg00334063_meth,0.06531160694042287,0.06531160694042287,99
Factor_4,Methylation,cg18177414_meth,0.06523654969762074,0.06523654969762074,100
Factor_5,Methylation,cg09719124_meth,0.05080014963567835,0.05080014963567835,1
Factor_5,Methylation,cg00204802_meth,0.04680296794485523,0.04680296794485523,2
Factor_5,Methylation,cg08654262_meth,0.046538909125853185,0.046538909125853185,3
Factor_5,Methylation,cg26630171_meth,0.046523829373074664,0.046523829373074664,4
Factor_5,Methylation,cg08915171_meth,0.04591530424560855,0.04591530424560855,5
Factor_5,Methylation,cg27405988_meth,0.04509151537518775,0.04509151537518775,6
Factor_5,Methylation,cg13045134_meth,0.04508046932045387,0.04508046932045387,7
Factor_5,Methylation,cg00952054_meth,0.045052717749973215,0.045052717749973215,8
Factor_5,Methylation,cg06242243_meth,0.044828839409656325,0.044828839409656325,9
Factor_5,Methylation,cg11018604_meth,0.04439944510723727,0.04439944510723727,10
Factor_5,Methylation,cg09309208_meth,0.044269754207390925,0.044269754207390925,11
Factor_5,Methylation,cg25224048_meth,0.04409637595319262,0.04409637595319262,12
Factor_5,Methylation,cg24945462_meth,0.0440934715882804,0.0440934715882804,13
Factor_5,Methylation,cg23994061_meth,0.04358913463970245,0.04358913463970245,14
Factor_5,Methylation,cg13026629_meth,0.043416297678368077,0.043416297678368077,15
Factor_5,Methylation,cg18404706_meth,0.04331327960062233,0.04331327960062233,16
Factor_5,Methylation,cg02029908_meth,0.04327730614829222,0.04327730614829222,17
Factor_5,Methylation,cg13341668_meth,0.04327466690134471,0.04327466690134471,18
Factor_5,Methylation,cg22487391_meth,0.042981656101724795,0.042981656101724795,19
Factor_5,Methylation,cg25588348_meth,0.04280006988956187,0.04280006988956187,20
Factor_5,Methylation,cg10017626_meth,0.04223051311952081,0.04223051311952081,21
Factor_5,Methylation,cg10682957_meth,0.04219290053741852,0.04219290053741852,22
Factor_5,Methylation,cg14313184_meth,0.0420759934812843,0.0420759934812843,23
Factor_5,Methylation,cg07018389_meth,0.041687003317043315,0.041687003317043315,24
Factor_5,Methylation,cg10789956_meth,0.04166790732753365,0.04166790732753365,25
Factor_5,Methylation,cg25364619_meth,0.04133508917548167,0.04133508917548167,26
Factor_5,Methylation,cg09744840_meth,0.04130177118039461,0.04130177118039461,27
Factor_5,Methylation,cg13799919_meth,0.04128592654924882,0.04128592654924882,28
Factor_5,Methylation,cg27270412_meth,0.041189726234175605,0.041189726234175605,29
Factor_5,Methylation,cg27425146_meth,0.04106516912281049,0.04106516912281049,30
Factor_5,Methylation,cg09753772_meth,0.040681313178700745,0.040681313178700745,31
Factor_5,Methylation,cg15409097_meth,0.04067070682383828,0.04067070682383828,32
Factor_5,Methylation,cg27106643_meth,0.04048086447115932,0.04048086447115932,33
Factor_5,Methylation,cg19256314_meth,0.04035712865280749,0.04035712865280749,34
Factor_5,Methylation,cg02548132_meth,0.04013885252505086,0.04013885252505086,35
Factor_5,Methylation,cg26433640_meth,0.04012321620593134,0.04012321620593134,36
Factor_5,Methylation,cg10227830_meth,0.03996482287599047,0.03996482287599047,37
Factor_5,Methylation,cg17016000_meth,0.03993549840902969,0.03993549840902969,38
Factor_5,Methylation,cg18640444_meth,0.039908057753108316,0.039908057753108316,39
Factor_5,Methylation,cg03930313_meth,0.03946893899082364,0.03946893899082364,40
Factor_5,Methylation,cg16523590_meth,0.03945993296635977,0.03945993296635977,41
Factor_5,Methylation,cg11970252_meth,0.03941617912712185,0.03941617912712185,42
Factor_5,Methylation,cg06879394_meth,-0.039345163290363236,0.039345163290363236,43
Factor_5,Methylation,cg04633676_meth,0.03932775452261006,0.03932775452261006,44
Factor_5,Methylation,cg17066349_meth,0.03930032522944282,0.03930032522944282,45
Factor_5,Methylation,cg19987354_meth,0.039161814880262075,0.039161814880262075,46
Factor_5,Methylation,cg07328688_meth,0.039143242545752376,0.039143242545752376,47
Factor_5,Methylation,cg05911774_meth,0.03906190962738609,0.03906190962738609,48
Factor_5,Methylation,cg23032184_meth,0.03903294071570338,0.03903294071570338,49
Factor_5,Methylation,cg05939149_meth,0.03884494731510695,0.03884494731510695,50
Factor_5,Methylation,cg02099572_meth,0.03872632757698436,0.03872632757698436,51
Factor_5,Methylation,cg23601468_meth,0.03860941583081397,0.03860941583081397,52
Factor_5,Methylation,cg00513941_meth,0.038572348043476555,0.038572348043476555,53
Factor_5,Methylation,cg22254463_meth,0.03852822078223925,0.03852822078223925,54
Factor_5,Methylation,cg23922724_meth,0.03846218629005131,0.03846218629005131,55
Factor_5,Methylation,cg14382719_meth,0.038285280124606115,0.038285280124606115,56
Factor_5,Methylation,cg17496421_meth,0.03827522266726463,0.03827522266726463,57
Factor_5,Methylation,cg10824259_meth,0.038239892988356124,0.038239892988356124,58
Factor_5,Methylation,cg15077193_meth,0.03816347659399664,0.03816347659399664,59
Factor_5,Methylation,cg13458609_meth,0.0381468185821934,0.0381468185821934,60
Factor_5,Methylation,cg26311501_meth,0.03812150273266325,0.03812150273266325,61
Factor_5,Methylation,cg03408619_meth,0.038117757739895015,0.038117757739895015,62
Factor_5,Methylation,cg10113526_meth,0.03795257582331442,0.03795257582331442,63
Factor_5,Methylation,cg20629315_meth,0.03793518309178764,0.03793518309178764,64
Factor_5,Methylation,cg27121661_meth,0.0379121279778649,0.0379121279778649,65
Factor_5,Methylation,cg21240474_meth,0.03785643682905398,0.03785643682905398,66
Factor_5,Methylation,cg01405445_meth,0.0378331235653832,0.0378331235653832,67
Factor_5,Methylation,cg08418279_meth,0.03775091984675224,0.03775091984675224,68
Factor_5,Methylation,cg02670123_meth,0.037746171149495404,0.037746171149495404,69
Factor_5,Methylation,cg14851544_meth,0.037659694740805334,0.037659694740805334,70
Factor_5,Methylation,cg24318032_meth,0.03759439932822648,0.03759439932822648,71
Factor_5,Methylation,cg02360002_meth,0.037523987977657006,0.037523987977657006,72
Factor_5,Methylation,cg09468836_meth,0.037466112751836395,0.037466112751836395,73
Factor_5,Methylation,cg23082657_meth,0.03736886801549338,0.03736886801549338,74
Factor_5,Methylation,cg19824242_meth,0.037330334057282415,0.037330334057282415,75
Factor_5,Methylation,cg01457778_meth,0.03717976941361238,0.03717976941361238,76
Factor_5,Methylation,cg21708058_meth,0.03710484700815607,0.03710484700815607,77
Factor_5,Methylation,cg14265043_meth,0.03710467000111419,0.03710467000111419,78
Factor_5,Methylation,cg14845609_meth,0.037103722176041874,0.037103722176041874,79
Factor_5,Methylation,cg06093355_meth,0.037091263640366884,0.037091263640366884,80
Factor_5,Methylation,cg08854834_meth,0.0370876749382976,0.0370876749382976,81
Factor_5,Methylation,cg26109154_meth,0.037060448592321306,0.037060448592321306,82
Factor_5,Methylation,cg05210689_meth,0.03700262824740172,0.03700262824740172,83
Factor_5,Methylation,cg03231596_meth,0.03696582378817992,0.03696582378817992,84
Factor_5,Methylation,cg13453203_meth,0.03696140074449748,0.03696140074449748,85
Factor_5,Methylation,cg10407598_meth,0.03691532902192505,0.03691532902192505,86
Factor_5,Methylation,cg12550597_meth,0.03689248351853981,0.03689248351853981,87
Factor_5,Methylation,cg10156302_meth,0.03685025095250894,0.03685025095250894,88
Factor_5,Methylation,cg13906823_meth,-0.03684943253730329,0.03684943253730329,89
Factor_5,Methylation,cg25450819_meth,0.03683254246497324,0.03683254246497324,90
Factor_5,Methylation,cg14218861_meth,0.03683121909339344,0.03683121909339344,91
Factor_5,Methylation,cg09018299_meth,0.03667738376206708,0.03667738376206708,92
Factor_5,Methylation,cg22494725_meth,0.03665495535868735,0.03665495535868735,93
Factor_5,Methylation,cg22226656_meth,0.03664568582588229,0.03664568582588229,94
Factor_5,Methylation,cg07857040_meth,0.03664109178507386,0.03664109178507386,95
Factor_5,Methylation,cg02965295_meth,0.03663235044866842,0.03663235044866842,96
Factor_5,Methylation,cg00088797_meth,0.036624773824079596,0.036624773824079596,97
Factor_5,Methylation,cg17939585_meth,0.036605130986768056,0.036605130986768056,98
Factor_5,Methylation,cg16811988_meth,0.036550122715352726,0.036550122715352726,99
Factor_5,Methylation,cg17033080_meth,0.036459299220657874,0.036459299220657874,100
Factor_6,Methylation,cg10370305_meth,0.020346151922965988,0.020346151922965988,1
Factor_6,Methylation,cg15664152_meth,-0.020089947989194824,0.020089947989194824,2
Factor_6,Methylation,cg17468459_meth,0.018805658430339548,0.018805658430339548,3
Factor_6,Methylation,cg07541744_meth,-0.018449536217466787,0.018449536217466787,4
Factor_6,Methylation,cg25740565_meth,-0.01768366917525343,0.01768366917525343,5
Factor_6,Methylation,cg01064265_meth,-0.0172260285780969,0.0172260285780969,6
Factor_6,Methylation,cg13927454_meth,0.017162157666852956,0.017162157666852956,7
Factor_6,Methylation,cg06392574_meth,0.01713679932816431,0.01713679932816431,8
Factor_6,Methylation,cg08433011_meth,-0.01710714895075661,0.01710714895075661,9
Factor_6,Methylation,cg09107053_meth,0.016656320871751208,0.016656320871751208,10
Factor_6,Methylation,cg26386273_meth,-0.016504393168181305,0.016504393168181305,11
Factor_6,Methylation,cg00494919_meth,0.01611832962760475,0.01611832962760475,12
Factor_6,Methylation,cg13753488_meth,0.016108017558305186,0.016108017558305186,13
Factor_6,Methylation,cg19940312_meth,-0.01604386482947627,0.01604386482947627,14
Factor_6,Methylation,cg00649632_meth,0.01592284117148238,0.01592284117148238,15
Factor_6,Methylation,cg00296578_meth,0.015813485814797672,0.015813485814797672,16
Factor_6,Methylation,cg20852851_meth,0.015585178958280748,0.015585178958280748,17
Factor_6,Methylation,cg06806862_meth,0.015392193172505664,0.015392193172505664,18
Factor_6,Methylation,cg18045685_meth,0.0153272401221357,0.0153272401221357,19
Factor_6,Methylation,cg13090402_meth,0.015293102155172293,0.015293102155172293,20
Factor_6,Methylation,cg17017514_meth,0.015179879813608153,0.015179879813608153,21
Factor_6,Methylation,cg23530596_meth,0.015175223308514877,0.015175223308514877,22
Factor_6,Methylation,cg24886867_meth,0.01513011676652338,0.01513011676652338,23
Factor_6,Methylation,cg22184990_meth,0.015085541388885947,0.015085541388885947,24
Factor_6,Methylation,cg19814981_meth,-0.014958331441723568,0.014958331441723568,25
Factor_6,Methylation,cg15087376_meth,0.014918096480563754,0.014918096480563754,26
Factor_6,Methylation,cg26764345_meth,-0.01484685370926327,0.01484685370926327,27
Factor_6,Methylation,cg22989407_meth,-0.01480423782115476,0.01480423782115476,28
Factor_6,Methylation,cg23515853_meth,-0.014746437055948202,0.014746437055948202,29
Factor_6,Methylation,cg05560472_meth,0.014717131674326756,0.014717131674326756,30
Factor_6,Methylation,cg09240763_meth,-0.014716288880496173,0.014716288880496173,31
Factor_6,Methylation,cg13389211_meth,0.014689917300848744,0.014689917300848744,32
Factor_6,Methylation,cg14140554_meth,0.014660075843552238,0.014660075843552238,33
Factor_6,Methylation,cg14836602_meth,-0.01457858187940094,0.01457858187940094,34
Factor_6,Methylation,cg25760783_meth,0.014573278118248744,0.014573278118248744,35
Factor_6,Methylation,cg19403312_meth,0.014504183220177278,0.014504183220177278,36
Factor_6,Methylation,cg09844094_meth,0.014503284733331116,0.014503284733331116,37
Factor_6,Methylation,cg04308167_meth,-0.014483530942721845,0.014483530942721845,38
Factor_6,Methylation,cg18087143_meth,0.014372884539073287,0.014372884539073287,39
Factor_6,Methylation,cg04089901_meth,-0.014315264161531203,0.014315264161531203,40
Factor_6,Methylation,cg25308508_meth,-0.014288730255762392,0.014288730255762392,41
Factor_6,Methylation,cg10888337_meth,-0.014261734369058213,0.014261734369058213,42
Factor_6,Methylation,cg09304968_meth,0.01422983779540879,0.01422983779540879,43
Factor_6,Methylation,cg26195356_meth,-0.014221723570929618,0.014221723570929618,44
Factor_6,Methylation,cg02275418_meth,-0.014220570995919083,0.014220570995919083,45
Factor_6,Methylation,cg13412754_meth,0.014188366329168669,0.014188366329168669,46
Factor_6,Methylation,cg05119988_meth,-0.014118717379883142,0.014118717379883142,47
Factor_6,Methylation,cg13310292_meth,0.014116497840976768,0.014116497840976768,48
Factor_6,Methylation,cg11860091_meth,0.014076933839591386,0.014076933839591386,49
Factor_6,Methylation,cg19480775_meth,0.014060208540601261,0.014060208540601261,50
Factor_6,Methylation,cg01610979_meth,-0.014028784676827204,0.014028784676827204,51
Factor_6,Methylation,cg26983411_meth,0.014021383950226311,0.014021383950226311,52
Factor_6,Methylation,cg12686441_meth,0.014017463587082503,0.014017463587082503,53
Factor_6,Methylation,cg03518202_meth,-0.013973804025922817,0.013973804025922817,54
Factor_6,Methylation,cg10168149_meth,-0.013969474975224194,0.013969474975224194,55
Factor_6,Methylation,cg12075202_meth,-0.013941187224354607,0.013941187224354607,56
Factor_6,Methylation,cg26987928_meth,0.013886382190777726,0.013886382190777726,57
Factor_6,Methylation,cg06374811_meth,0.013877322005747718,0.013877322005747718,58
Factor_6,Methylation,cg13929323_meth,-0.013823715220952567,0.013823715220952567,59
Factor_6,Methylation,cg02302348_meth,0.013755965046849023,0.013755965046849023,60
Factor_6,Methylation,cg20655220_meth,0.013750439461265621,0.013750439461265621,61
Factor_6,Methylation,cg08712336_meth,-0.013746920634713018,0.013746920634713018,62
Factor_6,Methylation,cg08564636_meth,0.01372581192494157,0.01372581192494157,63
Factor_6,Methylation,cg25652751_meth,0.013717866203511685,0.013717866203511685,64
Factor_6,Methylation,cg26451373_meth,-0.013686350034734344,0.013686350034734344,65
Factor_6,Methylation,cg03452625_meth,0.013649430109058535,0.013649430109058535,66
Factor_6,Methylation,cg19499614_meth,0.013594872033856016,0.013594872033856016,67
Factor_6,Methylation,cg05862039_meth,0.013593994237149982,0.013593994237149982,68
Factor_6,Methylation,cg15888569_meth,0.01358183606516288,0.01358183606516288,69
Factor_6,Methylation,cg15157024_meth,-0.013581403794468632,0.013581403794468632,70
Factor_6,Methylation,cg12731773_meth,0.013573762760342958,0.013573762760342958,71
Factor_6,Methylation,cg21216220_meth,-0.013571435960994738,0.013571435960994738,72
Factor_6,Methylation,cg25428429_meth,0.013567875038018653,0.013567875038018653,73
Factor_6,Methylation,cg18008675_meth,0.013563001292491701,0.013563001292491701,74
Factor_6,Methylation,cg07071764_meth,0.01349406255100814,0.01349406255100814,75
Factor_6,Methylation,cg16286735_meth,0.013487552132596293,0.013487552132596293,76
Factor_6,Methylation,cg04763558_meth,0.013466291703419377,0.013466291703419377,77
Factor_6,Methylation,cg05941840_meth,0.013438597418359455,0.013438597418359455,78
Factor_6,Methylation,cg25175887_meth,-0.013426053527883546,0.013426053527883546,79
Factor_6,Methylation,cg07592723_meth,-0.013372052689521423,0.013372052689521423,80
Factor_6,Methylation,cg09250678_meth,-0.013367442908683119,0.013367442908683119,81
Factor_6,Methylation,cg20672059_meth,-0.01333842252421608,0.01333842252421608,82
Factor_6,Methylation,cg13470673_meth,0.01331843049041994,0.01331843049041994,83
Factor_6,Methylation,cg06285475_meth,0.013270397482015984,0.013270397482015984,84
Factor_6,Methylation,cg15470102_meth,0.013248535479079886,0.013248535479079886,85
Factor_6,Methylation,cg26104083_meth,-0.013212672146985268,0.013212672146985268,86
Factor_6,Methylation,cg07052524_meth,-0.013149940691225243,0.013149940691225243,87
Factor_6,Methylation,cg08308801_meth,-0.013144535108055409,0.013144535108055409,88
Factor_6,Methylation,cg20073320_meth,0.013127374111499484,0.013127374111499484,89
Factor_6,Methylation,cg06270993_meth,0.013102672722974822,0.013102672722974822,90
Factor_6,Methylation,cg02244431_meth,0.013092365227379412,0.013092365227379412,91
Factor_6,Methylation,cg04566826_meth,0.013065924697391299,0.013065924697391299,92
Factor_6,Methylation,cg01156990_meth,-0.013063954445262824,0.013063954445262824,93
Factor_6,Methylation,cg10626305_meth,0.013062941588235462,0.013062941588235462,94
Factor_6,Methylation,cg12618270_meth,0.013035161884472384,0.013035161884472384,95
Factor_6,Methylation,cg15771416_meth,0.013018042644193024,0.013018042644193024,96
Factor_6,Methylation,cg02922817_meth,-0.013014078975191346,0.013014078975191346,97
Factor_6,Methylation,cg06507579_meth,-0.012991336763530063,0.012991336763530063,98
Factor_6,Methylation,cg13335567_meth,0.012976908658585095,0.012976908658585095,99
Factor_6,Methylation,cg24997744_meth,0.012964023012425923,0.012964023012425923,100
Factor_7,Methylation,cg23696472_meth,0.1024306008627557,0.1024306008627557,1
Factor_7,Methylation,cg01742836_meth,0.10175843091818876,0.10175843091818876,2
Factor_7,Methylation,cg11673471_meth,0.10092024542559183,0.10092024542559183,3
Factor_7,Methylation,cg21983484_meth,0.10021769633178432,0.10021769633178432,4
Factor_7,Methylation,cg13574945_meth,0.1001852101986415,0.1001852101986415,5
Factor_7,Methylation,cg10422744_meth,-0.09988536871640892,0.09988536871640892,6
Factor_7,Methylation,cg24186901_meth,0.0974052570381057,0.0974052570381057,7
Factor_7,Methylation,cg26023405_meth,0.09738796731565588,0.09738796731565588,8
Factor_7,Methylation,cg13130271_meth,0.09731541462781093,0.09731541462781093,9
Factor_7,Methylation,cg23685102_meth,0.0967352178990976,0.0967352178990976,10
Factor_7,Methylation,cg08059778_meth,0.0966480919609014,0.0966480919609014,11
Factor_7,Methylation,cg26584339_meth,0.09559790860386938,0.09559790860386938,12
Factor_7,Methylation,cg13023833_meth,0.09538853772896967,0.09538853772896967,13
Factor_7,Methylation,cg09520212_meth,0.09485415267095393,0.09485415267095393,14
Factor_7,Methylation,cg20766178_meth,0.09476834344410488,0.09476834344410488,15
Factor_7,Methylation,cg08417382_meth,0.09457258359612668,0.09457258359612668,16
Factor_7,Methylation,cg16357225_meth,0.09313635596356139,0.09313635596356139,17
Factor_7,Methylation,cg07861180_meth,0.0928624039152132,0.0928624039152132,18
Factor_7,Methylation,cg15977272_meth,0.09256135635499611,0.09256135635499611,19
Factor_7,Methylation,cg20455959_meth,0.09235401946683784,0.09235401946683784,20
Factor_7,Methylation,cg05806018_meth,0.09228498503250177,0.09228498503250177,21
Factor_7,Methylation,cg16590821_meth,0.09214226355793816,0.09214226355793816,22
Factor_7,Methylation,cg21290550_meth,0.09202852204663989,0.09202852204663989,23
Factor_7,Methylation,cg25132467_meth,0.09194934741871169,0.09194934741871169,24
Factor_7,Methylation,cg13244998_meth,0.09185973890244259,0.09185973890244259,25
Factor_7,Methylation,cg12576145_meth,0.09127714627920447,0.09127714627920447,26
Factor_7,Methylation,cg23429746_meth,0.09084914488881003,0.09084914488881003,27
Factor_7,Methylation,cg04872051_meth,0.09074308278115713,0.09074308278115713,28
Factor_7,Methylation,cg20015269_meth,0.09058783315431422,0.09058783315431422,29
Factor_7,Methylation,cg22221554_meth,0.09046154037595432,0.09046154037595432,30
Factor_7,Methylation,cg12075609_meth,0.09037582760473312,0.09037582760473312,31
Factor_7,Methylation,cg06779802_meth,0.08998338697167248,0.08998338697167248,32
Factor_7,Methylation,cg06041068_meth,0.08977963654670047,0.08977963654670047,33
Factor_7,Methylation,cg20749341_meth,0.08974205854849297,0.08974205854849297,34
Factor_7,Methylation,cg10991108_meth,0.08963099072291396,0.08963099072291396,35
Factor_7,Methylation,cg05872808_meth,0.08953049048639945,0.08953049048639945,36
Factor_7,Methylation,cg15165114_meth,0.08952746745424722,0.08952746745424722,37
Factor_7,Methylation,cg09307104_meth,0.0894218136654589,0.0894218136654589,38
Factor_7,Methylation,cg16221895_meth,0.08931511231273319,0.08931511231273319,39
Factor_7,Methylation,cg11152253_meth,0.08903261497761067,0.08903261497761067,40
Factor_7,Methylation,cg20439892_meth,0.08890574796975388,0.08890574796975388,41
Factor_7,Methylation,cg25206026_meth,0.08890073250973396,0.08890073250973396,42
Factor_7,Methylation,cg09514431_meth,0.08857186016791072,0.08857186016791072,43
Factor_7,Methylation,cg00723973_meth,0.0885225053218163,0.0885225053218163,44
Factor_7,Methylation,cg01342901_meth,0.08843711399492146,0.08843711399492146,45
Factor_7,Methylation,cg08855111_meth,0.08831736258922344,0.08831736258922344,46
Factor_7,Methylation,cg24264679_meth,0.08824842156427089,0.08824842156427089,47
Factor_7,Methylation,cg03334316_meth,0.08819854811810779,0.08819854811810779,48
Factor_7,Methylation,cg00813156_meth,0.08797225148600205,0.08797225148600205,49
Factor_7,Methylation,cg23493872_meth,0.08781560764286252,0.08781560764286252,50
Factor_7,Methylation,cg25888700_meth,0.08761991389059666,0.08761991389059666,51
Factor_7,Methylation,cg07912337_meth,0.0874928129763678,0.0874928129763678,52
Factor_7,Methylation,cg14191108_meth,0.08747534833870343,0.08747534833870343,53
Factor_7,Methylation,cg12277627_meth,0.08746205200311284,0.08746205200311284,54
Factor_7,Methylation,cg02195366_meth,0.08724758882311251,0.08724758882311251,55
Factor_7,Methylation,cg18998000_meth,0.08720344468786223,0.08720344468786223,56
Factor_7,Methylation,cg27501007_meth,0.08716266689094188,0.08716266689094188,57
Factor_7,Methylation,cg26505478_meth,0.08712966465760733,0.08712966465760733,58
Factor_7,Methylation,cg22776211_meth,0.08706027506544764,0.08706027506544764,59
Factor_7,Methylation,cg10717149_meth,0.08694169065652615,0.08694169065652615,60
Factor_7,Methylation,cg16488754_meth,0.08693895001309823,0.08693895001309823,61
Factor_7,Methylation,cg07344627_meth,0.08693721895220151,0.08693721895220151,62
Factor_7,Methylation,cg12413138_meth,0.08686667502481335,0.08686667502481335,63
Factor_7,Methylation,cg07648454_meth,0.08682801682450186,0.08682801682450186,64
Factor_7,Methylation,cg02333283_meth,0.08655598678408265,0.08655598678408265,65
Factor_7,Methylation,cg09016243_meth,0.0865209693699047,0.0865209693699047,66
Factor_7,Methylation,cg15565409_meth,0.08628405854155646,0.08628405854155646,67
Factor_7,Methylation,cg02869694_meth,0.08602623543094291,0.08602623543094291,68
Factor_7,Methylation,cg18932686_meth,0.0858727852541654,0.0858727852541654,69
Factor_7,Methylation,cg10860619_meth,0.08580429928569312,0.08580429928569312,70
Factor_7,Methylation,cg23554546_meth,0.08579072355854246,0.08579072355854246,71
Factor_7,Methylation,cg15693668_meth,0.08576245724785878,0.08576245724785878,72
Factor_7,Methylation,cg05374090_meth,0.08576224885962605,0.08576224885962605,73
Factor_7,Methylation,cg05534333_meth,0.08565932467171355,0.08565932467171355,74
Factor_7,Methylation,cg07446674_meth,0.08528097180535545,0.08528097180535545,75
Factor_7,Methylation,cg00112256_meth,0.08515425898315204,0.08515425898315204,76
Factor_7,Methylation,cg13649400_meth,0.08514594105654616,0.08514594105654616,77
Factor_7,Methylation,cg17399684_meth,0.08513118449705404,0.08513118449705404,78
Factor_7,Methylation,cg08479532_meth,0.085028721363716,0.085028721363716,79
Factor_7,Methylation,cg16723510_meth,0.08494073247729568,0.08494073247729568,80
Factor_7,Methylation,cg01869765_meth,0.08484393528453985,0.08484393528453985,81
Factor_7,Methylation,cg23121114_meth,0.0845965160145266,0.0845965160145266,82
Factor_7,Methylation,cg00337921_meth,0.08453989430861784,0.08453989430861784,83
Factor_7,Methylation,cg04317640_meth,0.08442932208787195,0.08442932208787195,84
Factor_7,Methylation,cg21016188_meth,0.08440127648285978,0.08440127648285978,85
Factor_7,Methylation,cg23712855_meth,0.08423858815458925,0.08423858815458925,86
Factor_7,Methylation,cg03773146_meth,0.08417406275168164,0.08417406275168164,87
Factor_7,Methylation,cg23251359_meth,0.08405094905909935,0.08405094905909935,88
Factor_7,Methylation,cg27501723_meth,0.084036872200767,0.084036872200767,89
Factor_7,Methylation,cg08782677_meth,0.08400488592919014,0.08400488592919014,90
Factor_7,Methylation,cg26777760_meth,0.08393642086278817,0.08393642086278817,91
Factor_7,Methylation,cg13797960_meth,0.08391166741951804,0.08391166741951804,92
Factor_7,Methylation,cg11704790_meth,0.0838792675444994,0.0838792675444994,93
Factor_7,Methylation,cg26439324_meth,0.08387455411206478,0.08387455411206478,94
Factor_7,Methylation,cg06510592_meth,0.08380900717037194,0.08380900717037194,95
Factor_7,Methylation,cg02615131_meth,0.08366190051119377,0.08366190051119377,96
Factor_7,Methylation,cg24818939_meth,0.0835829945351985,0.0835829945351985,97
Factor_7,Methylation,cg19992190_meth,0.08353372785085263,0.08353372785085263,98
Factor_7,Methylation,cg05799859_meth,0.08352629365295837,0.08352629365295837,99
Factor_7,Methylation,cg08405463_meth,0.08329617678041944,0.08329617678041944,100
Factor_8,Methylation,cg27258050_meth,0.08561615779185737,0.08561615779185737,1
Factor_8,Methylation,cg13028819_meth,0.08360502715097527,0.08360502715097527,2
Factor_8,Methylation,cg06884470_meth,0.08359924217534175,0.08359924217534175,3
Factor_8,Methylation,cg01811882_meth,0.0830839789932332,0.0830839789932332,4
Factor_8,Methylation,cg08482501_meth,0.07995767868107126,0.07995767868107126,5
Factor_8,Methylation,cg12747584_meth,0.07935514244870666,0.07935514244870666,6
Factor_8,Methylation,cg07075238_meth,0.07901168751033438,0.07901168751033438,7
Factor_8,Methylation,cg05632088_meth,0.07863996863575787,0.07863996863575787,8
Factor_8,Methylation,cg07877987_meth,0.07856269089209195,0.07856269089209195,9
Factor_8,Methylation,cg23737927_meth,0.07851282173753302,0.07851282173753302,10
Factor_8,Methylation,cg24977670_meth,0.07786945309437303,0.07786945309437303,11
Factor_8,Methylation,cg20064139_meth,0.07744098996946837,0.07744098996946837,12
Factor_8,Methylation,cg25225379_meth,0.07730477653557465,0.07730477653557465,13
Factor_8,Methylation,cg20646846_meth,0.07702197474488064,0.07702197474488064,14
Factor_8,Methylation,cg00223136_meth,0.0769722577087229,0.0769722577087229,15
Factor_8,Methylation,cg10796634_meth,0.07684686257947111,0.07684686257947111,16
Factor_8,Methylation,cg00186815_meth,0.07654344951581252,0.07654344951581252,17
Factor_8,Methylation,cg14715697_meth,0.0765157075086019,0.0765157075086019,18
Factor_8,Methylation,cg07804408_meth,0.07643129398086654,0.07643129398086654,19
Factor_8,Methylation,cg15278374_meth,0.07631855840738487,0.07631855840738487,20
Factor_8,Methylation,cg18121946_meth,0.0762671895604266,0.0762671895604266,21
Factor_8,Methylation,cg15244965_meth,0.07593175542146935,0.07593175542146935,22
Factor_8,Methylation,cg23639196_meth,0.07581965734334738,0.07581965734334738,23
Factor_8,Methylation,cg14557064_meth,0.07568922546994016,0.07568922546994016,24
Factor_8,Methylation,cg10421718_meth,0.07516615383255616,0.07516615383255616,25
Factor_8,Methylation,cg22330924_meth,0.07506568323301735,0.07506568323301735,26
Factor_8,Methylation,cg23518497_meth,0.07501925542676079,0.07501925542676079,27
Factor_8,Methylation,cg17870484_meth,0.0748373888253237,0.0748373888253237,28
Factor_8,Methylation,cg12415687_meth,0.074834996916026,0.074834996916026,29
Factor_8,Methylation,cg08248003_meth,0.07431834517363774,0.07431834517363774,30
Factor_8,Methylation,cg17919152_meth,0.07419449459225852,0.07419449459225852,31
Factor_8,Methylation,cg01270241_meth,0.07396651664952912,0.07396651664952912,32
Factor_8,Methylation,cg26840068_meth,0.0737641351473722,0.0737641351473722,33
Factor_8,Methylation,cg07070466_meth,0.07365169956359356,0.07365169956359356,34
Factor_8,Methylation,cg13422275_meth,0.07352836306876022,0.07352836306876022,35
Factor_8,Methylation,cg06275635_meth,0.07351770492429394,0.07351770492429394,36
Factor_8,Methylation,cg16053651_meth,0.07343903524828047,0.07343903524828047,37
Factor_8,Methylation,cg18091245_meth,0.07343896969955285,0.07343896969955285,38
Factor_8,Methylation,cg17504591_meth,0.07338243878863912,0.07338243878863912,39
Factor_8,Methylation,cg10526223_meth,0.07329370565969552,0.07329370565969552,40
Factor_8,Methylation,cg16916549_meth,0.07320090625391235,0.07320090625391235,41
Factor_8,Methylation,cg14940871_meth,0.07319860339779294,0.07319860339779294,42
Factor_8,Methylation,cg07333231_meth,0.07319309086746843,0.07319309086746843,43
Factor_8,Methylation,cg02600772_meth,0.07315648426843842,0.07315648426843842,44
Factor_8,Methylation,cg12167057_meth,0.0731302421953945,0.0731302421953945,45
Factor_8,Methylation,cg21643429_meth,0.07307185719628319,0.07307185719628319,46
Factor_8,Methylation,cg25119415_meth,0.07299221664360132,0.07299221664360132,47
Factor_8,Methylation,cg10209670_meth,0.07290301406950604,0.07290301406950604,48
Factor_8,Methylation,cg06126225_meth,0.0728234834868341,0.0728234834868341,49
Factor_8,Methylation,cg24096540_meth,0.07280947635450957,0.07280947635450957,50
Factor_8,Methylation,cg13953394_meth,0.0725865993370087,0.0725865993370087,51
Factor_8,Methylation,cg27420946_meth,0.07256039399456567,0.07256039399456567,52
Factor_8,Methylation,cg19602728_meth,0.0724847799129266,0.0724847799129266,53
Factor_8,Methylation,cg22193924_meth,0.07248408840522025,0.07248408840522025,54
Factor_8,Methylation,cg26479667_meth,0.0724294286031776,0.0724294286031776,55
Factor_8,Methylation,cg04001802_meth,0.07240019827392893,0.07240019827392893,56
Factor_8,Methylation,cg19749898_meth,0.07239529613024737,0.07239529613024737,57
Factor_8,Methylation,cg25267258_meth,0.07237596252961333,0.07237596252961333,58
Factor_8,Methylation,cg04988367_meth,0.07236804070371056,0.07236804070371056,59
Factor_8,Methylation,cg06120359_meth,0.07235846732958613,0.07235846732958613,60
Factor_8,Methylation,cg13114028_meth,0.07234858930820737,0.07234858930820737,61
Factor_8,Methylation,cg14234656_meth,0.07234433119474291,0.07234433119474291,62
Factor_8,Methylation,cg20220755_meth,0.072329218352361,0.072329218352361,63
Factor_8,Methylation,cg05042749_meth,0.0721845706171539,0.0721845706171539,64
Factor_8,Methylation,cg17445802_meth,0.07212918925473925,0.07212918925473925,65
Factor_8,Methylation,cg24755177_meth,0.07210574414887982,0.07210574414887982,66
Factor_8,Methylation,cg17080335_meth,0.07207655246181571,0.07207655246181571,67
Factor_8,Methylation,cg20431848_meth,0.07207589048530659,0.07207589048530659,68
Factor_8,Methylation,cg05970721_meth,0.07204235336678619,0.07204235336678619,69
Factor_8,Methylation,cg07643942_meth,0.07202371518569599,0.07202371518569599,70
Factor_8,Methylation,cg00868860_meth,0.07202056602139374,0.07202056602139374,71
Factor_8,Methylation,cg03369828_meth,0.07194572894333082,0.07194572894333082,72
Factor_8,Methylation,cg02520212_meth,0.07186827821978327,0.07186827821978327,73
Factor_8,Methylation,cg06400119_meth,0.07182528109111226,0.07182528109111226,74
Factor_8,Methylation,cg10519389_meth,0.07171121058385314,0.07171121058385314,75
Factor_8,Methylation,cg07280182_meth,0.07156042678722072,0.07156042678722072,76
Factor_8,Methylation,cg17151621_meth,0.0715498355462976,0.0715498355462976,77
Factor_8,Methylation,cg18771659_meth,0.07147538020756884,0.07147538020756884,78
Factor_8,Methylation,cg14382249_meth,0.07146035192134113,0.07146035192134113,79
Factor_8,Methylation,cg02608452_meth,0.07139547733314126,0.07139547733314126,80
Factor_8,Methylation,cg21754343_meth,0.07139136685894354,0.07139136685894354,81
Factor_8,Methylation,cg26759925_meth,0.07138772790818491,0.07138772790818491,82
Factor_8,Methylation,cg25286711_meth,0.07136364616724021,0.07136364616724021,83
Factor_8,Methylation,cg27297105_meth,0.07131158680635308,0.07131158680635308,84
Factor_8,Methylation,cg24185926_meth,0.07124209992208352,0.07124209992208352,85
Factor_8,Methylation,cg18330370_meth,0.07109718045998636,0.07109718045998636,86
Factor_8,Methylation,cg07471018_meth,0.07108770987016658,0.07108770987016658,87
Factor_8,Methylation,cg13504411_meth,0.07108332495319344,0.07108332495319344,88
Factor_8,Methylation,cg26492304_meth,0.07101485001079651,0.07101485001079651,89
Factor_8,Methylation,cg26789038_meth,0.07099310046981737,0.07099310046981737,90
Factor_8,Methylation,cg14223646_meth,0.07093459654673648,0.07093459654673648,91
Factor_8,Methylation,cg22348992_meth,0.07092486630592466,0.07092486630592466,92
Factor_8,Methylation,cg10754395_meth,0.07092333402676539,0.07092333402676539,93
Factor_8,Methylation,cg14399475_meth,0.07090997686618272,0.07090997686618272,94
Factor_8,Methylation,cg16341266_meth,0.07080589890464126,0.07080589890464126,95
Factor_8,Methylation,cg02181080_meth,0.07074268676859824,0.07074268676859824,96
Factor_8,Methylation,cg26317006_meth,0.07074209401311513,0.07074209401311513,97
Factor_8,Methylation,cg09874333_meth,0.07071522561170412,0.07071522561170412,98
Factor_8,Methylation,cg17370296_meth,0.0706398799746768,0.0706398799746768,99
Factor_8,Methylation,cg09642857_meth,0.07055433303460186,0.07055433303460186,100
Factor_9,Methylation,cg00429618_meth,0.03283675298998949,0.03283675298998949,1
Factor_9,Methylation,cg24449629_meth,0.031428940866749876,0.031428940866749876,2
Factor_9,Methylation,cg23981150_meth,0.029588040926995803,0.029588040926995803,3
Factor_9,Methylation,cg05899741_meth,0.027663223909530684,0.027663223909530684,4
Factor_9,Methylation,cg24958366_meth,0.027534873458179437,0.027534873458179437,5
Factor_9,Methylation,cg16838729_meth,0.027369223360734284,0.027369223360734284,6
Factor_9,Methylation,cg27319730_meth,-0.027093054165195772,0.027093054165195772,7
Factor_9,Methylation,cg05062854_meth,0.026919753011602543,0.026919753011602543,8
Factor_9,Methylation,cg09060016_meth,-0.02664289852936425,0.02664289852936425,9
Factor_9,Methylation,cg23492432_meth,-0.026605405378765885,0.026605405378765885,10
Factor_9,Methylation,cg06722069_meth,0.02641373122165609,0.02641373122165609,11
Factor_9,Methylation,cg16267304_meth,0.026402635254760765,0.026402635254760765,12
Factor_9,Methylation,cg14690181_meth,0.026314623222457978,0.026314623222457978,13
Factor_9,Methylation,cg24232869_meth,0.025962130950911218,0.025962130950911218,14
Factor_9,Methylation,cg12344600_meth,0.02589973779979503,0.02589973779979503,15
Factor_9,Methylation,cg22347355_meth,-0.025714384570036893,0.025714384570036893,16
Factor_9,Methylation,cg22146642_meth,-0.02553272648181738,0.02553272648181738,17
Factor_9,Methylation,cg25736830_meth,-0.02519313500046814,0.02519313500046814,18
Factor_9,Methylation,cg23311108_meth,0.02502533425595031,0.02502533425595031,19
Factor_9,Methylation,cg11143857_meth,-0.024976322758247318,0.024976322758247318,20
Factor_9,Methylation,cg09141303_meth,-0.024951191442853182,0.024951191442853182,21
Factor_9,Methylation,cg13876481_meth,0.024895697009326045,0.024895697009326045,22
Factor_9,Methylation,cg07808859_meth,-0.02483394320456181,0.02483394320456181,23
Factor_9,Methylation,cg15495717_meth,-0.02471410311545742,0.02471410311545742,24
Factor_9,Methylation,cg04250608_meth,-0.02464419157702513,0.02464419157702513,25
Factor_9,Methylation,cg16874894_meth,-0.024465614430287157,0.024465614430287157,26
Factor_9,Methylation,cg19406789_meth,-0.024394650279782396,0.024394650279782396,27
Factor_9,Methylation,cg27572068_meth,0.024330787523727623,0.024330787523727623,28
Factor_9,Methylation,cg04294190_meth,0.024326140037529535,0.024326140037529535,29
Factor_9,Methylation,cg14660032_meth,-0.02426575799095272,0.02426575799095272,30
Factor_9,Methylation,cg14023449_meth,-0.024247697679927255,0.024247697679927255,31
Factor_9,Methylation,cg15236881_meth,-0.024239466016018472,0.024239466016018472,32
Factor_9,Methylation,cg26026558_meth,-0.02422697816232237,0.02422697816232237,33
Factor_9,Methylation,cg05863023_meth,-0.024159340950292766,0.024159340950292766,34
Factor_9,Methylation,cg25320221_meth,0.02411168519733207,0.02411168519733207,35
Factor_9,Methylation,cg23334507_meth,-0.024111052042329544,0.024111052042329544,36
Factor_9,Methylation,cg21750986_meth,-0.024063922556392208,0.024063922556392208,37
Factor_9,Methylation,cg25987020_meth,0.024045180046020298,0.024045180046020298,38
Factor_9,Methylation,cg01879437_meth,0.02402158936116183,0.02402158936116183,39
Factor_9,Methylation,cg07403728_meth,-0.024012968880738804,0.024012968880738804,40
Factor_9,Methylation,cg01422467_meth,-0.024000222231905927,0.024000222231905927,41
Factor_9,Methylation,cg26922625_meth,-0.023996875485152537,0.023996875485152537,42
Factor_9,Methylation,cg13341441_meth,-0.023961974834500535,0.023961974834500535,43
Factor_9,Methylation,cg18778933_meth,-0.02394291614697389,0.02394291614697389,44
Factor_9,Methylation,cg08568561_meth,0.023776248330986276,0.023776248330986276,45
Factor_9,Methylation,cg08439930_meth,0.0237720104424261,0.0237720104424261,46
Factor_9,Methylation,cg15628308_meth,-0.023727040979709395,0.023727040979709395,47
Factor_9,Methylation,cg01101374_meth,-0.02371687249263598,0.02371687249263598,48
Factor_9,Methylation,cg00267196_meth,-0.023676325153697792,0.023676325153697792,49
Factor_9,Methylation,cg03555836_meth,0.023637679505878393,0.023637679505878393,50
Factor_9,Methylation,cg05686990_meth,-0.02359811265410701,0.02359811265410701,51
Factor_9,Methylation,cg14192291_meth,0.023595261954444963,0.023595261954444963,52
Factor_9,Methylation,cg03243683_meth,0.023563469232867344,0.023563469232867344,53
Factor_9,Methylation,cg15404791_meth,-0.02349954125293001,0.02349954125293001,54
Factor_9,Methylation,cg01969473_meth,-0.023483289783255708,0.023483289783255708,55
Factor_9,Methylation,cg10320892_meth,-0.02348197451787604,0.02348197451787604,56
Factor_9,Methylation,cg10405333_meth,0.023459176741451367,0.023459176741451367,57
Factor_9,Methylation,cg12489547_meth,-0.023457395650727218,0.023457395650727218,58
Factor_9,Methylation,cg12515684_meth,0.02344962110622029,0.02344962110622029,59
Factor_9,Methylation,cg11963436_meth,0.023433052393471744,0.023433052393471744,60
Factor_9,Methylation,cg22505778_meth,0.023407297001154695,0.023407297001154695,61
Factor_9,Methylation,cg22281935_meth,0.023397107914151928,0.023397107914151928,62
Factor_9,Methylation,cg25786640_meth,-0.02339395954778428,0.02339395954778428,63
Factor_9,Methylation,cg13650580_meth,-0.02337955876667945,0.02337955876667945,64
Factor_9,Methylation,cg10480950_meth,0.023369096290651627,0.023369096290651627,65
Factor_9,Methylation,cg13976799_meth,-0.023362205207427073,0.023362205207427073,66
Factor_9,Methylation,cg11799589_meth,-0.02336037420125026,0.02336037420125026,67
Factor_9,Methylation,cg24512794_meth,-0.023321748271219463,0.023321748271219463,68
Factor_9,Methylation,cg02227217_meth,-0.02330365634627535,0.02330365634627535,69
Factor_9,Methylation,cg25087352_meth,-0.023300692874694096,0.023300692874694096,70
Factor_9,Methylation,cg23237097_meth,-0.023283392359701595,0.023283392359701595,71
Factor_9,Methylation,cg22087367_meth,-0.02328001367142196,0.02328001367142196,72
Factor_9,Methylation,cg22756211_meth,-0.023265499141417602,0.023265499141417602,73
Factor_9,Methylation,cg15897613_meth,-0.023260839308140723,0.023260839308140723,74
Factor_9,Methylation,cg23186333_meth,-0.023219872355168092,0.023219872355168092,75
Factor_9,Methylation,cg24237636_meth,-0.02320447044074951,0.02320447044074951,76
Factor_9,Methylation,cg05767035_meth,-0.02316478299303203,0.02316478299303203,77
Factor_9,Methylation,cg07426784_meth,-0.02314497826929604,0.02314497826929604,78
Factor_9,Methylation,cg25018208_meth,-0.02312755296001961,0.02312755296001961,79
Factor_9,Methylation,cg08072933_meth,-0.023124741785273316,0.023124741785273316,80
Factor_9,Methylation,cg21156006_meth,-0.023111432081663923,0.023111432081663923,81
Factor_9,Methylation,cg08597682_meth,-0.023056760152320287,0.023056760152320287,82
Factor_9,Methylation,cg11691300_meth,-0.0230150792821121,0.0230150792821121,83
Factor_9,Methylation,cg24433302_meth,-0.023004913591181498,0.023004913591181498,84
Factor_9,Methylation,cg12050434_meth,0.022985576489622184,0.022985576489622184,85
Factor_9,Methylation,cg15553612_meth,-0.022958783487812526,0.022958783487812526,86
Factor_9,Methylation,cg18356448_meth,-0.02287156064853918,0.02287156064853918,87
Factor_9,Methylation,cg05303752_meth,-0.02286069711512603,0.02286069711512603,88
Factor_9,Methylation,cg23093116_meth,-0.022852883753301387,0.022852883753301387,89
Factor_9,Methylation,cg07346171_meth,-0.022849996288968284,0.022849996288968284,90
Factor_9,Methylation,cg16354345_meth,-0.022809762109206565,0.022809762109206565,91
Factor_9,Methylation,cg26868250_meth,0.022731443061357538,0.022731443061357538,92
Factor_9,Methylation,cg01774557_meth,-0.022726982632850633,0.022726982632850633,93
Factor_9,Methylation,cg01882471_meth,-0.022715488932111165,0.022715488932111165,94
Factor_9,Methylation,cg21608022_meth,-0.02268292552313447,0.02268292552313447,95
Factor_9,Methylation,cg16727027_meth,0.022679724434996988,0.022679724434996988,96
Factor_9,Methylation,cg07159518_meth,0.022678255067388547,0.022678255067388547,97
Factor_9,Methylation,cg11521979_meth,-0.02266403011841562,0.02266403011841562,98
Factor_9,Methylation,cg15461550_meth,0.02264748233946641,0.02264748233946641,99
Factor_9,Methylation,cg01051047_meth,-0.02262602471990095,0.02262602471990095,100
Factor_10,Methylation,cg13546538_meth,-0.056372996591229914,0.056372996591229914,1
Factor_10,Methylation,cg08577341_meth,0.052218734191670814,0.052218734191670814,2
Factor_10,Methylation,cg16170495_meth,0.05106602484861219,0.05106602484861219,3
Factor_10,Methylation,cg21843114_meth,-0.04648657121812221,0.04648657121812221,4
Factor_10,Methylation,cg21400344_meth,0.04493900025881566,0.04493900025881566,5
Factor_10,Methylation,cg07159518_meth,-0.044729982851356875,0.044729982851356875,6
Factor_10,Methylation,cg11963436_meth,-0.04334625783757666,0.04334625783757666,7
Factor_10,Methylation,cg11450715_meth,0.041840667165266486,0.041840667165266486,8
Factor_10,Methylation,cg12814147_meth,-0.04156718391859956,0.04156718391859956,9
Factor_10,Methylation,cg12949141_meth,-0.04143409260365485,0.04143409260365485,10
Factor_10,Methylation,cg20651758_meth,0.04134761359082502,0.04134761359082502,11
Factor_10,Methylation,cg02399570_meth,0.04061132521117103,0.04061132521117103,12
Factor_10,Methylation,cg18185028_meth,0.040548705453305856,0.040548705453305856,13
Factor_10,Methylation,cg22792862_meth,0.04044126386888729,0.04044126386888729,14
Factor_10,Methylation,cg10924806_meth,-0.04023061712123883,0.04023061712123883,15
Factor_10,Methylation,cg04856167_meth,-0.03975360306800484,0.03975360306800484,16
Factor_10,Methylation,cg15611556_meth,-0.039586545356709954,0.039586545356709954,17
Factor_10,Methylation,cg03243683_meth,-0.03958424314873952,0.03958424314873952,18
Factor_10,Methylation,cg19811337_meth,0.03945895342388751,0.03945895342388751,19
Factor_10,Methylation,cg13170468_meth,-0.03903633998506374,0.03903633998506374,20
Factor_10,Methylation,cg07979357_meth,0.039014496528420664,0.039014496528420664,21
Factor_10,Methylation,cg04800503_meth,0.03896895977639135,0.03896895977639135,22
Factor_10,Methylation,cg24958366_meth,-0.03835705557159813,0.03835705557159813,23
Factor_10,Methylation,cg17426923_meth,-0.038135352705607896,0.038135352705607896,24
Factor_10,Methylation,cg09011231_meth,0.037754907874539424,0.037754907874539424,25
Factor_10,Methylation,cg02759489_meth,0.03773066123114425,0.03773066123114425,26
Factor_10,Methylation,cg01246254_meth,0.03730507653338979,0.03730507653338979,27
Factor_10,Methylation,cg19462523_meth,0.03727167761158859,0.03727167761158859,28
Factor_10,Methylation,cg06872435_meth,-0.03722978309634664,0.03722978309634664,29
Factor_10,Methylation,cg08965527_meth,0.036969342814060314,0.036969342814060314,30
Factor_10,Methylation,cg18362448_meth,0.036849587089752646,0.036849587089752646,31
Factor_10,Methylation,cg02784696_meth,0.0368345105984655,0.0368345105984655,32
Factor_10,Methylation,cg07959380_meth,0.03677363190789193,0.03677363190789193,33
Factor_10,Methylation,cg14880282_meth,-0.03659676948041471,0.03659676948041471,34
Factor_10,Methylation,cg10143146_meth,0.03657826923752701,0.03657826923752701,35
Factor_10,Methylation,cg24376286_meth,-0.036547394321887736,0.036547394321887736,36
Factor_10,Methylation,cg16436509_meth,0.036500153847415166,0.036500153847415166,37
Factor_10,Methylation,cg01684248_meth,0.036308259477146825,0.036308259477146825,38
Factor_10,Methylation,cg21206285_meth,0.03604466477029843,0.03604466477029843,39
Factor_10,Methylation,cg10579408_meth,0.03598511238345547,0.03598511238345547,40
Factor_10,Methylation,cg25749165_meth,0.03570154620662614,0.03570154620662614,41
Factor_10,Methylation,cg01718231_meth,-0.035690102267875855,0.035690102267875855,42
Factor_10,Methylation,cg14520079_meth,-0.03531517132922879,0.03531517132922879,43
Factor_10,Methylation,cg14658493_meth,0.035087958550835054,0.035087958550835054,44
Factor_10,Methylation,cg26330063_meth,-0.03500346571067717,0.03500346571067717,45
Factor_10,Methylation,cg25418748_meth,0.03498473174959032,0.03498473174959032,46
Factor_10,Methylation,ch.4.3427878R_meth,0.03498166583253832,0.03498166583253832,47
Factor_10,Methylation,cg25009327_meth,-0.03470868389527418,0.03470868389527418,48
Factor_10,Methylation,cg26164151_meth,0.034561139430732045,0.034561139430732045,49
Factor_10,Methylation,cg00142402_meth,0.03450920992055013,0.03450920992055013,50
Factor_10,Methylation,cg12798564_meth,-0.03438738676648874,0.03438738676648874,51
Factor_10,Methylation,cg19233923_meth,0.034254686681753986,0.034254686681753986,52
Factor_10,Methylation,cg18153499_meth,0.03413827556906474,0.03413827556906474,53
Factor_10,Methylation,cg17811323_meth,-0.03399870705763685,0.03399870705763685,54
Factor_10,Methylation,cg13285009_meth,0.03378615627623136,0.03378615627623136,55
Factor_10,Methylation,cg23355997_meth,0.03373162601278641,0.03373162601278641,56
Factor_10,Methylation,cg09741592_meth,0.03357792978658271,0.03357792978658271,57
Factor_10,Methylation,cg16706631_meth,0.03356334971108108,0.03356334971108108,58
Factor_10,Methylation,cg24916116_meth,-0.03350511280199032,0.03350511280199032,59
Factor_10,Methylation,cg08229358_meth,0.033478838796480496,0.033478838796480496,60
Factor_10,Methylation,cg16342949_meth,0.03345508612738998,0.03345508612738998,61
Factor_10,Methylation,cg01355739_meth,0.03325495811807909,0.03325495811807909,62
Factor_10,Methylation,cg26399113_meth,0.033235278624987714,0.033235278624987714,63
Factor_10,Methylation,cg05619116_meth,0.03295105905379655,0.03295105905379655,64
Factor_10,Methylation,cg26928418_meth,0.03293021011717301,0.03293021011717301,65
Factor_10,Methylation,cg17241310_meth,0.03292837075800251,0.03292837075800251,66
Factor_10,Methylation,cg17123534_meth,0.03285064069821595,0.03285064069821595,67
Factor_10,Methylation,cg26597500_meth,0.03281664582630718,0.03281664582630718,68
Factor_10,Methylation,cg09047884_meth,0.0327884904454965,0.0327884904454965,69
Factor_10,Methylation,cg05508062_meth,-0.03276288028871489,0.03276288028871489,70
Factor_10,Methylation,cg17499729_meth,-0.03267903253317985,0.03267903253317985,71
Factor_10,Methylation,cg27248073_meth,0.032615158857558176,0.032615158857558176,72
Factor_10,Methylation,cg19242984_meth,0.032580039121865516,0.032580039121865516,73
Factor_10,Methylation,cg14502625_meth,-0.03251303117024832,0.03251303117024832,74
Factor_10,Methylation,cg17879804_meth,-0.032509437006760525,0.032509437006760525,75
Factor_10,Methylation,cg07562773_meth,0.03249181141248985,0.03249181141248985,76
Factor_10,Methylation,cg01509141_meth,0.03241034021490819,0.03241034021490819,77
Factor_10,Methylation,cg07661849_meth,-0.032367557834062984,0.032367557834062984,78
Factor_10,Methylation,cg22318514_meth,0.032244633044656926,0.032244633044656926,79
Factor_10,Methylation,cg00429618_meth,-0.032076651998309995,0.032076651998309995,80
Factor_10,Methylation,cg00236302_meth,0.03207023887964145,0.03207023887964145,81
Factor_10,Methylation,cg10503326_meth,0.031938592399588545,0.031938592399588545,82
Factor_10,Methylation,cg17373554_meth,0.031928908365075025,0.031928908365075025,83
Factor_10,Methylation,cg03216991_meth,0.03184512152504276,0.03184512152504276,84
Factor_10,Methylation,cg15897635_meth,-0.03184402294962641,0.03184402294962641,85
Factor_10,Methylation,cg25592918_meth,0.03171198600470947,0.03171198600470947,86
Factor_10,Methylation,cg14651518_meth,0.03168670426353162,0.03168670426353162,87
Factor_10,Methylation,cg25940730_meth,0.03164458385056934,0.03164458385056934,88
Factor_10,Methylation,cg18138400_meth,0.03140873370822991,0.03140873370822991,89
Factor_10,Methylation,cg17936867_meth,0.031395229908325835,0.031395229908325835,90
Factor_10,Methylation,cg00510787_meth,0.031239248718991076,0.031239248718991076,91
Factor_10,Methylation,cg08209724_meth,0.031212418116233487,0.031212418116233487,92
Factor_10,Methylation,cg26996874_meth,-0.031169924105695725,0.031169924105695725,93
Factor_10,Methylation,cg22256960_meth,0.031154216230335298,0.031154216230335298,94
Factor_10,Methylation,cg01900965_meth,0.031085147683424588,0.031085147683424588,95
Factor_10,Methylation,cg06102690_meth,0.03100416543350925,0.03100416543350925,96
Factor_10,Methylation,cg19105961_meth,0.03099897334603716,0.03099897334603716,97
Factor_10,Methylation,cg01696603_meth,-0.030964083250324806,0.030964083250324806,98
Factor_10,Methylation,cg04213700_meth,-0.03085214596464073,0.03085214596464073,99
Factor_10,Methylation,cg13896783_meth,0.03083140978477507,0.03083140978477507,100
Factor_11,Methylation,cg10422744_meth,-0.1676312050429798,0.1676312050429798,1
Factor_11,Methylation,cg23696472_meth,0.1668800531182926,0.1668800531182926,2
Factor_11,Methylation,cg11673471_meth,0.16455248154130944,0.16455248154130944,3
Factor_11,Methylation,cg01742836_meth,0.1630941083520584,0.1630941083520584,4
Factor_11,Methylation,cg21983484_meth,0.16120871371173026,0.16120871371173026,5
Factor_11,Methylation,cg09520212_meth,0.16069419130936594,0.16069419130936594,6
Factor_11,Methylation,cg13574945_meth,0.16016490495004734,0.16016490495004734,7
Factor_11,Methylation,cg08417382_meth,0.15882395887808556,0.15882395887808556,8
Factor_11,Methylation,cg16357225_meth,0.15849996251581844,0.15849996251581844,9
Factor_11,Methylation,cg22221554_meth,0.15763478578174345,0.15763478578174345,10
Factor_11,Methylation,cg13130271_meth,0.1572331547455356,0.1572331547455356,11
Factor_11,Methylation,cg13023833_meth,0.155638019547111,0.155638019547111,12
Factor_11,Methylation,cg26023405_meth,0.1556156849002953,0.1556156849002953,13
Factor_11,Methylation,cg24186901_meth,0.1548859722602727,0.1548859722602727,14
Factor_11,Methylation,cg08059778_meth,0.15344022010282563,0.15344022010282563,15
Factor_11,Methylation,cg12576145_meth,0.1522926002762846,0.1522926002762846,16
Factor_11,Methylation,cg20766178_meth,0.15161772994373693,0.15161772994373693,17
Factor_11,Methylation,cg05806018_meth,0.1510791834918109,0.1510791834918109,18
Factor_11,Methylation,cg05872808_meth,0.15067952232470574,0.15067952232470574,19
Factor_11,Methylation,cg25132467_meth,0.15061916406700898,0.15061916406700898,20
Factor_11,Methylation,cg12277627_meth,0.1505769016280414,0.1505769016280414,21
Factor_11,Methylation,cg15977272_meth,0.15046019331693194,0.15046019331693194,22
Factor_11,Methylation,cg21290550_meth,0.15035848125017276,0.15035848125017276,23
Factor_11,Methylation,cg20749341_meth,0.15005795744375028,0.15005795744375028,24
Factor_11,Methylation,cg26584339_meth,0.1500563907532333,0.1500563907532333,25
Factor_11,Methylation,cg16590821_meth,0.1500066914831789,0.1500066914831789,26
Factor_11,Methylation,cg20455959_meth,0.1491722230196539,0.1491722230196539,27
Factor_11,Methylation,cg13244998_meth,0.14731854070475184,0.14731854070475184,28
Factor_11,Methylation,cg07861180_meth,0.14704953322910622,0.14704953322910622,29
Factor_11,Methylation,cg01342901_meth,0.14663149761280625,0.14663149761280625,30
Factor_11,Methylation,cg09307104_meth,0.14610944319697425,0.14610944319697425,31
Factor_11,Methylation,cg08855111_meth,0.14599875138288607,0.14599875138288607,32
Factor_11,Methylation,cg06041068_meth,0.14543552467547144,0.14543552467547144,33
Factor_11,Methylation,cg00813156_meth,0.14542681270821567,0.14542681270821567,34
Factor_11,Methylation,cg11152253_meth,0.14536550740807577,0.14536550740807577,35
Factor_11,Methylation,cg20015269_meth,0.14529414954816383,0.14529414954816383,36
Factor_11,Methylation,cg04872051_meth,0.14517091430749995,0.14517091430749995,37
Factor_11,Methylation,cg00723973_meth,0.14497235358001667,0.14497235358001667,38
Factor_11,Methylation,cg08848711_meth,0.14457531204628618,0.14457531204628618,39
Factor_11,Methylation,cg24264679_meth,0.14451648439089712,0.14451648439089712,40
Factor_11,Methylation,cg03334316_meth,0.14443640882968883,0.14443640882968883,41
Factor_11,Methylation,cg12075609_meth,0.14431400472468403,0.14431400472468403,42
Factor_11,Methylation,cg25206026_meth,0.1435584043327206,0.1435584043327206,43
Factor_11,Methylation,cg12413138_meth,0.14337889412320565,0.14337889412320565,44
Factor_11,Methylation,cg26439324_meth,0.14286861673493786,0.14286861673493786,45
Factor_11,Methylation,cg07912337_meth,0.14283976424279668,0.14283976424279668,46
Factor_11,Methylation,cg15165114_meth,0.14263061990774245,0.14263061990774245,47
Factor_11,Methylation,cg15693668_meth,0.14238749315451607,0.14238749315451607,48
Factor_11,Methylation,cg10717149_meth,0.14180718426333105,0.14180718426333105,49
Factor_11,Methylation,cg23685102_meth,0.1418013451696615,0.1418013451696615,50
Factor_11,Methylation,cg16488754_meth,0.14165505517647936,0.14165505517647936,51
Factor_11,Methylation,cg09514431_meth,0.1413370099493441,0.1413370099493441,52
Factor_11,Methylation,cg20439892_meth,0.14124780339121806,0.14124780339121806,53
Factor_11,Methylation,cg02195366_meth,0.1409899544844992,0.1409899544844992,54
Factor_11,Methylation,cg16221895_meth,0.14096022260382973,0.14096022260382973,55
Factor_11,Methylation,cg27501007_meth,0.1408832670986142,0.1408832670986142,56
Factor_11,Methylation,cg10991108_meth,0.14037625230723258,0.14037625230723258,57
Factor_11,Methylation,cg08782677_meth,0.14017181134334025,0.14017181134334025,58
Factor_11,Methylation,cg02333283_meth,0.1399750675207429,0.1399750675207429,59
Factor_11,Methylation,cg07648454_meth,0.13996134816186429,0.13996134816186429,60
Factor_11,Methylation,cg16723510_meth,0.13976178433070563,0.13976178433070563,61
Factor_11,Methylation,cg18998000_meth,0.139718936724505,0.139718936724505,62
Factor_11,Methylation,cg02869694_meth,0.13971329217755024,0.13971329217755024,63
Factor_11,Methylation,cg23554546_meth,0.139650644158534,0.139650644158534,64
Factor_11,Methylation,cg04960964_meth,0.1396111118366642,0.1396111118366642,65
Factor_11,Methylation,cg22776211_meth,0.13945843200656768,0.13945843200656768,66
Factor_11,Methylation,cg26505478_meth,0.13931854075228575,0.13931854075228575,67
Factor_11,Methylation,cg09016243_meth,0.13931135241547235,0.13931135241547235,68
Factor_11,Methylation,cg14191108_meth,0.13888411266350062,0.13888411266350062,69
Factor_11,Methylation,cg18932686_meth,0.13887833290751136,0.13887833290751136,70
Factor_11,Methylation,cg08405463_meth,0.13850727113708827,0.13850727113708827,71
Factor_11,Methylation,cg07446674_meth,0.13831405165535218,0.13831405165535218,72
Factor_11,Methylation,cg23493872_meth,0.13818160146384426,0.13818160146384426,73
Factor_11,Methylation,cg17547524_meth,0.1380971444754998,0.1380971444754998,74
Factor_11,Methylation,cg23429746_meth,0.13809342157878432,0.13809342157878432,75
Factor_11,Methylation,cg15565409_meth,0.1378842362825814,0.1378842362825814,76
Factor_11,Methylation,cg10860619_meth,0.137792456743003,0.137792456743003,77
Factor_11,Methylation,cg05374090_meth,0.13730969336307525,0.13730969336307525,78
Factor_11,Methylation,cg17399684_meth,0.1368748253220696,0.1368748253220696,79
Factor_11,Methylation,cg05534333_meth,0.13685169077094128,0.13685169077094128,80
Factor_11,Methylation,cg13649400_meth,0.13658511089553643,0.13658511089553643,81
Factor_11,Methylation,cg07826058_meth,0.13656455005092705,0.13656455005092705,82
Factor_11,Methylation,cg08479532_meth,0.1365293017645218,0.1365293017645218,83
Factor_11,Methylation,cg00337921_meth,0.13647084059241357,0.13647084059241357,84
Factor_11,Methylation,cg00227584_meth,0.13647003541863711,0.13647003541863711,85
Factor_11,Methylation,cg24479484_meth,0.13638304265499315,0.13638304265499315,86
Factor_11,Methylation,cg24818939_meth,0.1358664820289178,0.1358664820289178,87
Factor_11,Methylation,cg18140045_meth,0.13586200249565858,0.13586200249565858,88
Factor_11,Methylation,cg17800714_meth,0.13585603345950234,0.13585603345950234,89
Factor_11,Methylation,cg23712855_meth,0.13583998042049492,0.13583998042049492,90
Factor_11,Methylation,cg01869765_meth,0.135754271982953,0.135754271982953,91
Factor_11,Methylation,cg00112256_meth,0.13545830742401654,0.13545830742401654,92
Factor_11,Methylation,cg09310980_meth,0.13544821257817846,0.13544821257817846,93
Factor_11,Methylation,cg27501723_meth,0.13542766732077485,0.13542766732077485,94
Factor_11,Methylation,cg06510592_meth,0.1353328983807825,0.1353328983807825,95
Factor_11,Methylation,cg04317640_meth,0.13532848491698357,0.13532848491698357,96
Factor_11,Methylation,cg23121114_meth,0.1352747648347032,0.1352747648347032,97
Factor_11,Methylation,cg00114625_meth,0.13504166949114027,0.13504166949114027,98
Factor_11,Methylation,cg03773146_meth,0.13489970130483891,0.13489970130483891,99
Factor_11,Methylation,cg07674503_meth,0.13485686998695764,0.13485686998695764,100
Factor_12,Methylation,cg14502625_meth,0.6090608668474206,0.6090608668474206,1
Factor_12,Methylation,cg15577287_meth,0.5998279435783329,0.5998279435783329,2
Factor_12,Methylation,cg00563768_meth,0.5524676750756774,0.5524676750756774,3
Factor_12,Methylation,cg07369507_meth,-0.541664293409324,0.541664293409324,4
Factor_12,Methylation,cg18746371_meth,0.5213090469410582,0.5213090469410582,5
Factor_12,Methylation,cg01668907_meth,0.5205282481998905,0.5205282481998905,6
Factor_12,Methylation,cg16435601_meth,-0.5112985079498789,0.5112985079498789,7
Factor_12,Methylation,cg14115740_meth,0.4997794695059462,0.4997794695059462,8
Factor_12,Methylation,cg01262337_meth,0.4945221589518445,0.4945221589518445,9
Factor_12,Methylation,cg24886033_meth,0.4810298874100496,0.4810298874100496,10
Factor_12,Methylation,ch.22.363412F_meth,0.4796873391666928,0.4796873391666928,11
Factor_12,Methylation,cg00350932_meth,-0.4791625024148843,0.4791625024148843,12
Factor_12,Methylation,cg13491045_meth,-0.4775504117382207,0.4775504117382207,13
Factor_12,Methylation,cg10323490_meth,0.47712560218209776,0.47712560218209776,14
Factor_12,Methylation,cg10735211_meth,0.47689349859813185,0.47689349859813185,15
Factor_12,Methylation,cg03395546_meth,-0.47641584287386585,0.47641584287386585,16
Factor_12,Methylation,cg03144560_meth,-0.47484533050203404,0.47484533050203404,17
Factor_12,Methylation,cg09182724_meth,0.4746564601268535,0.4746564601268535,18
Factor_12,Methylation,cg00832928_meth,0.47435434420872113,0.47435434420872113,19
Factor_12,Methylation,cg09959495_meth,0.4718703547754954,0.4718703547754954,20
Factor_12,Methylation,cg08365438_meth,0.46908421390911254,0.46908421390911254,21
Factor_12,Methylation,cg13977158_meth,0.46832844372233595,0.46832844372233595,22
Factor_12,Methylation,cg18803079_meth,0.46677543472857197,0.46677543472857197,23
Factor_12,Methylation,cg05190557_meth,0.4666128456844645,0.4666128456844645,24
Factor_12,Methylation,cg16752652_meth,0.4658604134219716,0.4658604134219716,25
Factor_12,Methylation,cg24568548_meth,0.4657320045460833,0.4657320045460833,26
Factor_12,Methylation,cg04424052_meth,0.46530125572746023,0.46530125572746023,27
Factor_12,Methylation,cg20430870_meth,0.4651480322645657,0.4651480322645657,28
Factor_12,Methylation,cg18420790_meth,0.4645429372923107,0.4645429372923107,29
Factor_12,Methylation,cg12050434_meth,0.46193990847381355,0.46193990847381355,30
Factor_12,Methylation,cg14293898_meth,0.4618914815155566,0.4618914815155566,31
Factor_12,Methylation,cg02544571_meth,0.46186749926754067,0.46186749926754067,32
Factor_12,Methylation,cg00733288_meth,0.4610499213354817,0.4610499213354817,33
Factor_12,Methylation,cg06830724_meth,-0.4584719680353978,0.4584719680353978,34
Factor_12,Methylation,cg20368377_meth,0.4583536300471496,0.4583536300471496,35
Factor_12,Methylation,cg22561380_meth,0.4567639480870533,0.4567639480870533,36
Factor_12,Methylation,cg27556136_meth,0.45639076835001235,0.45639076835001235,37
Factor_12,Methylation,cg03218019_meth,0.4532578636962829,0.4532578636962829,38
Factor_12,Methylation,cg16510040_meth,-0.45138140097399876,0.45138140097399876,39
Factor_12,Methylation,cg10155725_meth,0.4490123889893679,0.4490123889893679,40
Factor_12,Methylation,cg20592700_meth,-0.44834650981715635,0.44834650981715635,41
Factor_12,Methylation,cg14094333_meth,-0.4480789250578092,0.4480789250578092,42
Factor_12,Methylation,cg25650185_meth,-0.4477742660950293,0.4477742660950293,43
Factor_12,Methylation,cg09799789_meth,0.44735333537694405,0.44735333537694405,44
Factor_12,Methylation,cg06774797_meth,0.44674824312138817,0.44674824312138817,45
Factor_12,Methylation,cg00090782_meth,-0.44539672767261634,0.44539672767261634,46
Factor_12,Methylation,cg09765074_meth,0.4451402188159586,0.4451402188159586,47
Factor_12,Methylation,cg09527301_meth,0.4449897127714224,0.4449897127714224,48
Factor_12,Methylation,cg17187559_meth,0.4429683784394937,0.4429683784394937,49
Factor_12,Methylation,cg11223184_meth,-0.44266125668102463,0.44266125668102463,50
Factor_12,Methylation,cg17023395_meth,-0.4389273832206915,0.4389273832206915,51
Factor_12,Methylation,cg24704015_meth,-0.43868190095794174,0.43868190095794174,52
Factor_12,Methylation,cg03330022_meth,0.43813861173496166,0.43813861173496166,53
Factor_12,Methylation,cg08849049_meth,0.4375648544250622,0.4375648544250622,54
Factor_12,Methylation,cg25373372_meth,0.4375339215987416,0.4375339215987416,55
Factor_12,Methylation,cg14018420_meth,-0.43716519196989423,0.43716519196989423,56
Factor_12,Methylation,cg25971741_meth,0.43716400761363633,0.43716400761363633,57
Factor_12,Methylation,cg16500605_meth,-0.4361808330095932,0.4361808330095932,58
Factor_12,Methylation,cg14128259_meth,0.43523292906476796,0.43523292906476796,59
Factor_12,Methylation,cg02989828_meth,0.4348675830404451,0.4348675830404451,60
Factor_12,Methylation,cg10341310_meth,0.43344260544246,0.43344260544246,61
Factor_12,Methylation,cg22087953_meth,0.43233496062024057,0.43233496062024057,62
Factor_12,Methylation,cg07501337_meth,-0.4322790700682925,0.4322790700682925,63
Factor_12,Methylation,cg14559409_meth,0.4322116635049942,0.4322116635049942,64
Factor_12,Methylation,cg06197574_meth,0.4290985685498159,0.4290985685498159,65
Factor_12,Methylation,cg10044516_meth,0.4287467733006494,0.4287467733006494,66
Factor_12,Methylation,cg10967735_meth,0.42716224793931684,0.42716224793931684,67
Factor_12,Methylation,cg17361593_meth,0.42700254852118863,0.42700254852118863,68
Factor_12,Methylation,cg03573455_meth,0.42599743887741126,0.42599743887741126,69
Factor_12,Methylation,cg07562773_meth,-0.42264461186626057,0.42264461186626057,70
Factor_12,Methylation,cg22918356_meth,0.42245742853279916,0.42245742853279916,71
Factor_12,Methylation,cg26967272_meth,-0.4222700006948044,0.4222700006948044,72
Factor_12,Methylation,cg09499248_meth,0.42172880701268345,0.42172880701268345,73
Factor_12,Methylation,cg10475689_meth,0.4208904411091058,0.4208904411091058,74
Factor_12,Methylation,cg17964505_meth,0.4206077604611881,0.4206077604611881,75
Factor_12,Methylation,cg05893889_meth,0.4205327440673165,0.4205327440673165,76
Factor_12,Methylation,cg24108215_meth,0.41931792498877085,0.41931792498877085,77
Factor_12,Methylation,cg15465300_meth,0.4189730917261234,0.4189730917261234,78
Factor_12,Methylation,cg12968518_meth,0.4180604506595208,0.4180604506595208,79
Factor_12,Methylation,cg01593421_meth,0.4173336347320034,0.4173336347320034,80
Factor_12,Methylation,cg01488674_meth,-0.4172473195851004,0.4172473195851004,81
Factor_12,Methylation,cg10320265_meth,0.41645438820575675,0.41645438820575675,82
Factor_12,Methylation,cg04875977_meth,-0.41622905859326687,0.41622905859326687,83
Factor_12,Methylation,cg24962978_meth,0.41599393293126297,0.41599393293126297,84
Factor_12,Methylation,ch.1.1604750R_meth,0.41550283190268195,0.41550283190268195,85
Factor_12,Methylation,cg10695761_meth,0.41505224132918467,0.41505224132918467,86
Factor_12,Methylation,cg05706624_meth,0.4137278125993203,0.4137278125993203,87
Factor_12,Methylation,cg03287527_meth,0.4133361973979354,0.4133361973979354,88
Factor_12,Methylation,cg17170942_meth,0.41257374783664963,0.41257374783664963,89
Factor_12,Methylation,cg17213381_meth,-0.41226667235786896,0.41226667235786896,90
Factor_12,Methylation,cg05909891_meth,0.4121062186925646,0.4121062186925646,91
Factor_12,Methylation,cg11963436_meth,0.4120894827561348,0.4120894827561348,92
Factor_12,Methylation,ch.9.2473665R_meth,0.41188570581025513,0.41188570581025513,93
Factor_12,Methylation,cg15491540_meth,0.41029608173828286,0.41029608173828286,94
Factor_12,Methylation,cg08533403_meth,0.4099982405933302,0.4099982405933302,95
Factor_12,Methylation,cg10746778_meth,0.40980847495263883,0.40980847495263883,96
Factor_12,Methylation,cg01887804_meth,0.40940455815240917,0.40940455815240917,97
Factor_12,Methylation,cg15112923_meth,0.40939227096200576,0.40939227096200576,98
Factor_12,Methylation,cg12938017_meth,0.4093355083441889,0.4093355083441889,99
Factor_12,Methylation,cg25379161_meth,0.40874102944129587,0.40874102944129587,100
Factor_13,Methylation,cg10422744_meth,-0.19637421401201324,0.19637421401201324,1
Factor_13,Methylation,cg01742836_meth,0.18765521696076026,0.18765521696076026,2
Factor_13,Methylation,cg11673471_meth,0.18445937566260126,0.18445937566260126,3
Factor_13,Methylation,cg13574945_meth,0.1844248401387829,0.1844248401387829,4
Factor_13,Methylation,cg23696472_meth,0.18424811822580334,0.18424811822580334,5
Factor_13,Methylation,cg24186901_meth,0.17873503211716427,0.17873503211716427,6
Factor_13,Methylation,cg26023405_meth,0.17721982550653897,0.17721982550653897,7
Factor_13,Methylation,cg13023833_meth,0.1747528450577351,0.1747528450577351,8
Factor_13,Methylation,cg26584339_meth,0.1747458278054697,0.1747458278054697,9
Factor_13,Methylation,cg20766178_meth,0.17450051057125787,0.17450051057125787,10
Factor_13,Methylation,cg13130271_meth,0.17425298714057952,0.17425298714057952,11
Factor_13,Methylation,cg07861180_meth,0.1740225355313778,0.1740225355313778,12
Factor_13,Methylation,cg08059778_meth,0.17181449073995217,0.17181449073995217,13
Factor_13,Methylation,cg23685102_meth,0.17043979017488703,0.17043979017488703,14
Factor_13,Methylation,cg22221554_meth,0.17039025547848857,0.17039025547848857,15
Factor_13,Methylation,cg20455959_meth,0.1699495727084781,0.1699495727084781,16
Factor_13,Methylation,cg21983484_meth,0.16949897445719153,0.16949897445719153,17
Factor_13,Methylation,cg05806018_meth,0.16924418318610443,0.16924418318610443,18
Factor_13,Methylation,cg20015269_meth,0.1688758201164765,0.1688758201164765,19
Factor_13,Methylation,cg13244998_meth,0.1686950439561389,0.1686950439561389,20
Factor_13,Methylation,cg21290550_meth,0.16716979157234213,0.16716979157234213,21
Factor_13,Methylation,cg16590821_meth,0.1671035540610704,0.1671035540610704,22
Factor_13,Methylation,cg15977272_meth,0.16706215395506477,0.16706215395506477,23
Factor_13,Methylation,cg06779802_meth,0.1662675202070122,0.1662675202070122,24
Factor_13,Methylation,cg25132467_meth,0.16585989529426587,0.16585989529426587,25
Factor_13,Methylation,cg24264679_meth,0.16439622829359324,0.16439622829359324,26
Factor_13,Methylation,cg11152253_meth,0.16377025705026632,0.16377025705026632,27
Factor_13,Methylation,cg09307104_meth,0.16368428538358742,0.16368428538358742,28
Factor_13,Methylation,cg12277627_meth,0.16363500096236358,0.16363500096236358,29
Factor_13,Methylation,cg23429746_meth,0.16339450332675867,0.16339450332675867,30
Factor_13,Methylation,cg06041068_meth,0.16293334018549915,0.16293334018549915,31
Factor_13,Methylation,cg15165114_meth,0.162689052514555,0.162689052514555,32
Factor_13,Methylation,cg16221895_meth,0.1623401264234955,0.1623401264234955,33
Factor_13,Methylation,cg12075609_meth,0.16229070600801587,0.16229070600801587,34
Factor_13,Methylation,cg18998000_meth,0.1621675949990181,0.1621675949990181,35
Factor_13,Methylation,cg25206026_meth,0.16204431450700907,0.16204431450700907,36
Factor_13,Methylation,cg16357225_meth,0.16199108697872952,0.16199108697872952,37
Factor_13,Methylation,cg00813156_meth,0.1618094067793187,0.1618094067793187,38
Factor_13,Methylation,cg22776211_meth,0.1617465745009619,0.1617465745009619,39
Factor_13,Methylation,cg10991108_meth,0.16164053093589947,0.16164053093589947,40
Factor_13,Methylation,cg23493872_meth,0.16154971542290825,0.16154971542290825,41
Factor_13,Methylation,cg20439892_meth,0.16134697268565354,0.16134697268565354,42
Factor_13,Methylation,cg27501007_meth,0.16123576102707457,0.16123576102707457,43
Factor_13,Methylation,cg02195366_meth,0.1608586654763642,0.1608586654763642,44
Factor_13,Methylation,cg07446674_meth,0.16074750417329592,0.16074750417329592,45
Factor_13,Methylation,cg09514431_meth,0.16037295741466545,0.16037295741466545,46
Factor_13,Methylation,cg12576145_meth,0.16028155624795437,0.16028155624795437,47
Factor_13,Methylation,cg20749341_meth,0.16022942901669304,0.16022942901669304,48
Factor_13,Methylation,cg16488754_meth,0.1599784985137589,0.1599784985137589,49
Factor_13,Methylation,cg02869694_meth,0.15994255131639024,0.15994255131639024,50
Factor_13,Methylation,cg15199886_meth,0.1594488277700912,0.1594488277700912,51
Factor_13,Methylation,cg10717149_meth,0.1593333045340508,0.1593333045340508,52
Factor_13,Methylation,cg14191108_meth,0.1591023550292349,0.1591023550292349,53
Factor_13,Methylation,cg09016243_meth,0.1590697190298242,0.1590697190298242,54
Factor_13,Methylation,cg03334316_meth,0.15866584072861206,0.15866584072861206,55
Factor_13,Methylation,cg07912337_meth,0.15850984263018636,0.15850984263018636,56
Factor_13,Methylation,cg01342901_meth,0.15842470083469604,0.15842470083469604,57
Factor_13,Methylation,cg18932686_meth,0.15840929232190007,0.15840929232190007,58
Factor_13,Methylation,cg02333283_meth,0.15794750710359629,0.15794750710359629,59
Factor_13,Methylation,cg12413138_meth,0.15793192415201457,0.15793192415201457,60
Factor_13,Methylation,cg05374090_meth,0.1575027388834412,0.1575027388834412,61
Factor_13,Methylation,cg25888700_meth,0.15696746665777042,0.15696746665777042,62
Factor_13,Methylation,cg10860619_meth,0.15678201963102645,0.15678201963102645,63
Factor_13,Methylation,cg03773146_meth,0.15644816645016565,0.15644816645016565,64
Factor_13,Methylation,cg07648454_meth,0.1562450040902793,0.1562450040902793,65
Factor_13,Methylation,cg21016188_meth,0.15606433311128998,0.15606433311128998,66
Factor_13,Methylation,cg09520212_meth,0.1560466581620295,0.1560466581620295,67
Factor_13,Methylation,cg15565409_meth,0.15598691224485356,0.15598691224485356,68
Factor_13,Methylation,cg08855111_meth,0.15591581742963997,0.15591581742963997,69
Factor_13,Methylation,cg06510592_meth,0.1558395833334578,0.1558395833334578,70
Factor_13,Methylation,cg27501723_meth,0.15572508415498046,0.15572508415498046,71
Factor_13,Methylation,cg26505478_meth,0.15572410006915816,0.15572410006915816,72
Factor_13,Methylation,cg00112256_meth,0.15563915701051007,0.15563915701051007,73
Factor_13,Methylation,cg13649400_meth,0.15556201374875991,0.15556201374875991,74
Factor_13,Methylation,cg08282969_meth,0.15534641580215428,0.15534641580215428,75
Factor_13,Methylation,cg23121114_meth,0.1552429707822056,0.1552429707822056,76
Factor_13,Methylation,cg17399684_meth,0.1551756414003981,0.1551756414003981,77
Factor_13,Methylation,cg08479532_meth,0.15503474466025707,0.15503474466025707,78
Factor_13,Methylation,cg00114625_meth,0.15476309837091307,0.15476309837091307,79
Factor_13,Methylation,cg08417382_meth,0.15468300368471,0.15468300368471,80
Factor_13,Methylation,cg05872808_meth,0.15467039072374694,0.15467039072374694,81
Factor_13,Methylation,cg05534333_meth,0.1546131808848953,0.1546131808848953,82
Factor_13,Methylation,cg09310980_meth,0.15458342985279105,0.15458342985279105,83
Factor_13,Methylation,cg23251359_meth,0.15427977445230018,0.15427977445230018,84
Factor_13,Methylation,cg12935118_meth,0.15374225858259533,0.15374225858259533,85
Factor_13,Methylation,cg04317640_meth,0.1535771806596171,0.1535771806596171,86
Factor_13,Methylation,cg02615131_meth,0.15319250186349262,0.15319250186349262,87
Factor_13,Methylation,cg13797960_meth,0.15307889322717824,0.15307889322717824,88
Factor_13,Methylation,cg15693668_meth,0.15279928195464867,0.15279928195464867,89
Factor_13,Methylation,cg13203541_meth,0.1525706687518648,0.1525706687518648,90
Factor_13,Methylation,cg23712855_meth,0.15254950991310812,0.15254950991310812,91
Factor_13,Methylation,cg24479484_meth,0.1525465499248383,0.1525465499248383,92
Factor_13,Methylation,cg26777760_meth,0.15235314075195522,0.15235314075195522,93
Factor_13,Methylation,cg18107314_meth,0.15229786789334612,0.15229786789334612,94
Factor_13,Methylation,cg26439324_meth,0.15226527261509326,0.15226527261509326,95
Factor_13,Methylation,cg07674503_meth,0.15216438565620666,0.15216438565620666,96
Factor_13,Methylation,cg06334238_meth,0.1520691061220956,0.1520691061220956,97
Factor_13,Methylation,cg19992190_meth,0.1520632062072459,0.1520632062072459,98
Factor_13,Methylation,cg01869765_meth,0.1517949485054134,0.1517949485054134,99
Factor_13,Methylation,cg05799859_meth,0.15178144072397035,0.15178144072397035,100
Factor_14,Methylation,cg22000472_meth,-0.05384513591594896,0.05384513591594896,1
Factor_14,Methylation,cg13170468_meth,-0.04886525401906897,0.04886525401906897,2
Factor_14,Methylation,cg27278961_meth,-0.04781109729135361,0.04781109729135361,3
Factor_14,Methylation,cg10578782_meth,-0.047128122172225756,0.047128122172225756,4
Factor_14,Methylation,cg14495033_meth,-0.04663913734109463,0.04663913734109463,5
Factor_14,Methylation,cg16056044_meth,-0.04542379553313269,0.04542379553313269,6
Factor_14,Methylation,cg04245630_meth,-0.04374549012187953,0.04374549012187953,7
Factor_14,Methylation,cg03257293_meth,-0.04357290968403455,0.04357290968403455,8
Factor_14,Methylation,cg26571535_meth,-0.043238972913112045,0.043238972913112045,9
Factor_14,Methylation,cg23599860_meth,-0.04309586757930783,0.04309586757930783,10
Factor_14,Methylation,cg18542842_meth,-0.04246062110504656,0.04246062110504656,11
Factor_14,Methylation,cg11867084_meth,-0.04221409614262534,0.04221409614262534,12
Factor_14,Methylation,cg11793005_meth,-0.042208315947281055,0.042208315947281055,13
Factor_14,Methylation,cg00839642_meth,-0.04219725866542673,0.04219725866542673,14
Factor_14,Methylation,cg09443479_meth,-0.04197605431422333,0.04197605431422333,15
Factor_14,Methylation,cg12850396_meth,-0.04187015666333003,0.04187015666333003,16
Factor_14,Methylation,cg24512794_meth,-0.04177677664453429,0.04177677664453429,17
Factor_14,Methylation,cg07346171_meth,-0.041631635682639334,0.041631635682639334,18
Factor_14,Methylation,cg08693082_meth,-0.041568991249063304,0.041568991249063304,19
Factor_14,Methylation,cg23186333_meth,-0.04120277686457575,0.04120277686457575,20
Factor_14,Methylation,cg22756211_meth,-0.04116575569166435,0.04116575569166435,21
Factor_14,Methylation,cg14608230_meth,-0.041088621724298065,0.041088621724298065,22
Factor_14,Methylation,cg07519218_meth,-0.041007371984887124,0.041007371984887124,23
Factor_14,Methylation,cg15553612_meth,-0.04097136091087596,0.04097136091087596,24
Factor_14,Methylation,cg00321286_meth,-0.04089839052215219,0.04089839052215219,25
Factor_14,Methylation,cg00074313_meth,-0.04088005535470866,0.04088005535470866,26
Factor_14,Methylation,cg16589843_meth,-0.04083243215891435,0.04083243215891435,27
Factor_14,Methylation,cg17665601_meth,-0.040805325621883465,0.040805325621883465,28
Factor_14,Methylation,cg27495636_meth,-0.04079117306571747,0.04079117306571747,29
Factor_14,Methylation,cg26847747_meth,-0.04057160353037883,0.04057160353037883,30
Factor_14,Methylation,cg11639615_meth,-0.04051820114623061,0.04051820114623061,31
Factor_14,Methylation,cg13331610_meth,-0.040476518816812114,0.040476518816812114,32
Factor_14,Methylation,cg10550416_meth,-0.040462755739014096,0.040462755739014096,33
Factor_14,Methylation,cg23334507_meth,-0.040430507215350145,0.040430507215350145,34
Factor_14,Methylation,cg16531222_meth,-0.04039263665866612,0.04039263665866612,35
Factor_14,Methylation,cg21657334_meth,-0.04038483571380254,0.04038483571380254,36
Factor_14,Methylation,cg06047130_meth,-0.04031908315156715,0.04031908315156715,37
Factor_14,Methylation,cg06977186_meth,-0.040251862316768416,0.040251862316768416,38
Factor_14,Methylation,cg05515866_meth,-0.040221689847691894,0.040221689847691894,39
Factor_14,Methylation,cg06816239_meth,-0.04018897642274431,0.04018897642274431,40
Factor_14,Methylation,cg01298374_meth,-0.04016726220900159,0.04016726220900159,41
Factor_14,Methylation,cg12141746_meth,-0.04016084867848225,0.04016084867848225,42
Factor_14,Methylation,cg26594205_meth,-0.040149303672931715,0.040149303672931715,43
Factor_14,Methylation,cg15448683_meth,-0.04011797688916373,0.04011797688916373,44
Factor_14,Methylation,cg19773547_meth,-0.040117454102186964,0.040117454102186964,45
Factor_14,Methylation,cg08566056_meth,-0.03985832852302358,0.03985832852302358,46
Factor_14,Methylation,cg26502514_meth,-0.03979892834695593,0.03979892834695593,47
Factor_14,Methylation,cg15897613_meth,-0.0397678032610575,0.0397678032610575,48
Factor_14,Methylation,cg03676569_meth,-0.039709970298486816,0.039709970298486816,49
Factor_14,Methylation,cg08672203_meth,-0.03956604123123216,0.03956604123123216,50
Factor_14,Methylation,cg03928247_meth,-0.039559969579609854,0.039559969579609854,51
Factor_14,Methylation,cg10440342_meth,-0.03952519850917693,0.03952519850917693,52
Factor_14,Methylation,cg02375313_meth,-0.03949889354729113,0.03949889354729113,53
Factor_14,Methylation,cg24720446_meth,-0.039482180981855006,0.039482180981855006,54
Factor_14,Methylation,cg03137700_meth,-0.03947950241839585,0.03947950241839585,55
Factor_14,Methylation,cg24669602_meth,0.03946030063595103,0.03946030063595103,56
Factor_14,Methylation,cg20088477_meth,-0.03944634192707539,0.03944634192707539,57
Factor_14,Methylation,cg21793358_meth,-0.0394169639570045,0.0394169639570045,58
Factor_14,Methylation,cg11689700_meth,-0.039392434500828945,0.039392434500828945,59
Factor_14,Methylation,cg04249993_meth,-0.039334811703231,0.039334811703231,60
Factor_14,Methylation,cg04903439_meth,-0.03932717994557403,0.03932717994557403,61
Factor_14,Methylation,cg15359342_meth,-0.039272846670757706,0.039272846670757706,62
Factor_14,Methylation,cg08069338_meth,-0.03927271160166899,0.03927271160166899,63
Factor_14,Methylation,cg06838028_meth,-0.0392487752467102,0.0392487752467102,64
Factor_14,Methylation,cg23374834_meth,-0.039216243889995256,0.039216243889995256,65
Factor_14,Methylation,cg20461691_meth,-0.03917190344758373,0.03917190344758373,66
Factor_14,Methylation,cg06931405_meth,-0.03912174423077419,0.03912174423077419,67
Factor_14,Methylation,cg26428191_meth,-0.039026573670490325,0.039026573670490325,68
Factor_14,Methylation,cg18189236_meth,-0.03901424252937567,0.03901424252937567,69
Factor_14,Methylation,cg25009327_meth,-0.03894177663282875,0.03894177663282875,70
Factor_14,Methylation,cg21114407_meth,-0.03892681194341912,0.03892681194341912,71
Factor_14,Methylation,cg22995488_meth,-0.03892565746267858,0.03892565746267858,72
Factor_14,Methylation,cg05767035_meth,-0.038865615048457036,0.038865615048457036,73
Factor_14,Methylation,cg04981439_meth,-0.03885949775469808,0.03885949775469808,74
Factor_14,Methylation,cg27249554_meth,-0.03885012829756249,0.03885012829756249,75
Factor_14,Methylation,cg22368976_meth,-0.038845609769942585,0.038845609769942585,76
Factor_14,Methylation,cg18356448_meth,-0.03877444887926446,0.03877444887926446,77
Factor_14,Methylation,cg17685099_meth,-0.03875521864734065,0.03875521864734065,78
Factor_14,Methylation,cg13503179_meth,-0.038705228088330455,0.038705228088330455,79
Factor_14,Methylation,cg23912098_meth,-0.038699594754832825,0.038699594754832825,80
Factor_14,Methylation,cg14878279_meth,-0.03866662644628099,0.03866662644628099,81
Factor_14,Methylation,cg14660032_meth,-0.03864892448646668,0.03864892448646668,82
Factor_14,Methylation,cg05376756_meth,-0.038642128320380935,0.038642128320380935,83
Factor_14,Methylation,cg23245898_meth,-0.03860098088405429,0.03860098088405429,84
Factor_14,Methylation,cg11542316_meth,-0.03859858803051831,0.03859858803051831,85
Factor_14,Methylation,cg20332865_meth,-0.03857554624713804,0.03857554624713804,86
Factor_14,Methylation,cg11268321_meth,-0.03855961798972821,0.03855961798972821,87
Factor_14,Methylation,cg12094942_meth,-0.03854320389035618,0.03854320389035618,88
Factor_14,Methylation,cg24461742_meth,-0.038517741783550816,0.038517741783550816,89
Factor_14,Methylation,cg21183389_meth,-0.038447074634410106,0.038447074634410106,90
Factor_14,Methylation,cg16524570_meth,-0.038426419692352325,0.038426419692352325,91
Factor_14,Methylation,cg21592087_meth,-0.03838576413635508,0.03838576413635508,92
Factor_14,Methylation,cg21398186_meth,-0.03836375694698802,0.03836375694698802,93
Factor_14,Methylation,cg22887467_meth,-0.038346355265968315,0.038346355265968315,94
Factor_14,Methylation,cg02767240_meth,-0.03830018614958451,0.03830018614958451,95
Factor_14,Methylation,cg22769890_meth,-0.038275936599837475,0.038275936599837475,96
Factor_14,Methylation,cg20043202_meth,-0.03825153364672095,0.03825153364672095,97
Factor_14,Methylation,cg23234756_meth,-0.0382487612428187,0.0382487612428187,98
Factor_14,Methylation,cg26363955_meth,-0.03823655979833876,0.03823655979833876,99
Factor_14,Methylation,cg15521003_meth,-0.03819739167364074,0.03819739167364074,100
Factor_15,Methylation,cg10422744_meth,0.18843407903158751,0.18843407903158751,1
Factor_15,Methylation,cg23696472_meth,-0.18803265300701288,0.18803265300701288,2
Factor_15,Methylation,cg11673471_meth,-0.1868926861062883,0.1868926861062883,3
Factor_15,Methylation,cg01742836_meth,-0.18618969214860762,0.18618969214860762,4
Factor_15,Methylation,cg13574945_meth,-0.18461725023882125,0.18461725023882125,5
Factor_15,Methylation,cg21983484_meth,-0.18177659917667452,0.18177659917667452,6
Factor_15,Methylation,cg26023405_meth,-0.18052092898998223,0.18052092898998223,7
Factor_15,Methylation,cg22221554_meth,-0.18037514595205872,0.18037514595205872,8
Factor_15,Methylation,cg13023833_meth,-0.17813962744045606,0.17813962744045606,9
Factor_15,Methylation,cg24186901_meth,-0.1778078706103286,0.1778078706103286,10
Factor_15,Methylation,cg26584339_meth,-0.17778313324051373,0.17778313324051373,11
Factor_15,Methylation,cg13130271_meth,-0.1767471466912072,0.1767471466912072,12
Factor_15,Methylation,cg20766178_meth,-0.17589658688672685,0.17589658688672685,13
Factor_15,Methylation,cg23685102_meth,-0.1746550080094427,0.1746550080094427,14
Factor_15,Methylation,cg08059778_meth,-0.1729592582070083,0.1729592582070083,15
Factor_15,Methylation,cg09520212_meth,-0.17250744164973852,0.17250744164973852,16
Factor_15,Methylation,cg07861180_meth,-0.1706693946753044,0.1706693946753044,17
Factor_15,Methylation,cg08417382_meth,-0.16961220627371865,0.16961220627371865,18
Factor_15,Methylation,cg21290550_meth,-0.1695931511588968,0.1695931511588968,19
Factor_15,Methylation,cg15977272_meth,-0.16891618484765977,0.16891618484765977,20
Factor_15,Methylation,cg25132467_meth,-0.16878230335648706,0.16878230335648706,21
Factor_15,Methylation,cg16590821_meth,-0.16856661260693023,0.16856661260693023,22
Factor_15,Methylation,cg13244998_meth,-0.16828725139322231,0.16828725139322231,23
Factor_15,Methylation,cg20455959_meth,-0.1682102958240578,0.1682102958240578,24
Factor_15,Methylation,cg12075609_meth,-0.16813634076284573,0.16813634076284573,25
Factor_15,Methylation,cg16357225_meth,-0.16740911752514656,0.16740911752514656,26
Factor_15,Methylation,cg06041068_meth,-0.16709666335728265,0.16709666335728265,27
Factor_15,Methylation,cg12277627_meth,-0.16708722578458277,0.16708722578458277,28
Factor_15,Methylation,cg20015269_meth,-0.16700366715975512,0.16700366715975512,29
Factor_15,Methylation,cg15165114_meth,-0.16662826416039764,0.16662826416039764,30
Factor_15,Methylation,cg12576145_meth,-0.16660851945469823,0.16660851945469823,31
Factor_15,Methylation,cg05806018_meth,-0.16646937561156344,0.16646937561156344,32
Factor_15,Methylation,cg20439892_meth,-0.16588538794426186,0.16588538794426186,33
Factor_15,Methylation,cg16221895_meth,-0.16405198778038152,0.16405198778038152,34
Factor_15,Methylation,cg11152253_meth,-0.16383944881038426,0.16383944881038426,35
Factor_15,Methylation,cg05872808_meth,-0.16360859999807922,0.16360859999807922,36
Factor_15,Methylation,cg00813156_meth,-0.16341774776213158,0.16341774776213158,37
Factor_15,Methylation,cg23429746_meth,-0.16340042264684423,0.16340042264684423,38
Factor_15,Methylation,cg25206026_meth,-0.1632413653014655,0.1632413653014655,39
Factor_15,Methylation,cg09307104_meth,-0.1629344783345424,0.1629344783345424,40
Factor_15,Methylation,cg20749341_meth,-0.16212478082797835,0.16212478082797835,41
Factor_15,Methylation,cg01342901_meth,-0.16204133811940175,0.16204133811940175,42
Factor_15,Methylation,cg07912337_meth,-0.16194599417633768,0.16194599417633768,43
Factor_15,Methylation,cg03334316_meth,-0.16176203387050173,0.16176203387050173,44
Factor_15,Methylation,cg18998000_meth,-0.16175573498234883,0.16175573498234883,45
Factor_15,Methylation,cg10991108_meth,-0.16156807159768097,0.16156807159768097,46
Factor_15,Methylation,cg02333283_meth,-0.16154265413356564,0.16154265413356564,47
Factor_15,Methylation,cg23493872_meth,-0.16138737769923392,0.16138737769923392,48
Factor_15,Methylation,cg09514431_meth,-0.16133372737281576,0.16133372737281576,49
Factor_15,Methylation,cg07446674_meth,-0.1612996445658252,0.1612996445658252,50
Factor_15,Methylation,cg02195366_meth,-0.16114061913780967,0.16114061913780967,51
Factor_15,Methylation,cg05374090_meth,-0.16101740199931272,0.16101740199931272,52
Factor_15,Methylation,cg06779802_meth,-0.16049426767781397,0.16049426767781397,53
Factor_15,Methylation,cg26505478_meth,-0.1602644775137675,0.1602644775137675,54
Factor_15,Methylation,cg08855111_meth,-0.160260651392023,0.160260651392023,55
Factor_15,Methylation,cg27501007_meth,-0.16011494857108313,0.16011494857108313,56
Factor_15,Methylation,cg22776211_meth,-0.1598960117593689,0.1598960117593689,57
Factor_15,Methylation,cg00723973_meth,-0.15978087095407534,0.15978087095407534,58
Factor_15,Methylation,cg10717149_meth,-0.15968867889645275,0.15968867889645275,59
Factor_15,Methylation,cg12413138_meth,-0.1596312895304914,0.1596312895304914,60
Factor_15,Methylation,cg16488754_meth,-0.1596166740174844,0.1596166740174844,61
Factor_15,Methylation,cg14191108_meth,-0.1595493019524755,0.1595493019524755,62
Factor_15,Methylation,cg24264679_meth,-0.15950050641674185,0.15950050641674185,63
Factor_15,Methylation,cg10860619_meth,-0.15940763369308897,0.15940763369308897,64
Factor_15,Methylation,cg25528646_meth,-0.15911890784302526,0.15911890784302526,65
Factor_15,Methylation,cg15565409_meth,-0.15851200804311394,0.15851200804311394,66
Factor_15,Methylation,cg18932686_meth,-0.15843969087631438,0.15843969087631438,67
Factor_15,Methylation,cg04872051_meth,-0.15811506175546985,0.15811506175546985,68
Factor_15,Methylation,cg07648454_meth,-0.1580176629029951,0.1580176629029951,69
Factor_15,Methylation,cg15693668_meth,-0.15792380140311255,0.15792380140311255,70
Factor_15,Methylation,cg23121114_meth,-0.15748505155746412,0.15748505155746412,71
Factor_15,Methylation,cg09016243_meth,-0.15732390988430608,0.15732390988430608,72
Factor_15,Methylation,cg02869694_meth,-0.1572624027269746,0.1572624027269746,73
Factor_15,Methylation,cg13649400_meth,-0.15718804816706203,0.15718804816706203,74
Factor_15,Methylation,cg23251359_meth,-0.1570021055007592,0.1570021055007592,75
Factor_15,Methylation,cg17399684_meth,-0.15670710302113666,0.15670710302113666,76
Factor_15,Methylation,cg13797960_meth,-0.15646745723499825,0.15646745723499825,77
Factor_15,Methylation,cg07344627_meth,-0.15634951033915953,0.15634951033915953,78
Factor_15,Methylation,cg02615131_meth,-0.15621253721155562,0.15621253721155562,79
Factor_15,Methylation,cg00112256_meth,-0.15615488048196352,0.15615488048196352,80
Factor_15,Methylation,cg23554546_meth,-0.15590531624916437,0.15590531624916437,81
Factor_15,Methylation,cg05137263_meth,-0.15537656302669278,0.15537656302669278,82
Factor_15,Methylation,cg16723510_meth,-0.1549272806182312,0.1549272806182312,83
Factor_15,Methylation,cg00114625_meth,-0.15487309892592765,0.15487309892592765,84
Factor_15,Methylation,cg11704790_meth,-0.15473603731782992,0.15473603731782992,85
Factor_15,Methylation,cg06510592_meth,-0.15471082000053496,0.15471082000053496,86
Factor_15,Methylation,cg04317640_meth,-0.15470996077371887,0.15470996077371887,87
Factor_15,Methylation,cg08282969_meth,-0.15466899263897937,0.15466899263897937,88
Factor_15,Methylation,cg08479532_meth,-0.15450540116468597,0.15450540116468597,89
Factor_15,Methylation,cg26439324_meth,-0.15426422388033015,0.15426422388033015,90
Factor_15,Methylation,cg07674503_meth,-0.1542308185332531,0.1542308185332531,91
Factor_15,Methylation,cg10818284_meth,-0.15418732978470873,0.15418732978470873,92
Factor_15,Methylation,cg27501723_meth,-0.1541063340866732,0.1541063340866732,93
Factor_15,Methylation,cg05799859_meth,-0.1540995894796459,0.1540995894796459,94
Factor_15,Methylation,cg09310980_meth,-0.15402524191726286,0.15402524191726286,95
Factor_15,Methylation,cg25888700_meth,-0.15394539612223937,0.15394539612223937,96
Factor_15,Methylation,cg01869765_meth,-0.1535787071384435,0.1535787071384435,97
Factor_15,Methylation,cg17547524_meth,-0.15345822050009073,0.15345822050009073,98
Factor_15,Methylation,cg21016188_meth,-0.15340303643590977,0.15340303643590977,99
Factor_15,Methylation,cg05534333_meth,-0.15332412507785292,0.15332412507785292,100
Factor_1,RNAseq,CDKL5_rna,0.33479314572897895,0.33479314572897895,1
Factor_1,RNAseq,MGAT5_rna,0.3207110370706926,0.3207110370706926,2
Factor_1,RNAseq,SYNC_rna,-0.31870098590399065,0.31870098590399065,3
Factor_1,RNAseq,SERINC5_rna,0.3163775857109626,0.3163775857109626,4
Factor_1,RNAseq,KIAA0754_rna,0.30982824232867967,0.30982824232867967,5
Factor_1,RNAseq,AR_rna,0.30982104924416703,0.30982104924416703,6
Factor_1,RNAseq,UHMK1_rna,0.3066893494491393,0.3066893494491393,7
Factor_1,RNAseq,LOC100271831_rna,-0.3066456185679756,0.3066456185679756,8
Factor_1,RNAseq,PLXNC1_rna,0.3051775671165428,0.3051775671165428,9
Factor_1,RNAseq,DDI2_rna,0.2881537945622727,0.2881537945622727,10
Factor_1,RNAseq,SNURF_rna,0.28673778435562314,0.28673778435562314,11
Factor_1,RNAseq,IL6ST_rna,0.28600565149436047,0.28600565149436047,12
Factor_1,RNAseq,NFATC2_rna,0.2851726547661586,0.2851726547661586,13
Factor_1,RNAseq,CCNT1_rna,0.2753648266048181,0.2753648266048181,14
Factor_1,RNAseq,ZNHIT2_rna,-0.27310080247093066,0.27310080247093066,15
Factor_1,RNAseq,TAOK1_rna,0.2725826485593885,0.2725826485593885,16
Factor_1,RNAseq,NCOA2_rna,0.27091440862656485,0.27091440862656485,17
Factor_1,RNAseq,SNORD116-4_rna,0.26942282668225664,0.26942282668225664,18
Factor_1,RNAseq,CACNA2D1_rna,0.26659518336021276,0.26659518336021276,19
Factor_1,RNAseq,FMN1_rna,0.26212489678119644,0.26212489678119644,20
Factor_1,RNAseq,PRR11_rna,0.2609331227858762,0.2609331227858762,21
Factor_1,RNAseq,PARD3B_rna,0.2587403128155578,0.2587403128155578,22
Factor_1,RNAseq,GTF2A1_rna,0.2554784081682778,0.2554784081682778,23
Factor_1,RNAseq,ASXL2_rna,0.2518856407876646,0.2518856407876646,24
Factor_1,RNAseq,ERN1_rna,0.24815177958305523,0.24815177958305523,25
Factor_1,RNAseq,ANKRD36BP1_rna,0.2473604373118353,0.2473604373118353,26
Factor_1,RNAseq,SGK196_rna,0.24720529443390374,0.24720529443390374,27
Factor_1,RNAseq,ZDHHC20_rna,0.24640510593260653,0.24640510593260653,28
Factor_1,RNAseq,ETV3_rna,0.24569184002530656,0.24569184002530656,29
Factor_1,RNAseq,BICC1_rna,0.24336792898301363,0.24336792898301363,30
Factor_1,RNAseq,RALGAPA2_rna,0.24153808665674156,0.24153808665674156,31
Factor_1,RNAseq,RASEF_rna,0.2413251094313182,0.2413251094313182,32
Factor_1,RNAseq,PRKAR2A_rna,0.24098225994673916,0.24098225994673916,33
Factor_1,RNAseq,MBNL3_rna,0.24076425719950595,0.24076425719950595,34
Factor_1,RNAseq,KIRREL_rna,0.2398213110257026,0.2398213110257026,35
Factor_1,RNAseq,RUNDC2A_rna,0.23824697846988802,0.23824697846988802,36
Factor_1,RNAseq,IPMK_rna,0.23815373213248783,0.23815373213248783,37
Factor_1,RNAseq,ILDR2_rna,0.23688739647005766,0.23688739647005766,38
Factor_1,RNAseq,PTPLB_rna,0.2367012503165547,0.2367012503165547,39
Factor_1,RNAseq,CD84_rna,0.23559197978682825,0.23559197978682825,40
Factor_1,RNAseq,REST_rna,0.23505082246971193,0.23505082246971193,41
Factor_1,RNAseq,C9orf129_rna,0.23388146463044893,0.23388146463044893,42
Factor_1,RNAseq,NBEAL1_rna,0.2325631152506828,0.2325631152506828,43
Factor_1,RNAseq,ITGA8_rna,0.2319798033032954,0.2319798033032954,44
Factor_1,RNAseq,STRN_rna,0.23193411625186755,0.23193411625186755,45
Factor_1,RNAseq,SLC9A7_rna,0.2305722434639561,0.2305722434639561,46
Factor_1,RNAseq,DDR2_rna,0.22872575288136582,0.22872575288136582,47
Factor_1,RNAseq,SOCS7_rna,0.2278147699929588,0.2278147699929588,48
Factor_1,RNAseq,ZNF366_rna,0.22774813923338022,0.22774813923338022,49
Factor_1,RNAseq,KIAA1244_rna,0.22635742995938107,0.22635742995938107,50
Factor_1,RNAseq,LNPEP_rna,0.22540219293292837,0.22540219293292837,51
Factor_1,RNAseq,BTBD8_rna,0.22424980982076667,0.22424980982076667,52
Factor_1,RNAseq,LMTK2_rna,0.22292673576281252,0.22292673576281252,53
Factor_1,RNAseq,CLVS1_rna,-0.22287510910198619,0.22287510910198619,54
Factor_1,RNAseq,HIPK3_rna,0.22279641538452682,0.22279641538452682,55
Factor_1,RNAseq,SBNO1_rna,0.22251336397532182,0.22251336397532182,56
Factor_1,RNAseq,FAM168A_rna,0.22229790745746444,0.22229790745746444,57
Factor_1,RNAseq,MIA2_rna,0.22084538877311893,0.22084538877311893,58
Factor_1,RNAseq,WDR31_rna,0.22074405045162612,0.22074405045162612,59
Factor_1,RNAseq,KLHL11_rna,0.2202849379618485,0.2202849379618485,60
Factor_1,RNAseq,SFMBT2_rna,0.21965087649227139,0.21965087649227139,61
Factor_1,RNAseq,REL_rna,0.21887860425140648,0.21887860425140648,62
Factor_1,RNAseq,RAPGEF6_rna,0.2186753224817478,0.2186753224817478,63
Factor_1,RNAseq,LMBRD2_rna,0.2165002222096612,0.2165002222096612,64
Factor_1,RNAseq,TGFBRAP1_rna,0.2159480402510591,0.2159480402510591,65
Factor_1,RNAseq,MAN2A1_rna,0.21588263624899473,0.21588263624899473,66
Factor_1,RNAseq,EXOC6B_rna,0.2127594521995454,0.2127594521995454,67
Factor_1,RNAseq,EYA3_rna,0.2118655941203917,0.2118655941203917,68
Factor_1,RNAseq,HAVCR1_rna,0.21150543304181085,0.21150543304181085,69
Factor_1,RNAseq,FAM196B_rna,0.2108323398568931,0.2108323398568931,70
Factor_1,RNAseq,LOC729156_rna,-0.2104705053260908,0.2104705053260908,71
Factor_1,RNAseq,CLOCK_rna,0.2101757326447785,0.2101757326447785,72
Factor_1,RNAseq,N4BP2_rna,0.20973903728208776,0.20973903728208776,73
Factor_1,RNAseq,RAD54L2_rna,0.2097161727129489,0.2097161727129489,74
Factor_1,RNAseq,IKZF3_rna,0.20851325324476425,0.20851325324476425,75
Factor_1,RNAseq,FAM66D_rna,-0.20827671214451632,0.20827671214451632,76
Factor_1,RNAseq,ZNF699_rna,0.20575573884259502,0.20575573884259502,77
Factor_1,RNAseq,LEPROT_rna,0.20515199213137425,0.20515199213137425,78
Factor_1,RNAseq,FAM115A_rna,0.203995924015038,0.203995924015038,79
Factor_1,RNAseq,ASAH2B_rna,0.20375004924973283,0.20375004924973283,80
Factor_1,RNAseq,ATE1_rna,0.20320461889390212,0.20320461889390212,81
Factor_1,RNAseq,FRMD3_rna,0.20309019867914013,0.20309019867914013,82
Factor_1,RNAseq,APOOL_rna,0.20224419879699565,0.20224419879699565,83
Factor_1,RNAseq,IL7R_rna,0.2007766189623203,0.2007766189623203,84
Factor_1,RNAseq,ZNF704_rna,0.19949727733241698,0.19949727733241698,85
Factor_1,RNAseq,PDE3A_rna,0.1994237143109757,0.1994237143109757,86
Factor_1,RNAseq,ITGA9_rna,0.19893770328675797,0.19893770328675797,87
Factor_1,RNAseq,AKAP2_rna,0.19882605173410617,0.19882605173410617,88
Factor_1,RNAseq,BARD1_rna,0.19811587143844978,0.19811587143844978,89
Factor_1,RNAseq,SLC30A4_rna,0.19793870841411612,0.19793870841411612,90
Factor_1,RNAseq,PIK3CG_rna,0.19735865529243649,0.19735865529243649,91
Factor_1,RNAseq,SPATA13_rna,0.19715725780870655,0.19715725780870655,92
Factor_1,RNAseq,CDYL2_rna,0.19700388804694863,0.19700388804694863,93
Factor_1,RNAseq,NHSL2_rna,0.19676830527465553,0.19676830527465553,94
Factor_1,RNAseq,ADAM22_rna,0.19666991284825244,0.19666991284825244,95
Factor_1,RNAseq,LCOR_rna,0.1961531618610531,0.1961531618610531,96
Factor_1,RNAseq,MYO9A_rna,0.19593146022475805,0.19593146022475805,97
Factor_1,RNAseq,P2RY1_rna,0.19570735282200144,0.19570735282200144,98
Factor_1,RNAseq,NPR3_rna,0.19437416234939708,0.19437416234939708,99
Factor_1,RNAseq,C9orf102_rna,0.19433012820824577,0.19433012820824577,100
Factor_2,RNAseq,SAA1_rna,0.5495707468909595,0.5495707468909595,1
Factor_2,RNAseq,ADAM6_rna,0.5210834959500189,0.5210834959500189,2
Factor_2,RNAseq,CCL19_rna,0.5026865419812396,0.5026865419812396,3
Factor_2,RNAseq,CXCL13_rna,0.49400537084954466,0.49400537084954466,4
Factor_2,RNAseq,MGC29506_rna,0.49008630482370724,0.49008630482370724,5
Factor_2,RNAseq,FCRL5_rna,0.47847856914258957,0.47847856914258957,6
Factor_2,RNAseq,POU2AF1_rna,0.4723531111467489,0.4723531111467489,7
Factor_2,RNAseq,CD79A_rna,0.4541338426190189,0.4541338426190189,8
Factor_2,RNAseq,IGJ_rna,0.4524542534166508,0.4524542534166508,9
Factor_2,RNAseq,GREM1_rna,0.4504613935323092,0.4504613935323092,10
Factor_2,RNAseq,PLA2G2D_rna,0.44179143320224246,0.44179143320224246,11
Factor_2,RNAseq,ADAMDEC1_rna,0.4376105827654893,0.4376105827654893,12
Factor_2,RNAseq,SAA2_rna,0.43581971915446766,0.43581971915446766,13
Factor_2,RNAseq,LOC96610_rna,0.43080604101244047,0.43080604101244047,14
Factor_2,RNAseq,ADAM12_rna,0.42523787102350025,0.42523787102350025,15
Factor_2,RNAseq,FGG_rna,0.42418833194911554,0.42418833194911554,16
Factor_2,RNAseq,HP_rna,0.4231328117486825,0.4231328117486825,17
Factor_2,RNAseq,SIRPG_rna,0.4230016606251788,0.4230016606251788,18
Factor_2,RNAseq,CCL21_rna,0.4222991849426736,0.4222991849426736,19
Factor_2,RNAseq,GZMK_rna,0.4214835237371451,0.4214835237371451,20
Factor_2,RNAseq,WISP2_rna,0.4132300843243708,0.4132300843243708,21
Factor_2,RNAseq,CD27_rna,0.4122872694433828,0.4122872694433828,22
Factor_2,RNAseq,CPA4_rna,0.4091123279624298,0.4091123279624298,23
Factor_2,RNAseq,COMP_rna,0.40218028798297084,0.40218028798297084,24
Factor_2,RNAseq,FGA_rna,0.4018955324106571,0.4018955324106571,25
Factor_2,RNAseq,AIM2_rna,0.40019304050855053,0.40019304050855053,26
Factor_2,RNAseq,TGFBI_rna,0.398452285380363,0.398452285380363,27
Factor_2,RNAseq,MS4A1_rna,0.39840544190564614,0.39840544190564614,28
Factor_2,RNAseq,CP_rna,0.397065312733357,0.397065312733357,29
Factor_2,RNAseq,LUM_rna,0.39593030576084626,0.39593030576084626,30
Factor_2,RNAseq,CXCR3_rna,0.39437860528435137,0.39437860528435137,31
Factor_2,RNAseq,FGB_rna,0.3932958478542212,0.3932958478542212,32
Factor_2,RNAseq,TIGIT_rna,0.3926965180776838,0.3926965180776838,33
Factor_2,RNAseq,C2_rna,0.3915878896219036,0.3915878896219036,34
Factor_2,RNAseq,CD8A_rna,0.38945664938110486,0.38945664938110486,35
Factor_2,RNAseq,C1S_rna,0.38839509070887474,0.38839509070887474,36
Factor_2,RNAseq,GBP5_rna,0.38829652100114315,0.38829652100114315,37
Factor_2,RNAseq,PDCD1_rna,0.3879608092532817,0.3879608092532817,38
Factor_2,RNAseq,COL1A1_rna,0.3862007501494342,0.3862007501494342,39
Factor_2,RNAseq,THBS2_rna,0.3852100721099195,0.3852100721099195,40
Factor_2,RNAseq,UBASH3A_rna,0.3848423996069749,0.3848423996069749,41
Factor_2,RNAseq,CD3D_rna,0.3834199529650199,0.3834199529650199,42
Factor_2,RNAseq,COL11A1_rna,0.3826233954549877,0.3826233954549877,43
Factor_2,RNAseq,FAP_rna,0.3821024786534064,0.3821024786534064,44
Factor_2,RNAseq,CD3E_rna,0.382056104734729,0.382056104734729,45
Factor_2,RNAseq,NELL2_rna,0.3819538084720037,0.3819538084720037,46
Factor_2,RNAseq,SIT1_rna,0.3819413969915794,0.3819413969915794,47
Factor_2,RNAseq,IRF4_rna,0.38145442166857213,0.38145442166857213,48
Factor_2,RNAseq,IL2RA_rna,0.3812173675489002,0.3812173675489002,49
Factor_2,RNAseq,LAG3_rna,0.3801620296830711,0.3801620296830711,50
Factor_2,RNAseq,KIAA0125_rna,0.380049853965761,0.380049853965761,51
Factor_2,RNAseq,MMP9_rna,0.3792567226160281,0.3792567226160281,52
Factor_2,RNAseq,SLC38A5_rna,0.3787310573494439,0.3787310573494439,53
Factor_2,RNAseq,TRAT1_rna,0.37852528217070236,0.37852528217070236,54
Factor_2,RNAseq,FCRLA_rna,0.3780218522472538,0.3780218522472538,55
Factor_2,RNAseq,CD3G_rna,0.3762785733866982,0.3762785733866982,56
Factor_2,RNAseq,SFRP2_rna,0.3741616877977985,0.3741616877977985,57
Factor_2,RNAseq,CD2_rna,0.3738700960777539,0.3738700960777539,58
Factor_2,RNAseq,CD38_rna,0.37029647378602715,0.37029647378602715,59
Factor_2,RNAseq,SLAMF7_rna,0.37002787047741365,0.37002787047741365,60
Factor_2,RNAseq,TNFRSF9_rna,0.3694662844919572,0.3694662844919572,61
Factor_2,RNAseq,SLAMF6_rna,0.3674306565999813,0.3674306565999813,62
Factor_2,RNAseq,CD19_rna,0.367065520097539,0.367065520097539,63
Factor_2,RNAseq,SLPI_rna,0.3650745701797867,0.3650745701797867,64
Factor_2,RNAseq,C1R_rna,0.3649350935817466,0.3649350935817466,65
Factor_2,RNAseq,P2RY10_rna,0.36471773616084396,0.36471773616084396,66
Factor_2,RNAseq,CD8B_rna,0.3631908228701979,0.3631908228701979,67
Factor_2,RNAseq,RLTPR_rna,0.36310352110713195,0.36310352110713195,68
Factor_2,RNAseq,PODN_rna,0.36220898315419475,0.36220898315419475,69
Factor_2,RNAseq,IL21R_rna,0.359777539331641,0.359777539331641,70
Factor_2,RNAseq,CXCL9_rna,0.35952345501011435,0.35952345501011435,71
Factor_2,RNAseq,CD5_rna,0.35874471044853545,0.35874471044853545,72
Factor_2,RNAseq,ISLR_rna,0.3586871463815378,0.3586871463815378,73
Factor_2,RNAseq,IL6_rna,0.35788080535789984,0.35788080535789984,74
Factor_2,RNAseq,FCRL3_rna,0.3573489050092998,0.3573489050092998,75
Factor_2,RNAseq,IL20RB_rna,0.35727532713955895,0.35727532713955895,76
Factor_2,RNAseq,CD96_rna,0.35640231031630193,0.35640231031630193,77
Factor_2,RNAseq,SH2D1A_rna,0.35589765747529567,0.35589765747529567,78
Factor_2,RNAseq,EOMES_rna,0.35567074532133147,0.35567074532133147,79
Factor_2,RNAseq,THEMIS_rna,0.35415380386135803,0.35415380386135803,80
Factor_2,RNAseq,IL7R_rna,0.353719859979069,0.353719859979069,81
Factor_2,RNAseq,POSTN_rna,0.3513891854579163,0.3513891854579163,82
Factor_2,RNAseq,PI15_rna,0.3513497504190833,0.3513497504190833,83
Factor_2,RNAseq,TNFRSF17_rna,0.35126444485223024,0.35126444485223024,84
Factor_2,RNAseq,CCL18_rna,0.35098515840871874,0.35098515840871874,85
Factor_2,RNAseq,BLK_rna,0.3505613398609996,0.3505613398609996,86
Factor_2,RNAseq,LY9_rna,0.35051743387350626,0.35051743387350626,87
Factor_2,RNAseq,TNFSF13B_rna,0.3499133940324397,0.3499133940324397,88
Factor_2,RNAseq,ZBP1_rna,0.3491425953021601,0.3491425953021601,89
Factor_2,RNAseq,MAP4K1_rna,0.3487958193441692,0.3487958193441692,90
Factor_2,RNAseq,CHI3L2_rna,0.3485083924897884,0.3485083924897884,91
Factor_2,RNAseq,JAKMIP1_rna,0.3472113150471859,0.3472113150471859,92
Factor_2,RNAseq,ICOS_rna,0.34629151881213205,0.34629151881213205,93
Factor_2,RNAseq,BATF_rna,0.34594139956941905,0.34594139956941905,94
Factor_2,RNAseq,CRTAM_rna,0.34490854373980406,0.34490854373980406,95
Factor_2,RNAseq,FOXP3_rna,0.3435291296729234,0.3435291296729234,96
Factor_2,RNAseq,TMEM119_rna,0.34277149915247934,0.34277149915247934,97
Factor_2,RNAseq,PYHIN1_rna,0.34270431563971343,0.34270431563971343,98
Factor_2,RNAseq,CCR5_rna,0.3424475438369498,0.3424475438369498,99
Factor_2,RNAseq,SLAMF1_rna,0.3423544789642878,0.3423544789642878,100
Factor_3,RNAseq,SLC22A6_rna,0.880572091161519,0.880572091161519,1
Factor_3,RNAseq,SLC17A3_rna,0.8287825162683099,0.8287825162683099,2
Factor_3,RNAseq,CYP4A11_rna,0.8157275376738813,0.8157275376738813,3
Factor_3,RNAseq,SLC5A12_rna,0.8127289778246762,0.8127289778246762,4
Factor_3,RNAseq,SLC22A12_rna,0.7990113754269977,0.7990113754269977,5
Factor_3,RNAseq,ACSM2B_rna,0.7809453983494244,0.7809453983494244,6
Factor_3,RNAseq,SLC22A11_rna,0.7741106993971127,0.7741106993971127,7
Factor_3,RNAseq,NAT8_rna,0.7682562608250468,0.7682562608250468,8
Factor_3,RNAseq,SLC10A2_rna,0.7681054887495671,0.7681054887495671,9
Factor_3,RNAseq,SLC6A19_rna,0.7593295425008189,0.7593295425008189,10
Factor_3,RNAseq,AGXT2_rna,0.7530207987238194,0.7530207987238194,11
Factor_3,RNAseq,PRODH2_rna,0.7527997329755236,0.7527997329755236,12
Factor_3,RNAseq,DDC_rna,0.7491793414820814,0.7491793414820814,13
Factor_3,RNAseq,ACSM2A_rna,0.7406389801139839,0.7406389801139839,14
Factor_3,RNAseq,MIOX_rna,0.7387356073903586,0.7387356073903586,15
Factor_3,RNAseq,SLC13A1_rna,0.7299506346853066,0.7299506346853066,16
Factor_3,RNAseq,SLC2A2_rna,0.7254067476412694,0.7254067476412694,17
Factor_3,RNAseq,UGT1A9_rna,0.7136970250146685,0.7136970250146685,18
Factor_3,RNAseq,SLC39A5_rna,0.7088492549215788,0.7088492549215788,19
Factor_3,RNAseq,SLC17A1_rna,0.7074688534488742,0.7074688534488742,20
Factor_3,RNAseq,PKLR_rna,0.7014911353173992,0.7014911353173992,21
Factor_3,RNAseq,SLC5A10_rna,0.697398981784651,0.697398981784651,22
Factor_3,RNAseq,DPYS_rna,0.6966797037023134,0.6966797037023134,23
Factor_3,RNAseq,HAO2_rna,0.692836240727093,0.692836240727093,24
Factor_3,RNAseq,FMO1_rna,0.6884914314894187,0.6884914314894187,25
Factor_3,RNAseq,GSTA1_rna,0.6769469614224473,0.6769469614224473,26
Factor_3,RNAseq,ACE2_rna,0.6749121314922317,0.6749121314922317,27
Factor_3,RNAseq,CDHR5_rna,0.6733235006790383,0.6733235006790383,28
Factor_3,RNAseq,GLYAT_rna,0.6688340270679904,0.6688340270679904,29
Factor_3,RNAseq,LRP2_rna,0.6653554338389849,0.6653554338389849,30
Factor_3,RNAseq,SLC7A9_rna,0.6646427238264813,0.6646427238264813,31
Factor_3,RNAseq,PRAP1_rna,0.6639899142196519,0.6639899142196519,32
Factor_3,RNAseq,TMEM174_rna,0.6626649990987477,0.6626649990987477,33
Factor_3,RNAseq,ANKS4B_rna,0.6583234968105155,0.6583234968105155,34
Factor_3,RNAseq,GSTA2_rna,0.6538890735860918,0.6538890735860918,35
Factor_3,RNAseq,SLC17A4_rna,0.6518697198480926,0.6518697198480926,36
Factor_3,RNAseq,CREB3L3_rna,0.6512314514089832,0.6512314514089832,37
Factor_3,RNAseq,ALDOB_rna,0.647661454580813,0.647661454580813,38
Factor_3,RNAseq,A1CF_rna,0.6458144985205867,0.6458144985205867,39
Factor_3,RNAseq,TM4SF5_rna,0.6394784981375553,0.6394784981375553,40
Factor_3,RNAseq,G6PC_rna,0.639320378194997,0.639320378194997,41
Factor_3,RNAseq,LGALS2_rna,0.6383855919298034,0.6383855919298034,42
Factor_3,RNAseq,TINAG_rna,0.6235228654104144,0.6235228654104144,43
Factor_3,RNAseq,CLRN3_rna,0.6222834324212608,0.6222834324212608,44
Factor_3,RNAseq,CUBN_rna,0.6177668993040073,0.6177668993040073,45
Factor_3,RNAseq,TRIM15_rna,0.6142357064804022,0.6142357064804022,46
Factor_3,RNAseq,HHLA2_rna,0.6066804411624622,0.6066804411624622,47
Factor_3,RNAseq,GLYATL1_rna,0.6062007552784887,0.6062007552784887,48
Factor_3,RNAseq,CCL14-CCL15_rna,0.5994449739602106,0.5994449739602106,49
Factor_3,RNAseq,UPB1_rna,0.5988890072474626,0.5988890072474626,50
Factor_3,RNAseq,DAO_rna,0.5982549052350279,0.5982549052350279,51
Factor_3,RNAseq,TMEM82_rna,0.5943953097469605,0.5943953097469605,52
Factor_3,RNAseq,SLC23A3_rna,0.5933314351576855,0.5933314351576855,53
Factor_3,RNAseq,FAM151A_rna,0.5929991033485603,0.5929991033485603,54
Factor_3,RNAseq,SLPI_rna,-0.5929011417190151,0.5929011417190151,55
Factor_3,RNAseq,USH1C_rna,0.5911410176376257,0.5911410176376257,56
Factor_3,RNAseq,BBOX1_rna,0.5904977779403973,0.5904977779403973,57
Factor_3,RNAseq,VIL1_rna,0.5876675657969235,0.5876675657969235,58
Factor_3,RNAseq,FCAMR_rna,0.5857384605868964,0.5857384605868964,59
Factor_3,RNAseq,CLDN2_rna,0.5850321599337605,0.5850321599337605,60
Factor_3,RNAseq,FUT6_rna,0.5845788598526332,0.5845788598526332,61
Factor_3,RNAseq,AGMAT_rna,0.5829064581967287,0.5829064581967287,62
Factor_3,RNAseq,HNF4A_rna,0.5812974350710917,0.5812974350710917,63
Factor_3,RNAseq,PLG_rna,0.580097689081384,0.580097689081384,64
Factor_3,RNAseq,SLC16A9_rna,0.5799021903983858,0.5799021903983858,65
Factor_3,RNAseq,CDHR2_rna,0.5776198944785143,0.5776198944785143,66
Factor_3,RNAseq,FTCD_rna,0.5753327413988919,0.5753327413988919,67
Factor_3,RNAseq,TRIM10_rna,0.5729642864073002,0.5729642864073002,68
Factor_3,RNAseq,ANXA13_rna,0.5723370352600258,0.5723370352600258,69
Factor_3,RNAseq,PAH_rna,0.5712589209083051,0.5712589209083051,70
Factor_3,RNAseq,NAT8B_rna,0.5703994071616103,0.5703994071616103,71
Factor_3,RNAseq,ENPP3_rna,0.566830320850725,0.566830320850725,72
Factor_3,RNAseq,SLC6A13_rna,0.5651702995714588,0.5651702995714588,73
Factor_3,RNAseq,CLEC18C_rna,0.5586713067064328,0.5586713067064328,74
Factor_3,RNAseq,PLA2G12B_rna,0.55604248111715,0.55604248111715,75
Factor_3,RNAseq,SLC5A1_rna,0.5555583738342066,0.5555583738342066,76
Factor_3,RNAseq,SLC28A1_rna,0.5496002757290076,0.5496002757290076,77
Factor_3,RNAseq,GPD1_rna,0.5463850425432126,0.5463850425432126,78
Factor_3,RNAseq,AMN_rna,0.5457988605081711,0.5457988605081711,79
Factor_3,RNAseq,REN_rna,0.5413763798379538,0.5413763798379538,80
Factor_3,RNAseq,CCL15_rna,0.5404903346477131,0.5404903346477131,81
Factor_3,RNAseq,SCGN_rna,0.5366359815632907,0.5366359815632907,82
Factor_3,RNAseq,BHMT_rna,0.5355951210914479,0.5355951210914479,83
Factor_3,RNAseq,SLC47A1_rna,0.5338766110641348,0.5338766110641348,84
Factor_3,RNAseq,LOC389332_rna,0.5338220042973814,0.5338220042973814,85
Factor_3,RNAseq,ABCC2_rna,0.5335575430659124,0.5335575430659124,86
Factor_3,RNAseq,GLTPD2_rna,0.5305290219744063,0.5305290219744063,87
Factor_3,RNAseq,ACY3_rna,0.5298302905627627,0.5298302905627627,88
Factor_3,RNAseq,ACMSD_rna,0.5295721145377705,0.5295721145377705,89
Factor_3,RNAseq,LOC388387_rna,0.526398307513324,0.526398307513324,90
Factor_3,RNAseq,SLC34A1_rna,0.5255133200307388,0.5255133200307388,91
Factor_3,RNAseq,MAPT_rna,0.5242664725641758,0.5242664725641758,92
Factor_3,RNAseq,ARSF_rna,0.5239056554517292,0.5239056554517292,93
Factor_3,RNAseq,SLC22A8_rna,0.5236528949134256,0.5236528949134256,94
Factor_3,RNAseq,GDA_rna,0.5219399215672986,0.5219399215672986,95
Factor_3,RNAseq,KCNH6_rna,0.5213316479980374,0.5213316479980374,96
Factor_3,RNAseq,ASPDH_rna,0.5195672699134255,0.5195672699134255,97
Factor_3,RNAseq,SLC27A2_rna,0.5145582269705928,0.5145582269705928,98
Factor_3,RNAseq,SLC22A7_rna,0.5143897933445205,0.5143897933445205,99
Factor_3,RNAseq,SLC6A18_rna,0.5142880844322595,0.5142880844322595,100
Factor_4,RNAseq,PTPRN_rna,0.5716750883770595,0.5716750883770595,1
Factor_4,RNAseq,F2_rna,0.5035198445425789,0.5035198445425789,2
Factor_4,RNAseq,SLC6A19_rna,-0.5027517041924718,0.5027517041924718,3
Factor_4,RNAseq,C8orf22_rna,0.5027078404123836,0.5027078404123836,4
Factor_4,RNAseq,LOC388387_rna,-0.4937595770265512,0.4937595770265512,5
Factor_4,RNAseq,PTPRH_rna,0.4931912669950597,0.4931912669950597,6
Factor_4,RNAseq,TNNT1_rna,0.4809587254833338,0.4809587254833338,7
Factor_4,RNAseq,IL20RB_rna,0.46424192261039654,0.46424192261039654,8
Factor_4,RNAseq,TMEM174_rna,-0.46390495488957284,0.46390495488957284,9
Factor_4,RNAseq,CYP4A11_rna,-0.4456699654604439,0.4456699654604439,10
Factor_4,RNAseq,ZNF114_rna,0.4408385217894869,0.4408385217894869,11
Factor_4,RNAseq,IGDCC4_rna,0.44079721467132665,0.44079721467132665,12
Factor_4,RNAseq,ENAM_rna,-0.4368267236478246,0.4368267236478246,13
Factor_4,RNAseq,ITPKA_rna,0.43456824143616873,0.43456824143616873,14
Factor_4,RNAseq,TRIM54_rna,0.4334884453233347,0.4334884453233347,15
Factor_4,RNAseq,SLC13A1_rna,-0.43097616421168433,0.43097616421168433,16
Factor_4,RNAseq,FTCD_rna,-0.42867357278700025,0.42867357278700025,17
Factor_4,RNAseq,LBP_rna,0.4274278267362768,0.4274278267362768,18
Factor_4,RNAseq,PIGR_rna,-0.42433965534800944,0.42433965534800944,19
Factor_4,RNAseq,SPINK13_rna,0.4189204529176317,0.4189204529176317,20
Factor_4,RNAseq,TUBA3D_rna,0.4138003614645939,0.4138003614645939,21
Factor_4,RNAseq,SLC5A8_rna,-0.40760705297286576,0.40760705297286576,22
Factor_4,RNAseq,SRPX2_rna,0.4073375771189497,0.4073375771189497,23
Factor_4,RNAseq,IGFBP1_rna,0.4051656351143454,0.4051656351143454,24
Factor_4,RNAseq,TMEM72_rna,-0.3991932213020625,0.3991932213020625,25
Factor_4,RNAseq,SLC22A12_rna,-0.39864438210329994,0.39864438210329994,26
Factor_4,RNAseq,NKAIN1_rna,0.39330166470697475,0.39330166470697475,27
Factor_4,RNAseq,MIOX_rna,-0.39090821174864104,0.39090821174864104,28
Factor_4,RNAseq,C1orf210_rna,-0.389433908617502,0.389433908617502,29
Factor_4,RNAseq,IL1R2_rna,0.38892723935052037,0.38892723935052037,30
Factor_4,RNAseq,CXCR2P1_rna,-0.3869832272943807,0.3869832272943807,31
Factor_4,RNAseq,LOX_rna,0.38557299079039825,0.38557299079039825,32
Factor_4,RNAseq,TMEM125_rna,-0.38327141561580197,0.38327141561580197,33
Factor_4,RNAseq,GFPT2_rna,0.3786832896368877,0.3786832896368877,34
Factor_4,RNAseq,C5orf46_rna,0.37549897440490826,0.37549897440490826,35
Factor_4,RNAseq,TUBA3E_rna,0.37400055357646406,0.37400055357646406,36
Factor_4,RNAseq,LRRC19_rna,-0.3715410493346513,0.3715410493346513,37
Factor_4,RNAseq,COL22A1_rna,0.37116775412279696,0.37116775412279696,38
Factor_4,RNAseq,PODNL1_rna,0.3678404435474131,0.3678404435474131,39
Factor_4,RNAseq,GPRC5A_rna,0.3652291962104461,0.3652291962104461,40
Factor_4,RNAseq,UGT3A1_rna,-0.3637599890292389,0.3637599890292389,41
Factor_4,RNAseq,SLC6A18_rna,-0.3618196689031806,0.3618196689031806,42
Factor_4,RNAseq,EYA1_rna,0.3610546762287519,0.3610546762287519,43
Factor_4,RNAseq,TGFBI_rna,0.35718222085799917,0.35718222085799917,44
Factor_4,RNAseq,TCL6_rna,-0.3566352735942674,0.3566352735942674,45
Factor_4,RNAseq,TRPM3_rna,-0.3551354525877066,0.3551354525877066,46
Factor_4,RNAseq,STEAP3_rna,0.35509608091369194,0.35509608091369194,47
Factor_4,RNAseq,TMEM145_rna,0.35503929361280323,0.35503929361280323,48
Factor_4,RNAseq,TUBA3C_rna,0.3522823047980237,0.3522823047980237,49
Factor_4,RNAseq,MYL3_rna,-0.3513747840765003,0.3513747840765003,50
Factor_4,RNAseq,CLGN_rna,0.3487941535753031,0.3487941535753031,51
Factor_4,RNAseq,ASAM_rna,0.34790649611255897,0.34790649611255897,52
Factor_4,RNAseq,LOC55908_rna,0.3477077377360909,0.3477077377360909,53
Factor_4,RNAseq,CLEC9A_rna,-0.34647884070856677,0.34647884070856677,54
Factor_4,RNAseq,IGF2BP3_rna,0.3451443693661972,0.3451443693661972,55
Factor_4,RNAseq,RYR2_rna,0.3447689456595305,0.3447689456595305,56
Factor_4,RNAseq,CIDEC_rna,0.34199203792688365,0.34199203792688365,57
Factor_4,RNAseq,EFNA5_rna,0.34176773988154235,0.34176773988154235,58
Factor_4,RNAseq,SLC22A2_rna,-0.3396222573137425,0.3396222573137425,59
Factor_4,RNAseq,NCAM1_rna,0.33864184406094894,0.33864184406094894,60
Factor_4,RNAseq,KISS1R_rna,0.33788696307812405,0.33788696307812405,61
Factor_4,RNAseq,DNASE1L3_rna,-0.3378842397485859,0.3378842397485859,62
Factor_4,RNAseq,SYBU_rna,0.33732822969461096,0.33732822969461096,63
Factor_4,RNAseq,GXYLT2_rna,0.3357810407515112,0.3357810407515112,64
Factor_4,RNAseq,HLA-G_rna,-0.333430950315661,0.333430950315661,65
Factor_4,RNAseq,CILP2_rna,0.33324659410140517,0.33324659410140517,66
Factor_4,RNAseq,MAGED4B_rna,0.3308947185890151,0.3308947185890151,67
Factor_4,RNAseq,GZMK_rna,-0.33002018158271706,0.33002018158271706,68
Factor_4,RNAseq,TRIB3_rna,0.32874075594661095,0.32874075594661095,69
Factor_4,RNAseq,PDGFRL_rna,0.3279835062298879,0.3279835062298879,70
Factor_4,RNAseq,PCBP3_rna,0.32709652661330935,0.32709652661330935,71
Factor_4,RNAseq,SLC22A6_rna,-0.3267556469034105,0.3267556469034105,72
Factor_4,RNAseq,ATP8B3_rna,0.3266076461028627,0.3266076461028627,73
Factor_4,RNAseq,ZIC2_rna,0.3263873334810998,0.3263873334810998,74
Factor_4,RNAseq,CYSLTR2_rna,-0.32621167212136315,0.32621167212136315,75
Factor_4,RNAseq,HAO2_rna,-0.3244602359182643,0.3244602359182643,76
Factor_4,RNAseq,COL11A1_rna,0.32443441123077366,0.32443441123077366,77
Factor_4,RNAseq,ADAM12_rna,0.3239266433319649,0.3239266433319649,78
Factor_4,RNAseq,CXCL11_rna,-0.3230513196370661,0.3230513196370661,79
Factor_4,RNAseq,SLC5A1_rna,-0.3221241318207432,0.3221241318207432,80
Factor_4,RNAseq,PLXNB3_rna,0.32210943357640676,0.32210943357640676,81
Factor_4,RNAseq,NAT8B_rna,-0.32133919839539454,0.32133919839539454,82
Factor_4,RNAseq,SLC22A13_rna,-0.3208101762025241,0.3208101762025241,83
Factor_4,RNAseq,UBD_rna,-0.3204710700696703,0.3204710700696703,84
Factor_4,RNAseq,ZP1_rna,0.31906538805204826,0.31906538805204826,85
Factor_4,RNAseq,NPTX2_rna,0.31901793064402995,0.31901793064402995,86
Factor_4,RNAseq,KCNG1_rna,0.31794589940370943,0.31794589940370943,87
Factor_4,RNAseq,AQP9_rna,0.31738541418365274,0.31738541418365274,88
Factor_4,RNAseq,VIL1_rna,-0.3172803253651541,0.3172803253651541,89
Factor_4,RNAseq,LOC153328_rna,-0.31708621592303005,0.31708621592303005,90
Factor_4,RNAseq,CASR_rna,-0.3169492167854984,0.3169492167854984,91
Factor_4,RNAseq,MAGED4_rna,0.316676101849652,0.316676101849652,92
Factor_4,RNAseq,AIF1L_rna,-0.31603877179120216,0.31603877179120216,93
Factor_4,RNAseq,G6PC_rna,-0.31513426810392664,0.31513426810392664,94
Factor_4,RNAseq,TOX3_rna,-0.3139412552462748,0.3139412552462748,95
Factor_4,RNAseq,HLA-DOB_rna,-0.31388989688652824,0.31388989688652824,96
Factor_4,RNAseq,CD8B_rna,-0.3137441673480778,0.3137441673480778,97
Factor_4,RNAseq,B4GALNT4_rna,0.3131172610749155,0.3131172610749155,98
Factor_4,RNAseq,SLC17A1_rna,-0.31300692751403375,0.31300692751403375,99
Factor_4,RNAseq,ANGPTL3_rna,-0.31210478076719855,0.31210478076719855,100
Factor_5,RNAseq,IGF2_rna,-0.6133914146715082,0.6133914146715082,1
Factor_5,RNAseq,PRND_rna,-0.5335751156111506,0.5335751156111506,2
Factor_5,RNAseq,COL21A1_rna,-0.5251421182783583,0.5251421182783583,3
Factor_5,RNAseq,KLHDC8A_rna,-0.5165396686606322,0.5165396686606322,4
Factor_5,RNAseq,BMX_rna,-0.5146885647089422,0.5146885647089422,5
Factor_5,RNAseq,GRIK3_rna,-0.5083692753691028,0.5083692753691028,6
Factor_5,RNAseq,SFRP2_rna,-0.5063178833225661,0.5063178833225661,7
Factor_5,RNAseq,CCDC78_rna,0.5060207496503448,0.5060207496503448,8
Factor_5,RNAseq,OPCML_rna,-0.5040377876361248,0.5040377876361248,9
Factor_5,RNAseq,APLNR_rna,-0.49501566990918255,0.49501566990918255,10
Factor_5,RNAseq,CCL14_rna,-0.4923383315830341,0.4923383315830341,11
Factor_5,RNAseq,RGS5_rna,-0.49061888030320144,0.49061888030320144,12
Factor_5,RNAseq,GABRD_rna,-0.483602833294926,0.483602833294926,13
Factor_5,RNAseq,FAP_rna,-0.47974831484360453,0.47974831484360453,14
Factor_5,RNAseq,COL15A1_rna,-0.47967645053205704,0.47967645053205704,15
Factor_5,RNAseq,B4GALNT1_rna,-0.4744321820987483,0.4744321820987483,16
Factor_5,RNAseq,PLAC9_rna,-0.47071536972977923,0.47071536972977923,17
Factor_5,RNAseq,RERGL_rna,-0.46519111964491866,0.46519111964491866,18
Factor_5,RNAseq,PLN_rna,-0.46431583008973837,0.46431583008973837,19
Factor_5,RNAseq,COL14A1_rna,-0.4642045870963746,0.4642045870963746,20
Factor_5,RNAseq,F2RL3_rna,-0.4615696009744326,0.4615696009744326,21
Factor_5,RNAseq,FHL5_rna,-0.46111982646067895,0.46111982646067895,22
Factor_5,RNAseq,CHST1_rna,-0.459503064575526,0.459503064575526,23
Factor_5,RNAseq,SMOC2_rna,-0.45926326297252296,0.45926326297252296,24
Factor_5,RNAseq,COL3A1_rna,-0.4580315814038891,0.4580315814038891,25
Factor_5,RNAseq,PODN_rna,-0.45765374582422513,0.45765374582422513,26
Factor_5,RNAseq,COX4I2_rna,-0.4552676653422389,0.4552676653422389,27
Factor_5,RNAseq,ELN_rna,-0.45162494679238896,0.45162494679238896,28
Factor_5,RNAseq,CCDC64_rna,0.4509002866627489,0.4509002866627489,29
Factor_5,RNAseq,BGN_rna,-0.45030566573681396,0.45030566573681396,30
Factor_5,RNAseq,EBF2_rna,-0.44949150271454247,0.44949150271454247,31
Factor_5,RNAseq,POSTN_rna,-0.44920036538080466,0.44920036538080466,32
Factor_5,RNAseq,COMP_rna,-0.44876017787093625,0.44876017787093625,33
Factor_5,RNAseq,PGF_rna,-0.44846283559759303,0.44846283559759303,34
Factor_5,RNAseq,COL1A1_rna,-0.4467834764845533,0.4467834764845533,35
Factor_5,RNAseq,MFAP2_rna,-0.4401757230345966,0.4401757230345966,36
Factor_5,RNAseq,COL1A2_rna,-0.4399437993741732,0.4399437993741732,37
Factor_5,RNAseq,EFNB3_rna,-0.43919295534526304,0.43919295534526304,38
Factor_5,RNAseq,EPHA3_rna,-0.4386963663935044,0.4386963663935044,39
Factor_5,RNAseq,MYH11_rna,-0.4365837425669409,0.4365837425669409,40
Factor_5,RNAseq,OLFML2A_rna,-0.43656706638628406,0.43656706638628406,41
Factor_5,RNAseq,HAGHL_rna,0.434724985401846,0.434724985401846,42
Factor_5,RNAseq,PRKG1_rna,-0.434528568096597,0.434528568096597,43
Factor_5,RNAseq,CASQ2_rna,-0.43349211514996594,0.43349211514996594,44
Factor_5,RNAseq,GALNTL2_rna,-0.43312711347065097,0.43312711347065097,45
Factor_5,RNAseq,RUFY4_rna,0.4324203633453821,0.4324203633453821,46
Factor_5,RNAseq,TRPC4_rna,-0.4323851169542761,0.4323851169542761,47
Factor_5,RNAseq,APOD_rna,-0.4315715150637038,0.4315715150637038,48
Factor_5,RNAseq,EDNRA_rna,-0.430554942577707,0.430554942577707,49
Factor_5,RNAseq,CLEC14A_rna,-0.4302857898262812,0.4302857898262812,50
Factor_5,RNAseq,PCDH17_rna,-0.4302402984904099,0.4302402984904099,51
Factor_5,RNAseq,LAMC3_rna,-0.4294669400556355,0.4294669400556355,52
Factor_5,RNAseq,EBF3_rna,-0.4293732831263293,0.4293732831263293,53
Factor_5,RNAseq,H19_rna,-0.4270299154386743,0.4270299154386743,54
Factor_5,RNAseq,LPHN3_rna,-0.42687196587316034,0.42687196587316034,55
Factor_5,RNAseq,FAM124B_rna,-0.4264497058788544,0.4264497058788544,56
Factor_5,RNAseq,SVEP1_rna,-0.42554822465630926,0.42554822465630926,57
Factor_5,RNAseq,COL5A1_rna,-0.4255309721998867,0.4255309721998867,58
Factor_5,RNAseq,PPP1R1A_rna,0.42518582332263116,0.42518582332263116,59
Factor_5,RNAseq,MYOCD_rna,-0.42481631060347563,0.42481631060347563,60
Factor_5,RNAseq,ASPN_rna,-0.4248109330164077,0.4248109330164077,61
Factor_5,RNAseq,ROBO2_rna,-0.4238538096917899,0.4238538096917899,62
Factor_5,RNAseq,OR51E1_rna,-0.4225944344525582,0.4225944344525582,63
Factor_5,RNAseq,PCDH12_rna,-0.42242274965871657,0.42242274965871657,64
Factor_5,RNAseq,HIGD1B_rna,-0.4222771104929444,0.4222771104929444,65
Factor_5,RNAseq,CLDN5_rna,-0.42162771899886425,0.42162771899886425,66
Factor_5,RNAseq,C3orf70_rna,-0.4215884591986787,0.4215884591986787,67
Factor_5,RNAseq,COL6A3_rna,-0.42123197513740407,0.42123197513740407,68
Factor_5,RNAseq,MMRN1_rna,-0.42065447413333606,0.42065447413333606,69
Factor_5,RNAseq,STEAP4_rna,-0.42015150180287764,0.42015150180287764,70
Factor_5,RNAseq,PRRX1_rna,-0.42005014981993344,0.42005014981993344,71
Factor_5,RNAseq,ITGA11_rna,-0.4199060776481895,0.4199060776481895,72
Factor_5,RNAseq,CSPG4_rna,-0.4197814733524869,0.4197814733524869,73
Factor_5,RNAseq,MGP_rna,-0.4185096558373851,0.4185096558373851,74
Factor_5,RNAseq,MMP16_rna,-0.41737766562999246,0.41737766562999246,75
Factor_5,RNAseq,FAM162B_rna,-0.417327853637962,0.417327853637962,76
Factor_5,RNAseq,GRIN2A_rna,-0.41567689662369767,0.41567689662369767,77
Factor_5,RNAseq,PRELP_rna,-0.41532211507341804,0.41532211507341804,78
Factor_5,RNAseq,GPR64_rna,-0.4151829673278315,0.4151829673278315,79
Factor_5,RNAseq,FILIP1_rna,-0.4132695341224244,0.4132695341224244,80
Factor_5,RNAseq,EBF1_rna,-0.41305399428630934,0.41305399428630934,81
Factor_5,RNAseq,C2orf40_rna,-0.4122594597680462,0.4122594597680462,82
Factor_5,RNAseq,HEPH_rna,-0.4121351937448664,0.4121351937448664,83
Factor_5,RNAseq,FNDC1_rna,-0.412114995518711,0.412114995518711,84
Factor_5,RNAseq,FRZB_rna,-0.41179109896158445,0.41179109896158445,85
Factor_5,RNAseq,SYNPO2_rna,-0.4117809408129684,0.4117809408129684,86
Factor_5,RNAseq,SGCA_rna,-0.41142452082435016,0.41142452082435016,87
Factor_5,RNAseq,PDE3A_rna,-0.4113275091250657,0.4113275091250657,88
Factor_5,RNAseq,GLT8D2_rna,-0.41098402452960353,0.41098402452960353,89
Factor_5,RNAseq,CDH13_rna,-0.4095881941869686,0.4095881941869686,90
Factor_5,RNAseq,NOTCH3_rna,-0.40950196404095296,0.40950196404095296,91
Factor_5,RNAseq,CCDC135_rna,0.40942466352767815,0.40942466352767815,92
Factor_5,RNAseq,CRLF1_rna,-0.4088221507452328,0.4088221507452328,93
Factor_5,RNAseq,MMP28_rna,-0.4078803221968302,0.4078803221968302,94
Factor_5,RNAseq,DLX5_rna,-0.4070761713492425,0.4070761713492425,95
Factor_5,RNAseq,OGN_rna,-0.40606491584306265,0.40606491584306265,96
Factor_5,RNAseq,CXCR2P1_rna,0.40557569421868794,0.40557569421868794,97
Factor_5,RNAseq,EMP1_rna,-0.4052958355889986,0.4052958355889986,98
Factor_5,RNAseq,PTGIS_rna,-0.4052449899545999,0.4052449899545999,99
Factor_5,RNAseq,MDFI_rna,-0.4047592757385474,0.4047592757385474,100
Factor_6,RNAseq,NCRNA00105_rna,-0.6379932109481614,0.6379932109481614,1
Factor_6,RNAseq,SPTBN5_rna,-0.6130368507715575,0.6130368507715575,2
Factor_6,RNAseq,YJEFN3_rna,-0.6027996889256212,0.6027996889256212,3
Factor_6,RNAseq,FER1L4_rna,-0.5920126081778746,0.5920126081778746,4
Factor_6,RNAseq,PABPC1L_rna,-0.5722326433557344,0.5722326433557344,5
Factor_6,RNAseq,MTMR9L_rna,-0.5701190520709426,0.5701190520709426,6
Factor_6,RNAseq,CYP2D7P1_rna,-0.5693392770553825,0.5693392770553825,7
Factor_6,RNAseq,SEC31B_rna,-0.565578161090019,0.565578161090019,8
Factor_6,RNAseq,LOC221442_rna,-0.5632179078427935,0.5632179078427935,9
Factor_6,RNAseq,KIAA1875_rna,-0.5591392936288982,0.5591392936288982,10
Factor_6,RNAseq,GOLGA8B_rna,-0.5576278979105742,0.5576278979105742,11
Factor_6,RNAseq,LOC100131434_rna,-0.556257442023261,0.556257442023261,12
Factor_6,RNAseq,GOLGA8A_rna,-0.5543363381809471,0.5543363381809471,13
Factor_6,RNAseq,ATHL1_rna,-0.5480437328655198,0.5480437328655198,14
Factor_6,RNAseq,LOC100272228_rna,-0.5459230846054943,0.5459230846054943,15
Factor_6,RNAseq,LOC619207_rna,-0.5447053869532159,0.5447053869532159,16
Factor_6,RNAseq,SCNN1D_rna,-0.5430525114434817,0.5430525114434817,17
Factor_6,RNAseq,CHKB-CPT1B_rna,-0.5393678454763989,0.5393678454763989,18
Factor_6,RNAseq,DOC2A_rna,-0.5381052975231291,0.5381052975231291,19
Factor_6,RNAseq,LY6G5B_rna,-0.5343091100013604,0.5343091100013604,20
Factor_6,RNAseq,LOC728264_rna,-0.5224725146370883,0.5224725146370883,21
Factor_6,RNAseq,AMY2B_rna,-0.5216332922199741,0.5216332922199741,22
Factor_6,RNAseq,AGER_rna,-0.518117049246488,0.518117049246488,23
Factor_6,RNAseq,GSDMB_rna,-0.5174711022093015,0.5174711022093015,24
Factor_6,RNAseq,PPFIA4_rna,-0.5166580567121356,0.5166580567121356,25
Factor_6,RNAseq,KCNAB3_rna,-0.516311771009789,0.516311771009789,26
Factor_6,RNAseq,HERC2P2_rna,-0.5142790619470302,0.5142790619470302,27
Factor_6,RNAseq,PRRT2_rna,-0.5113861027571136,0.5113861027571136,28
Factor_6,RNAseq,MEG3_rna,-0.5080579957384925,0.5080579957384925,29
Factor_6,RNAseq,VIP_rna,-0.5039252721646416,0.5039252721646416,30
Factor_6,RNAseq,AGAP11_rna,-0.5020941483417171,0.5020941483417171,31
Factor_6,RNAseq,GABBR1_rna,-0.5019606305899941,0.5019606305899941,32
Factor_6,RNAseq,NCRNA00173_rna,-0.4956225062231251,0.4956225062231251,33
Factor_6,RNAseq,CELF6_rna,-0.4943780904999924,0.4943780904999924,34
Factor_6,RNAseq,PRICKLE4_rna,-0.4907737813803098,0.4907737813803098,35
Factor_6,RNAseq,PAQR6_rna,-0.4875636817042766,0.4875636817042766,36
Factor_6,RNAseq,PILRB_rna,-0.4874808226327982,0.4874808226327982,37
Factor_6,RNAseq,ARHGAP33_rna,-0.48695619763083475,0.48695619763083475,38
Factor_6,RNAseq,MYH3_rna,-0.4869286257836979,0.4869286257836979,39
Factor_6,RNAseq,?|155060_rna,-0.48687223313919686,0.48687223313919686,40
Factor_6,RNAseq,SLC25A27_rna,-0.4848243006196187,0.4848243006196187,41
Factor_6,RNAseq,PPIEL_rna,-0.48023687744181537,0.48023687744181537,42
Factor_6,RNAseq,RFX8_rna,-0.47901051412017653,0.47901051412017653,43
Factor_6,RNAseq,LENG8_rna,-0.4787936626960581,0.4787936626960581,44
Factor_6,RNAseq,CCDC154_rna,-0.476745246780972,0.476745246780972,45
Factor_6,RNAseq,GABRE_rna,-0.4763814447768579,0.4763814447768579,46
Factor_6,RNAseq,AHSA2_rna,-0.47637888561513564,0.47637888561513564,47
Factor_6,RNAseq,WDR27_rna,-0.47572846343684533,0.47572846343684533,48
Factor_6,RNAseq,TNFRSF25_rna,-0.4757137181957782,0.4757137181957782,49
Factor_6,RNAseq,HSD17B3_rna,-0.4748577172351838,0.4748577172351838,50
Factor_6,RNAseq,C16orf79_rna,-0.47039713424226515,0.47039713424226515,51
Factor_6,RNAseq,ATG16L2_rna,-0.47023336326442716,0.47023336326442716,52
Factor_6,RNAseq,LOC100128842_rna,-0.4701501743414264,0.4701501743414264,53
Factor_6,RNAseq,LOC642846_rna,-0.46970807912254503,0.46970807912254503,54
Factor_6,RNAseq,NFKBID_rna,-0.4686721278515282,0.4686721278515282,55
Factor_6,RNAseq,LOC91316_rna,-0.46694928356947213,0.46694928356947213,56
Factor_6,RNAseq,TTLL3_rna,-0.46564819671513696,0.46564819671513696,57
Factor_6,RNAseq,AGAP6_rna,-0.4622316621402308,0.4622316621402308,58
Factor_6,RNAseq,GNRH1_rna,-0.4616738270818579,0.4616738270818579,59
Factor_6,RNAseq,DNHD1_rna,-0.457934997285177,0.457934997285177,60
Factor_6,RNAseq,LOC338799_rna,-0.45687757718615385,0.45687757718615385,61
Factor_6,RNAseq,DDX12_rna,-0.45680921376021344,0.45680921376021344,62
Factor_6,RNAseq,DNAH1_rna,-0.4561351147001761,0.4561351147001761,63
Factor_6,RNAseq,MAPK8IP3_rna,-0.4545266611983436,0.4545266611983436,64
Factor_6,RNAseq,CCNL2_rna,-0.4544917600580207,0.4544917600580207,65
Factor_6,RNAseq,COL7A1_rna,-0.45313589807255783,0.45313589807255783,66
Factor_6,RNAseq,HSF4_rna,-0.45261601555786063,0.45261601555786063,67
Factor_6,RNAseq,HSPA7_rna,-0.451986074683486,0.451986074683486,68
Factor_6,RNAseq,CYP2D6_rna,-0.45175758354166645,0.45175758354166645,69
Factor_6,RNAseq,EGFL8_rna,-0.4516568789812594,0.4516568789812594,70
Factor_6,RNAseq,ATP2A1_rna,-0.4511912482579451,0.4511912482579451,71
Factor_6,RNAseq,EME2_rna,-0.44966405694623746,0.44966405694623746,72
Factor_6,RNAseq,NEAT1_rna,-0.44837499695489413,0.44837499695489413,73
Factor_6,RNAseq,NPIPL3_rna,-0.4483401906377751,0.4483401906377751,74
Factor_6,RNAseq,PDXDC2_rna,-0.4475672653975911,0.4475672653975911,75
Factor_6,RNAseq,HCG27_rna,-0.4473812498138635,0.4473812498138635,76
Factor_6,RNAseq,LOC100128675_rna,-0.44668984571738257,0.44668984571738257,77
Factor_6,RNAseq,MST1P2_rna,-0.4456679393003975,0.4456679393003975,78
Factor_6,RNAseq,GOLGA6L5_rna,-0.4452302221982217,0.4452302221982217,79
Factor_6,RNAseq,AGAP8_rna,-0.4423587896571888,0.4423587896571888,80
Factor_6,RNAseq,GOLGA2B_rna,-0.44163785645685855,0.44163785645685855,81
Factor_6,RNAseq,ACCN3_rna,-0.4414036146599529,0.4414036146599529,82
Factor_6,RNAseq,SSPO_rna,-0.44132590780571007,0.44132590780571007,83
Factor_6,RNAseq,GPR17_rna,-0.4412304340298255,0.4412304340298255,84
Factor_6,RNAseq,COL11A2_rna,-0.4405349329033269,0.4405349329033269,85
Factor_6,RNAseq,CEACAM19_rna,-0.4405039129639516,0.4405039129639516,86
Factor_6,RNAseq,CPT1B_rna,-0.43475376044692365,0.43475376044692365,87
Factor_6,RNAseq,LOC100132247_rna,-0.4346449609757457,0.4346449609757457,88
Factor_6,RNAseq,C1orf175_rna,-0.4342969773165322,0.4342969773165322,89
Factor_6,RNAseq,CROCCL2_rna,-0.4339586068441307,0.4339586068441307,90
Factor_6,RNAseq,ANKRD36_rna,-0.43312608832636523,0.43312608832636523,91
Factor_6,RNAseq,TSSK3_rna,-0.4329282256976081,0.4329282256976081,92
Factor_6,RNAseq,MAMDC4_rna,-0.4315446796750269,0.4315446796750269,93
Factor_6,RNAseq,AVIL_rna,-0.4308845170379999,0.4308845170379999,94
Factor_6,RNAseq,MYH7B_rna,-0.4305851577065766,0.4305851577065766,95
Factor_6,RNAseq,NCRNA00202_rna,-0.4292534630732823,0.4292534630732823,96
Factor_6,RNAseq,FAM193B_rna,-0.42680623392198125,0.42680623392198125,97
Factor_6,RNAseq,LOC146880_rna,-0.42632070278525624,0.42632070278525624,98
Factor_6,RNAseq,L3MBTL_rna,-0.4255616166445087,0.4255616166445087,99
Factor_6,RNAseq,CSAD_rna,-0.4249574049024683,0.4249574049024683,100
Factor_7,RNAseq,CFTR_rna,-0.2072852662108672,0.2072852662108672,1
Factor_7,RNAseq,SFTPB_rna,-0.1990219387189236,0.1990219387189236,2
Factor_7,RNAseq,CLNK_rna,-0.1939854461913292,0.1939854461913292,3
Factor_7,RNAseq,HEPACAM2_rna,-0.1914154423890105,0.1914154423890105,4
Factor_7,RNAseq,FOXI1_rna,-0.18764794439048982,0.18764794439048982,5
Factor_7,RNAseq,ATP6V1G3_rna,-0.18364334049677203,0.18364334049677203,6
Factor_7,RNAseq,DMRT2_rna,-0.17380587898474636,0.17380587898474636,7
Factor_7,RNAseq,FOXI2_rna,-0.1700292516134387,0.1700292516134387,8
Factor_7,RNAseq,RHCG_rna,-0.168761417102299,0.168761417102299,9
Factor_7,RNAseq,STAP1_rna,-0.1684813371319849,0.1684813371319849,10
Factor_7,RNAseq,KLK1_rna,-0.16766580119542135,0.16766580119542135,11
Factor_7,RNAseq,SMOC1_rna,-0.1634529138337294,0.1634529138337294,12
Factor_7,RNAseq,KCNJ16_rna,0.16281366525183932,0.16281366525183932,13
Factor_7,RNAseq,KLK15_rna,-0.15664943037681633,0.15664943037681633,14
Factor_7,RNAseq,KRTAP5-8_rna,-0.15581237817445354,0.15581237817445354,15
Factor_7,RNAseq,GPRC6A_rna,-0.1545576654148237,0.1545576654148237,16
Factor_7,RNAseq,TRIM50_rna,-0.1519198892912191,0.1519198892912191,17
Factor_7,RNAseq,KLK4_rna,-0.15064290211123385,0.15064290211123385,18
Factor_7,RNAseq,SCG3_rna,-0.1491952559949369,0.1491952559949369,19
Factor_7,RNAseq,FBN3_rna,-0.14838411734784576,0.14838411734784576,20
Factor_7,RNAseq,KLK3_rna,-0.14836940184276667,0.14836940184276667,21
Factor_7,RNAseq,MOG_rna,-0.14646742384019076,0.14646742384019076,22
Factor_7,RNAseq,LRRTM1_rna,-0.1445012181099385,0.1445012181099385,23
Factor_7,RNAseq,ATP6V0D2_rna,-0.14396229755628645,0.14396229755628645,24
Factor_7,RNAseq,C15orf59_rna,-0.14390139021099452,0.14390139021099452,25
Factor_7,RNAseq,GALNT14_rna,0.14309261940085993,0.14309261940085993,26
Factor_7,RNAseq,WBSCR17_rna,-0.14210521667498027,0.14210521667498027,27
Factor_7,RNAseq,BICC1_rna,0.14157223705653915,0.14157223705653915,28
Factor_7,RNAseq,PIP_rna,-0.1414211366654906,0.1414211366654906,29
Factor_7,RNAseq,ERP27_rna,-0.1385265703867738,0.1385265703867738,30
Factor_7,RNAseq,CLDN19_rna,0.13810354820032997,0.13810354820032997,31
Factor_7,RNAseq,RNF128_rna,0.13679673671438264,0.13679673671438264,32
Factor_7,RNAseq,NEFL_rna,0.13627965524077698,0.13627965524077698,33
Factor_7,RNAseq,C8orf71_rna,-0.13588290609147055,0.13588290609147055,34
Factor_7,RNAseq,STXBP5L_rna,-0.1350497185974089,0.1350497185974089,35
Factor_7,RNAseq,RHBG_rna,-0.134560017555539,0.134560017555539,36
Factor_7,RNAseq,RASAL1_rna,0.13408531752673897,0.13408531752673897,37
Factor_7,RNAseq,CA9_rna,0.13399128325108114,0.13399128325108114,38
Factor_7,RNAseq,HS6ST3_rna,-0.13346693372896173,0.13346693372896173,39
Factor_7,RNAseq,SLC26A7_rna,-0.13339046626790976,0.13339046626790976,40
Factor_7,RNAseq,PRODH_rna,0.13339001810212794,0.13339001810212794,41
Factor_7,RNAseq,CXCL14_rna,0.1328582109953743,0.1328582109953743,42
Factor_7,RNAseq,MYRIP_rna,-0.13250638423270172,0.13250638423270172,43
Factor_7,RNAseq,SPINK7_rna,-0.13149076993324482,0.13149076993324482,44
Factor_7,RNAseq,HCN2_rna,-0.13141284201412,0.13141284201412,45
Factor_7,RNAseq,PART1_rna,-0.13139346104658686,0.13139346104658686,46
Factor_7,RNAseq,GCOM1_rna,-0.13104037916227235,0.13104037916227235,47
Factor_7,RNAseq,FAM184B_rna,-0.13080625843146496,0.13080625843146496,48
Factor_7,RNAseq,TGFA_rna,0.1305928739477645,0.1305928739477645,49
Factor_7,RNAseq,C21orf62_rna,0.13040357061423416,0.13040357061423416,50
Factor_7,RNAseq,MAOB_rna,0.1302025094740082,0.1302025094740082,51
Factor_7,RNAseq,DHRS2_rna,-0.12951968016080828,0.12951968016080828,52
Factor_7,RNAseq,CCDC160_rna,0.12924193736625111,0.12924193736625111,53
Factor_7,RNAseq,IRX5_rna,0.1291817261798086,0.1291817261798086,54
Factor_7,RNAseq,ATP6V1B1_rna,-0.1287140767049425,0.1287140767049425,55
Factor_7,RNAseq,ELAVL2_rna,-0.12844033469565247,0.12844033469565247,56
Factor_7,RNAseq,KIT_rna,-0.128249587090653,0.128249587090653,57
Factor_7,RNAseq,TARP_rna,-0.12819339556861484,0.12819339556861484,58
Factor_7,RNAseq,CTNNA2_rna,-0.1281808100464966,0.1281808100464966,59
Factor_7,RNAseq,CP_rna,0.12785352638971678,0.12785352638971678,60
Factor_7,RNAseq,GSDMC_rna,-0.1270445472636754,0.1270445472636754,61
Factor_7,RNAseq,CWH43_rna,-0.12698560477802345,0.12698560477802345,62
Factor_7,RNAseq,PDZK1IP1_rna,0.12550654760093638,0.12550654760093638,63
Factor_7,RNAseq,PSG9_rna,-0.1248759390867431,0.1248759390867431,64
Factor_7,RNAseq,GLDN_rna,-0.12439614635040191,0.12439614635040191,65
Factor_7,RNAseq,SPSB4_rna,-0.12355776466409037,0.12355776466409037,66
Factor_7,RNAseq,NKX6-1_rna,-0.12319255045709024,0.12319255045709024,67
Factor_7,RNAseq,ASB5_rna,-0.12317772581125157,0.12317772581125157,68
Factor_7,RNAseq,SLITRK2_rna,0.12316788200079766,0.12316788200079766,69
Factor_7,RNAseq,SUSD4_rna,0.12277613593914861,0.12277613593914861,70
Factor_7,RNAseq,DPP4_rna,0.12272824250134322,0.12272824250134322,71
Factor_7,RNAseq,CLDN10_rna,0.12259334798137188,0.12259334798137188,72
Factor_7,RNAseq,KBTBD12_rna,-0.12243710526518431,0.12243710526518431,73
Factor_7,RNAseq,ADAMTSL1_rna,-0.11949662591013918,0.11949662591013918,74
Factor_7,RNAseq,SYNGR3_rna,-0.11911337623115854,0.11911337623115854,75
Factor_7,RNAseq,NXPH2_rna,-0.11895219112980386,0.11895219112980386,76
Factor_7,RNAseq,ELFN2_rna,0.11894875135221161,0.11894875135221161,77
Factor_7,RNAseq,C9orf84_rna,-0.11866463584479991,0.11866463584479991,78
Factor_7,RNAseq,FAM70A_rna,-0.11856146967999541,0.11856146967999541,79
Factor_7,RNAseq,TNFAIP8L3_rna,-0.11839978585110987,0.11839978585110987,80
Factor_7,RNAseq,SLC4A9_rna,-0.11827306009407369,0.11827306009407369,81
Factor_7,RNAseq,C4BPB_rna,-0.1182312616401271,0.1182312616401271,82
Factor_7,RNAseq,C1orf168_rna,-0.11803401573587878,0.11803401573587878,83
Factor_7,RNAseq,PRIMA1_rna,0.11789175430074514,0.11789175430074514,84
Factor_7,RNAseq,?|729884_rna,-0.1178127572022918,0.1178127572022918,85
Factor_7,RNAseq,SEZ6L_rna,-0.11747325147278444,0.11747325147278444,86
Factor_7,RNAseq,NR1H4_rna,0.1172443012236319,0.1172443012236319,87
Factor_7,RNAseq,NR0B2_rna,-0.11706962004395177,0.11706962004395177,88
Factor_7,RNAseq,SLC7A5_rna,0.11706828137140605,0.11706828137140605,89
Factor_7,RNAseq,LAMB4_rna,-0.1168981704305368,0.1168981704305368,90
Factor_7,RNAseq,INHA_rna,0.11617271189100438,0.11617271189100438,91
Factor_7,RNAseq,PSG5_rna,-0.11607373124024305,0.11607373124024305,92
Factor_7,RNAseq,RASGEF1A_rna,0.1159849400441537,0.1159849400441537,93
Factor_7,RNAseq,NEURL_rna,-0.11582249447417965,0.11582249447417965,94
Factor_7,RNAseq,FOLR1_rna,0.11571987170214001,0.11571987170214001,95
Factor_7,RNAseq,CCDC74B_rna,0.11543792117339902,0.11543792117339902,96
Factor_7,RNAseq,HUNK_rna,0.11501433180086339,0.11501433180086339,97
Factor_7,RNAseq,PCDP1_rna,0.11484164666940111,0.11484164666940111,98
Factor_7,RNAseq,FGFR3_rna,0.11465161665184712,0.11465161665184712,99
Factor_7,RNAseq,BSND_rna,-0.11460368557311695,0.11460368557311695,100
Factor_8,RNAseq,FXYD2_rna,0.5758239686845957,0.5758239686845957,1
Factor_8,RNAseq,SSX1_rna,-0.5515206184628633,0.5515206184628633,2
Factor_8,RNAseq,SLC3A1_rna,0.531301851061764,0.531301851061764,3
Factor_8,RNAseq,DEFB1_rna,0.5156554862381951,0.5156554862381951,4
Factor_8,RNAseq,HPN_rna,0.5154814753278962,0.5154814753278962,5
Factor_8,RNAseq,CDH16_rna,0.5141247061986145,0.5141247061986145,6
Factor_8,RNAseq,XAGE1D_rna,-0.5137687001207888,0.5137687001207888,7
Factor_8,RNAseq,WFDC2_rna,0.5106700862330251,0.5106700862330251,8
Factor_8,RNAseq,MAGEC2_rna,-0.5028742506065909,0.5028742506065909,9
Factor_8,RNAseq,MAGEA6_rna,-0.5027563287524248,0.5027563287524248,10
Factor_8,RNAseq,OGDHL_rna,0.49738115216331447,0.49738115216331447,11
Factor_8,RNAseq,HNF1B_rna,0.4962890082259983,0.4962890082259983,12
Factor_8,RNAseq,MYH11_rna,0.4881711462764112,0.4881711462764112,13
Factor_8,RNAseq,PAGE5_rna,-0.47369326676034057,0.47369326676034057,14
Factor_8,RNAseq,?|553137_rna,0.46634367739284377,0.46634367739284377,15
Factor_8,RNAseq,SSX2_rna,-0.45942413318500397,0.45942413318500397,16
Factor_8,RNAseq,KCNJ16_rna,0.456665703139916,0.456665703139916,17
Factor_8,RNAseq,PCDP1_rna,0.4442409891234957,0.4442409891234957,18
Factor_8,RNAseq,PAGE2B_rna,-0.44082557699224334,0.44082557699224334,19
Factor_8,RNAseq,CSAG1_rna,-0.44057335575424783,0.44057335575424783,20
Factor_8,RNAseq,CD24_rna,0.43919920355677666,0.43919920355677666,21
Factor_8,RNAseq,NME5_rna,0.43527605111215123,0.43527605111215123,22
Factor_8,RNAseq,MAGEA12_rna,-0.43316112997191547,0.43316112997191547,23
Factor_8,RNAseq,CRTAC1_rna,0.42886390055003315,0.42886390055003315,24
Factor_8,RNAseq,DSCAML1_rna,0.4262333556341738,0.4262333556341738,25
Factor_8,RNAseq,PDZK1IP1_rna,0.42406358949167566,0.42406358949167566,26
Factor_8,RNAseq,FOLR1_rna,0.42343261398812215,0.42343261398812215,27
Factor_8,RNAseq,PARK2_rna,0.4191848581273855,0.4191848581273855,28
Factor_8,RNAseq,PKHD1_rna,0.4178249601771258,0.4178249601771258,29
Factor_8,RNAseq,PAGE2_rna,-0.415505498004668,0.415505498004668,30
Factor_8,RNAseq,ACSM2A_rna,0.41388223184863715,0.41388223184863715,31
Factor_8,RNAseq,MAGEB2_rna,-0.4135482702529555,0.4135482702529555,32
Factor_8,RNAseq,RGS7BP_rna,0.4127039963216974,0.4127039963216974,33
Factor_8,RNAseq,CLDN2_rna,0.411129443180368,0.411129443180368,34
Factor_8,RNAseq,SLCO4C1_rna,0.40970443654874444,0.40970443654874444,35
Factor_8,RNAseq,KLHDC7A_rna,0.4078672139855169,0.4078672139855169,36
Factor_8,RNAseq,PAX2_rna,0.407273559483534,0.407273559483534,37
Factor_8,RNAseq,ACADL_rna,0.40528743581815574,0.40528743581815574,38
Factor_8,RNAseq,ROS1_rna,-0.40329235779461703,0.40329235779461703,39
Factor_8,RNAseq,LOC100130933_rna,0.40192965446724066,0.40192965446724066,40
Factor_8,RNAseq,EMX2OS_rna,0.40089894920568936,0.40089894920568936,41
Factor_8,RNAseq,ATP1A2_rna,0.39633132395915976,0.39633132395915976,42
Factor_8,RNAseq,SLC22A2_rna,0.39622518417315866,0.39622518417315866,43
Factor_8,RNAseq,PLN_rna,0.3925688603862536,0.3925688603862536,44
Factor_8,RNAseq,FHL5_rna,0.39219776963444536,0.39219776963444536,45
Factor_8,RNAseq,KNDC1_rna,0.3910458940301791,0.3910458940301791,46
Factor_8,RNAseq,ACMSD_rna,0.39086763622600695,0.39086763622600695,47
Factor_8,RNAseq,HYDIN_rna,0.38949340628301526,0.38949340628301526,48
Factor_8,RNAseq,USH1C_rna,0.389112874975746,0.389112874975746,49
Factor_8,RNAseq,PPARGC1A_rna,0.38722013554972223,0.38722013554972223,50
Factor_8,RNAseq,CASQ2_rna,0.3871210751230812,0.3871210751230812,51
Factor_8,RNAseq,ACSM2B_rna,0.38710874632493447,0.38710874632493447,52
Factor_8,RNAseq,CRB3_rna,0.3867187009979198,0.3867187009979198,53
Factor_8,RNAseq,EMX2_rna,0.386182633471701,0.386182633471701,54
Factor_8,RNAseq,PPP1R1A_rna,0.3861819950152274,0.3861819950152274,55
Factor_8,RNAseq,HAVCR1_rna,0.38599803116117504,0.38599803116117504,56
Factor_8,RNAseq,UGT1A6_rna,0.38468036034451314,0.38468036034451314,57
Factor_8,RNAseq,MAGEA2_rna,-0.3819920760746837,0.3819920760746837,58
Factor_8,RNAseq,MAGEA3_rna,-0.37797697533349645,0.37797697533349645,59
Factor_8,RNAseq,CXCL14_rna,0.37593273374708375,0.37593273374708375,60
Factor_8,RNAseq,GLYAT_rna,0.37407122847075347,0.37407122847075347,61
Factor_8,RNAseq,DCDC2_rna,0.3737221951579047,0.3737221951579047,62
Factor_8,RNAseq,RBP5_rna,0.37283921515673824,0.37283921515673824,63
Factor_8,RNAseq,GLB1L2_rna,0.3723379117025489,0.3723379117025489,64
Factor_8,RNAseq,C6orf138_rna,0.3716444084442591,0.3716444084442591,65
Factor_8,RNAseq,NR1H4_rna,0.371524270839621,0.371524270839621,66
Factor_8,RNAseq,HKDC1_rna,0.3711982518604053,0.3711982518604053,67
Factor_8,RNAseq,NEFL_rna,0.3708683085823736,0.3708683085823736,68
Factor_8,RNAseq,NPY6R_rna,0.36776165238958775,0.36776165238958775,69
Factor_8,RNAseq,SPANXB2_rna,-0.36706809505961246,0.36706809505961246,70
Factor_8,RNAseq,MACC1_rna,0.36483869723958456,0.36483869723958456,71
Factor_8,RNAseq,SELP_rna,0.36418783388156606,0.36418783388156606,72
Factor_8,RNAseq,C1orf186_rna,0.36366216381887756,0.36366216381887756,73
Factor_8,RNAseq,C19orf77_rna,0.3584694013267322,0.3584694013267322,74
Factor_8,RNAseq,FAM133A_rna,-0.3559237954194135,0.3559237954194135,75
Factor_8,RNAseq,ERBB3_rna,0.3554813347347174,0.3554813347347174,76
Factor_8,RNAseq,MYOCD_rna,0.35432574928791233,0.35432574928791233,77
Factor_8,RNAseq,LOC283867_rna,-0.3532482706694809,0.3532482706694809,78
Factor_8,RNAseq,C19orf33_rna,0.35299811908402845,0.35299811908402845,79
Factor_8,RNAseq,RORC_rna,0.35288041376195295,0.35288041376195295,80
Factor_8,RNAseq,COL4A4_rna,0.35208099329861237,0.35208099329861237,81
Factor_8,RNAseq,CNTN3_rna,0.3515418905229453,0.3515418905229453,82
Factor_8,RNAseq,DNAH9_rna,0.3513685659297953,0.3513685659297953,83
Factor_8,RNAseq,KIF12_rna,0.35009870927177283,0.35009870927177283,84
Factor_8,RNAseq,SLC39A5_rna,0.3494138511499757,0.3494138511499757,85
Factor_8,RNAseq,LRRN4_rna,0.3492234850628033,0.3492234850628033,86
Factor_8,RNAseq,C10orf93_rna,0.3491209156500553,0.3491209156500553,87
Factor_8,RNAseq,PACRG_rna,0.34858888320878445,0.34858888320878445,88
Factor_8,RNAseq,PRELP_rna,0.3481932489565399,0.3481932489565399,89
Factor_8,RNAseq,GRB7_rna,0.3481142608361085,0.3481142608361085,90
Factor_8,RNAseq,HABP2_rna,0.34780167651180444,0.34780167651180444,91
Factor_8,RNAseq,RNF180_rna,0.34733125306772306,0.34733125306772306,92
Factor_8,RNAseq,MAGEA11_rna,-0.34655113071179194,0.34655113071179194,93
Factor_8,RNAseq,DMGDH_rna,0.34653903719078405,0.34653903719078405,94
Factor_8,RNAseq,NAT8_rna,0.34649107865400086,0.34649107865400086,95
Factor_8,RNAseq,LRP2_rna,0.34648860616198063,0.34648860616198063,96
Factor_8,RNAseq,SULT1C2_rna,0.34640572120251806,0.34640572120251806,97
Factor_8,RNAseq,PLIN5_rna,0.3462904667320603,0.3462904667320603,98
Factor_8,RNAseq,SLC44A4_rna,0.3461569621955808,0.3461569621955808,99
Factor_8,RNAseq,GPR143_rna,0.345977883382297,0.345977883382297,100
Factor_9,RNAseq,NME1-NME2_rna,0.7229077532220167,0.7229077532220167,1
Factor_9,RNAseq,MIF_rna,0.6514106681627155,0.6514106681627155,2
Factor_9,RNAseq,PAR5_rna,-0.6197911290661684,0.6197911290661684,3
Factor_9,RNAseq,SNURF_rna,0.6026423414375129,0.6026423414375129,4
Factor_9,RNAseq,C19orf20_rna,0.5827948888736535,0.5827948888736535,5
Factor_9,RNAseq,SYS1-DBNDD2_rna,0.5744201005644525,0.5744201005644525,6
Factor_9,RNAseq,CLDN3_rna,0.554448512748069,0.554448512748069,7
Factor_9,RNAseq,ZNHIT2_rna,0.5422225661348767,0.5422225661348767,8
Factor_9,RNAseq,TSPO_rna,0.5371203999269952,0.5371203999269952,9
Factor_9,RNAseq,CTXN1_rna,0.531971764400864,0.531971764400864,10
Factor_9,RNAseq,SCAND1_rna,0.5316806775454144,0.5316806775454144,11
Factor_9,RNAseq,LCOR_rna,-0.5282724995940405,0.5282724995940405,12
Factor_9,RNAseq,MIB2_rna,0.5275500404745243,0.5275500404745243,13
Factor_9,RNAseq,NUBP2_rna,0.523322270638498,0.523322270638498,14
Factor_9,RNAseq,LOC100270710_rna,0.5146633450769504,0.5146633450769504,15
Factor_9,RNAseq,INE2_rna,0.5121838359620224,0.5121838359620224,16
Factor_9,RNAseq,JOSD2_rna,0.5071307264082783,0.5071307264082783,17
Factor_9,RNAseq,CXXC5_rna,0.5053399749548939,0.5053399749548939,18
Factor_9,RNAseq,RCC1_rna,0.5032399389815948,0.5032399389815948,19
Factor_9,RNAseq,POU3F3_rna,0.5013390734569488,0.5013390734569488,20
Factor_9,RNAseq,RTN4RL2_rna,0.5013205833857637,0.5013205833857637,21
Factor_9,RNAseq,TNFRSF12A_rna,0.500840880574751,0.500840880574751,22
Factor_9,RNAseq,GCSH_rna,0.4972176911165995,0.4972176911165995,23
Factor_9,RNAseq,LIME1_rna,0.49679143452453806,0.49679143452453806,24
Factor_9,RNAseq,BOP1_rna,0.4961991368763121,0.4961991368763121,25
Factor_9,RNAseq,PRR7_rna,0.49590120642569946,0.49590120642569946,26
Factor_9,RNAseq,NBEAL1_rna,-0.49572015282663756,0.49572015282663756,27
Factor_9,RNAseq,UBE2S_rna,0.4920405521610614,0.4920405521610614,28
Factor_9,RNAseq,TRAPPC5_rna,0.4894352206276821,0.4894352206276821,29
Factor_9,RNAseq,AMN_rna,0.4893514677493848,0.4893514677493848,30
Factor_9,RNAseq,FAM171A2_rna,0.4881566268506254,0.4881566268506254,31
Factor_9,RNAseq,CHPF_rna,0.4873303920770523,0.4873303920770523,32
Factor_9,RNAseq,PPDPF_rna,0.4845311472325222,0.4845311472325222,33
Factor_9,RNAseq,DOHH_rna,0.48349292226637364,0.48349292226637364,34
Factor_9,RNAseq,HSPB1_rna,0.48292753017985124,0.48292753017985124,35
Factor_9,RNAseq,NDUFB7_rna,0.4828075059979127,0.4828075059979127,36
Factor_9,RNAseq,FAM108A1_rna,0.48187297942148927,0.48187297942148927,37
Factor_9,RNAseq,METRN_rna,0.4815274919951849,0.4815274919951849,38
Factor_9,RNAseq,CCDC124_rna,0.4810726970994204,0.4810726970994204,39
Factor_9,RNAseq,ZNF414_rna,0.476087113050275,0.476087113050275,40
Factor_9,RNAseq,EIF3C_rna,0.4758274342079967,0.4758274342079967,41
Factor_9,RNAseq,PYCARD_rna,0.4751206410015215,0.4751206410015215,42
Factor_9,RNAseq,RTN4R_rna,0.4738026711176045,0.4738026711176045,43
Factor_9,RNAseq,CORO1B_rna,0.4728960735487355,0.4728960735487355,44
Factor_9,RNAseq,FAM128B_rna,0.4719891755635995,0.4719891755635995,45
Factor_9,RNAseq,METRNL_rna,0.4713733775415782,0.4713733775415782,46
Factor_9,RNAseq,F12_rna,0.468056656708008,0.468056656708008,47
Factor_9,RNAseq,MIR17HG_rna,-0.46750946554325645,0.46750946554325645,48
Factor_9,RNAseq,NME3_rna,0.46550394389179073,0.46550394389179073,49
Factor_9,RNAseq,LTC4S_rna,0.46323629506335484,0.46323629506335484,50
Factor_9,RNAseq,RRAD_rna,0.46270040375084537,0.46270040375084537,51
Factor_9,RNAseq,LPP_rna,-0.4611420498508547,0.4611420498508547,52
Factor_9,RNAseq,H1FX_rna,0.4610881167200844,0.4610881167200844,53
Factor_9,RNAseq,ATP5D_rna,0.45966981361993464,0.45966981361993464,54
Factor_9,RNAseq,CCDC85B_rna,0.45962509061084467,0.45962509061084467,55
Factor_9,RNAseq,ANAPC11_rna,0.45840139732925134,0.45840139732925134,56
Factor_9,RNAseq,SAMD1_rna,0.45747337806284544,0.45747337806284544,57
Factor_9,RNAseq,GALK1_rna,0.45721671294452626,0.45721671294452626,58
Factor_9,RNAseq,SLC16A3_rna,0.45690428819834367,0.45690428819834367,59
Factor_9,RNAseq,PHLDA2_rna,0.45590908795990864,0.45590908795990864,60
Factor_9,RNAseq,CCDC144B_rna,-0.45573775634191155,0.45573775634191155,61
Factor_9,RNAseq,MFSD3_rna,0.45560182093991497,0.45560182093991497,62
Factor_9,RNAseq,PKMYT1_rna,0.45437997379744055,0.45437997379744055,63
Factor_9,RNAseq,LOC100190986_rna,-0.4542118866027047,0.4542118866027047,64
Factor_9,RNAseq,CCDC144A_rna,-0.4534570764150975,0.4534570764150975,65
Factor_9,RNAseq,TMEM54_rna,0.452770722903854,0.452770722903854,66
Factor_9,RNAseq,GNB1L_rna,0.4518262602939734,0.4518262602939734,67
Factor_9,RNAseq,TNFRSF6B_rna,0.45147528105593665,0.45147528105593665,68
Factor_9,RNAseq,SELM_rna,0.4512690300410949,0.4512690300410949,69
Factor_9,RNAseq,F8A1_rna,0.4511039340730319,0.4511039340730319,70
Factor_9,RNAseq,FAM173A_rna,0.4510851790449472,0.4510851790449472,71
Factor_9,RNAseq,ZDHHC12_rna,0.450917094873478,0.450917094873478,72
Factor_9,RNAseq,CHST13_rna,0.44987534389475264,0.44987534389475264,73
Factor_9,RNAseq,RNH1_rna,0.448912542832489,0.448912542832489,74
Factor_9,RNAseq,MPG_rna,0.44840858502377967,0.44840858502377967,75
Factor_9,RNAseq,?|653553_rna,0.4479445678196904,0.4479445678196904,76
Factor_9,RNAseq,DGKH_rna,-0.4477166791142261,0.4477166791142261,77
Factor_9,RNAseq,LRP3_rna,0.44719681833103353,0.44719681833103353,78
Factor_9,RNAseq,GPR172A_rna,0.4471126427577048,0.4471126427577048,79
Factor_9,RNAseq,PAK4_rna,0.4469632325255471,0.4469632325255471,80
Factor_9,RNAseq,MSC_rna,0.4468280462042957,0.4468280462042957,81
Factor_9,RNAseq,SCARF2_rna,0.4464014335617368,0.4464014335617368,82
Factor_9,RNAseq,GPC1_rna,0.444735862492939,0.444735862492939,83
Factor_9,RNAseq,COMTD1_rna,0.44464522918444255,0.44464522918444255,84
Factor_9,RNAseq,C19orf24_rna,0.44399858789428454,0.44399858789428454,85
Factor_9,RNAseq,HLA-H_rna,0.44336777118604076,0.44336777118604076,86
Factor_9,RNAseq,DPM3_rna,0.4428537315509038,0.4428537315509038,87
Factor_9,RNAseq,BTBD8_rna,-0.44227490894280413,0.44227490894280413,88
Factor_9,RNAseq,CAPS2_rna,-0.4395739036062054,0.4395739036062054,89
Factor_9,RNAseq,LOC641298_rna,-0.43867798872958474,0.43867798872958474,90
Factor_9,RNAseq,HIST2H2AA3_rna,0.4386103959644408,0.4386103959644408,91
Factor_9,RNAseq,BTBD2_rna,0.4384722571476244,0.4384722571476244,92
Factor_9,RNAseq,PCSK1N_rna,0.43812311617736355,0.43812311617736355,93
Factor_9,RNAseq,BBC3_rna,0.4379231704748189,0.4379231704748189,94
Factor_9,RNAseq,TUBB3_rna,0.4374897034593852,0.4374897034593852,95
Factor_9,RNAseq,AMDHD2_rna,0.43724043379485517,0.43724043379485517,96
Factor_9,RNAseq,C4orf48_rna,0.4369133172461975,0.4369133172461975,97
Factor_9,RNAseq,ALKBH7_rna,0.43606511925452446,0.43606511925452446,98
Factor_9,RNAseq,RPUSD1_rna,0.4360000629695734,0.4360000629695734,99
Factor_9,RNAseq,FAM63B_rna,-0.4359683834392809,0.4359683834392809,100
Factor_10,RNAseq,LOC100271831_rna,-0.7277318817513119,0.7277318817513119,1
Factor_10,RNAseq,PCSK1N_rna,-0.6755750512090701,0.6755750512090701,2
Factor_10,RNAseq,TMED7-TICAM2_rna,0.6709268812721845,0.6709268812721845,3
Factor_10,RNAseq,FAM66D_rna,-0.6357674875387933,0.6357674875387933,4
Factor_10,RNAseq,SLC26A1_rna,-0.6320687200776641,0.6320687200776641,5
Factor_10,RNAseq,AMN_rna,-0.6232969886601512,0.6232969886601512,6
Factor_10,RNAseq,C20orf117_rna,-0.6228294038187219,0.6228294038187219,7
Factor_10,RNAseq,OGDHL_rna,-0.6128929171415625,0.6128929171415625,8
Factor_10,RNAseq,CXCL11_rna,0.6106789629174773,0.6106789629174773,9
Factor_10,RNAseq,LTBP4_rna,-0.6079606794574876,0.6079606794574876,10
Factor_10,RNAseq,TNFAIP6_rna,0.6027200272283235,0.6027200272283235,11
Factor_10,RNAseq,ZBTB20_rna,-0.6008042221999667,0.6008042221999667,12
Factor_10,RNAseq,SPTBN2_rna,-0.5945015796176546,0.5945015796176546,13
Factor_10,RNAseq,MYO7B_rna,-0.5859097459834669,0.5859097459834669,14
Factor_10,RNAseq,SH3D20_rna,-0.5801765935243253,0.5801765935243253,15
Factor_10,RNAseq,GDF7_rna,-0.5762292581015075,0.5762292581015075,16
Factor_10,RNAseq,SLC34A1_rna,-0.574749728827952,0.574749728827952,17
Factor_10,RNAseq,FOXA1_rna,0.5741236017545257,0.5741236017545257,18
Factor_10,RNAseq,ZFPM1_rna,-0.5698510604300474,0.5698510604300474,19
Factor_10,RNAseq,TNXB_rna,-0.5695588926721957,0.5695588926721957,20
Factor_10,RNAseq,FTCD_rna,-0.5561174320143829,0.5561174320143829,21
Factor_10,RNAseq,LDLRAD2_rna,-0.5544971417921593,0.5544971417921593,22
Factor_10,RNAseq,MMP23B_rna,-0.553731537434389,0.553731537434389,23
Factor_10,RNAseq,CCDC85B_rna,-0.5500226470990504,0.5500226470990504,24
Factor_10,RNAseq,PKD1_rna,-0.5489128186714394,0.5489128186714394,25
Factor_10,RNAseq,IHH_rna,-0.547491262155636,0.547491262155636,26
Factor_10,RNAseq,C4orf48_rna,-0.5463091587440074,0.5463091587440074,27
Factor_10,RNAseq,CAMK2B_rna,-0.5344858768158449,0.5344858768158449,28
Factor_10,RNAseq,?|653553_rna,-0.5335837989741037,0.5335837989741037,29
Factor_10,RNAseq,XKR9_rna,0.5334904643981754,0.5334904643981754,30
Factor_10,RNAseq,NAT8L_rna,-0.5309726679495141,0.5309726679495141,31
Factor_10,RNAseq,PVALB_rna,-0.5302335222427624,0.5302335222427624,32
Factor_10,RNAseq,DPEP1_rna,-0.5298992869802119,0.5298992869802119,33
Factor_10,RNAseq,SPTBN4_rna,-0.5298055868005652,0.5298055868005652,34
Factor_10,RNAseq,CYP11A1_rna,-0.5297607492556845,0.5297607492556845,35
Factor_10,RNAseq,SLC4A3_rna,-0.5294463705280317,0.5294463705280317,36
Factor_10,RNAseq,REEP6_rna,-0.5288136470201361,0.5288136470201361,37
Factor_10,RNAseq,SLC24A5_rna,0.5281881014905834,0.5281881014905834,38
Factor_10,RNAseq,COMTD1_rna,-0.5273694654034694,0.5273694654034694,39
Factor_10,RNAseq,ADAT3_rna,-0.526916143391935,0.526916143391935,40
Factor_10,RNAseq,SLC30A2_rna,-0.5267420131688851,0.5267420131688851,41
Factor_10,RNAseq,ASPDH_rna,-0.5262395635317099,0.5262395635317099,42
Factor_10,RNAseq,SCAND1_rna,-0.5258152656334611,0.5258152656334611,43
Factor_10,RNAseq,INTS1_rna,-0.5240965019723813,0.5240965019723813,44
Factor_10,RNAseq,PMAIP1_rna,0.5239956409000621,0.5239956409000621,45
Factor_10,RNAseq,APOE_rna,-0.52159717161913,0.52159717161913,46
Factor_10,RNAseq,IL8_rna,0.5214315999215154,0.5214315999215154,47
Factor_10,RNAseq,CENPK_rna,0.52139293297628,0.52139293297628,48
Factor_10,RNAseq,GGTLC2_rna,-0.5198560160674623,0.5198560160674623,49
Factor_10,RNAseq,SLC34A3_rna,-0.5194534131342659,0.5194534131342659,50
Factor_10,RNAseq,PLEC_rna,-0.5168708039975733,0.5168708039975733,51
Factor_10,RNAseq,CXCL10_rna,0.5158708319670159,0.5158708319670159,52
Factor_10,RNAseq,GTF2A1L_rna,0.5152583666730429,0.5152583666730429,53
Factor_10,RNAseq,OPLAH_rna,-0.5152136300043245,0.5152136300043245,54
Factor_10,RNAseq,GLI4_rna,-0.5149742011659395,0.5149742011659395,55
Factor_10,RNAseq,MANEA_rna,0.5145278922343359,0.5145278922343359,56
Factor_10,RNAseq,ZNF837_rna,-0.5113835379797709,0.5113835379797709,57
Factor_10,RNAseq,GPT_rna,-0.5110825436574582,0.5110825436574582,58
Factor_10,RNAseq,PPP1R14A_rna,-0.5103720664269492,0.5103720664269492,59
Factor_10,RNAseq,KIAA1543_rna,-0.5102821838158943,0.5102821838158943,60
Factor_10,RNAseq,CHST13_rna,-0.5098978888771256,0.5098978888771256,61
Factor_10,RNAseq,RNF208_rna,-0.5093779704712944,0.5093779704712944,62
Factor_10,RNAseq,SLC22A12_rna,-0.5091931617515487,0.5091931617515487,63
Factor_10,RNAseq,PRR5_rna,-0.5061101298522873,0.5061101298522873,64
Factor_10,RNAseq,FAM173A_rna,-0.5057495018017997,0.5057495018017997,65
Factor_10,RNAseq,TNFRSF11B_rna,0.5048442496596517,0.5048442496596517,66
Factor_10,RNAseq,PDZD4_rna,-0.5036839337937249,0.5036839337937249,67
Factor_10,RNAseq,ATP5D_rna,-0.5015980585183277,0.5015980585183277,68
Factor_10,RNAseq,FCGBP_rna,-0.5003480985802581,0.5003480985802581,69
Factor_10,RNAseq,RENBP_rna,-0.4985787066079403,0.4985787066079403,70
Factor_10,RNAseq,C19orf20_rna,-0.49845791994754696,0.49845791994754696,71
Factor_10,RNAseq,METRN_rna,-0.4936825764300577,0.4936825764300577,72
Factor_10,RNAseq,AMDHD2_rna,-0.49253934116649967,0.49253934116649967,73
Factor_10,RNAseq,SLC5A2_rna,-0.4924474317997554,0.4924474317997554,74
Factor_10,RNAseq,CLEC11A_rna,-0.491765675354381,0.491765675354381,75
Factor_10,RNAseq,MEGF8_rna,-0.49018079228347017,0.49018079228347017,76
Factor_10,RNAseq,C9orf72_rna,0.4894963257617173,0.4894963257617173,77
Factor_10,RNAseq,MAP3K9_rna,-0.48912728476294204,0.48912728476294204,78
Factor_10,RNAseq,FLJ42875_rna,-0.48679851953362213,0.48679851953362213,79
Factor_10,RNAseq,CCDC160_rna,0.4848885049008857,0.4848885049008857,80
Factor_10,RNAseq,MFSD3_rna,-0.48395905627593205,0.48395905627593205,81
Factor_10,RNAseq,ABCA7_rna,-0.48339430560024854,0.48339430560024854,82
Factor_10,RNAseq,C14orf132_rna,-0.48275925069796083,0.48275925069796083,83
Factor_10,RNAseq,ESPN_rna,-0.48095643931491455,0.48095643931491455,84
Factor_10,RNAseq,SYCE1L_rna,-0.479844933139137,0.479844933139137,85
Factor_10,RNAseq,PROC_rna,-0.4798096295811971,0.4798096295811971,86
Factor_10,RNAseq,SHBG_rna,-0.4780462956718542,0.4780462956718542,87
Factor_10,RNAseq,SLC25A10_rna,-0.4776492008378838,0.4776492008378838,88
Factor_10,RNAseq,TRAPPC5_rna,-0.4776474357732205,0.4776474357732205,89
Factor_10,RNAseq,IFI44_rna,0.4767253802708964,0.4767253802708964,90
Factor_10,RNAseq,OBSCN_rna,-0.4758909459369259,0.4758909459369259,91
Factor_10,RNAseq,ADM2_rna,-0.4754955312933383,0.4754955312933383,92
Factor_10,RNAseq,ZNF579_rna,-0.4750637613448088,0.4750637613448088,93
Factor_10,RNAseq,MACROD1_rna,-0.47486080750259696,0.47486080750259696,94
Factor_10,RNAseq,MIOX_rna,-0.47450063712243545,0.47450063712243545,95
Factor_10,RNAseq,D2HGDH_rna,-0.47380128006143163,0.47380128006143163,96
Factor_10,RNAseq,EMILIN3_rna,-0.47377983987918987,0.47377983987918987,97
Factor_10,RNAseq,PLSCR1_rna,0.4735836680025573,0.4735836680025573,98
Factor_10,RNAseq,BRI3BP_rna,-0.4722209396662113,0.4722209396662113,99
Factor_10,RNAseq,PRODH2_rna,-0.4721615647277183,0.4721615647277183,100
Factor_11,RNAseq,C5orf46_rna,-0.6219229566002228,0.6219229566002228,1
Factor_11,RNAseq,SLC6A3_rna,-0.5583768199272261,0.5583768199272261,2
Factor_11,RNAseq,NDUFA4L2_rna,-0.5458933007757757,0.5458933007757757,3
Factor_11,RNAseq,PRIMA1_rna,-0.5283935972805934,0.5283935972805934,4
Factor_11,RNAseq,C8orf22_rna,-0.5254403227507242,0.5254403227507242,5
Factor_11,RNAseq,TUBA3D_rna,-0.5146484509188535,0.5146484509188535,6
Factor_11,RNAseq,HAPLN1_rna,-0.49204833665522174,0.49204833665522174,7
Factor_11,RNAseq,CP_rna,-0.48348370253715844,0.48348370253715844,8
Factor_11,RNAseq,ARSI_rna,0.47518198891389823,0.47518198891389823,9
Factor_11,RNAseq,PNCK_rna,-0.46895687818213605,0.46895687818213605,10
Factor_11,RNAseq,TUBA3E_rna,-0.4642725469779439,0.4642725469779439,11
Factor_11,RNAseq,DNAJB13_rna,-0.4590494450133901,0.4590494450133901,12
Factor_11,RNAseq,FABP7_rna,-0.451758967014771,0.451758967014771,13
Factor_11,RNAseq,BMP7_rna,0.44850348568407733,0.44850348568407733,14
Factor_11,RNAseq,CDH17_rna,0.4478759451488944,0.4478759451488944,15
Factor_11,RNAseq,C10orf99_rna,-0.44732878680928667,0.44732878680928667,16
Factor_11,RNAseq,FABP6_rna,-0.4386884693611635,0.4386884693611635,17
Factor_11,RNAseq,NPTX2_rna,-0.433052001624372,0.433052001624372,18
Factor_11,RNAseq,ALDOC_rna,-0.42719126863102064,0.42719126863102064,19
Factor_11,RNAseq,SLC13A2_rna,0.41977373239350557,0.41977373239350557,20
Factor_11,RNAseq,TMPRSS3_rna,-0.4194937678725847,0.4194937678725847,21
Factor_11,RNAseq,PCSK6_rna,-0.4189579183252041,0.4189579183252041,22
Factor_11,RNAseq,OSBPL6_rna,0.4173949710685434,0.4173949710685434,23
Factor_11,RNAseq,ADAM18_rna,-0.41283323324530635,0.41283323324530635,24
Factor_11,RNAseq,ABCA8_rna,0.4128199249524051,0.4128199249524051,25
Factor_11,RNAseq,SYT14_rna,0.4127569526295959,0.4127569526295959,26
Factor_11,RNAseq,CSDC2_rna,0.4052462566598982,0.4052462566598982,27
Factor_11,RNAseq,FREM1_rna,0.39955943045706593,0.39955943045706593,28
Factor_11,RNAseq,SV2B_rna,0.39800788898523154,0.39800788898523154,29
Factor_11,RNAseq,ADAMTS16_rna,0.3972433258795267,0.3972433258795267,30
Factor_11,RNAseq,CA9_rna,-0.3949114425916842,0.3949114425916842,31
Factor_11,RNAseq,DNAH11_rna,-0.38983807841230084,0.38983807841230084,32
Factor_11,RNAseq,TRIM63_rna,0.3861951826264562,0.3861951826264562,33
Factor_11,RNAseq,C1orf114_rna,0.38590785141393286,0.38590785141393286,34
Factor_11,RNAseq,SPINK13_rna,-0.38493671157836823,0.38493671157836823,35
Factor_11,RNAseq,KISS1R_rna,-0.38233531895194856,0.38233531895194856,36
Factor_11,RNAseq,COL23A1_rna,-0.3812693793051419,0.3812693793051419,37
Factor_11,RNAseq,APOB_rna,-0.38096601872771,0.38096601872771,38
Factor_11,RNAseq,C6orf223_rna,-0.379987910251457,0.379987910251457,39
Factor_11,RNAseq,TREX2_rna,-0.37849254974067476,0.37849254974067476,40
Factor_11,RNAseq,CCDC64B_rna,-0.37811727409001944,0.37811727409001944,41
Factor_11,RNAseq,KIF1A_rna,0.37655324728021294,0.37655324728021294,42
Factor_11,RNAseq,CPEB1_rna,0.37325738019428795,0.37325738019428795,43
Factor_11,RNAseq,HMGA2_rna,0.37054649949814794,0.37054649949814794,44
Factor_11,RNAseq,BNC1_rna,0.368715994285856,0.368715994285856,45
Factor_11,RNAseq,SFRP1_rna,0.3683437343765583,0.3683437343765583,46
Factor_11,RNAseq,CNTN1_rna,0.3675809535698764,0.3675809535698764,47
Factor_11,RNAseq,FOXJ1_rna,0.3668224066239247,0.3668224066239247,48
Factor_11,RNAseq,ASAM_rna,0.36681895912064044,0.36681895912064044,49
Factor_11,RNAseq,TUBA3C_rna,-0.36598170754342646,0.36598170754342646,50
Factor_11,RNAseq,CDHR1_rna,-0.36489867050858227,0.36489867050858227,51
Factor_11,RNAseq,DPP6_rna,0.36419372927688826,0.36419372927688826,52
Factor_11,RNAseq,CAMK2A_rna,0.3638741532733787,0.3638741532733787,53
Factor_11,RNAseq,CD70_rna,-0.363448727769218,0.363448727769218,54
Factor_11,RNAseq,CREB3L1_rna,0.36227931912059347,0.36227931912059347,55
Factor_11,RNAseq,ANGPTL4_rna,-0.35922673930683785,0.35922673930683785,56
Factor_11,RNAseq,LRRN1_rna,0.3587863048570607,0.3587863048570607,57
Factor_11,RNAseq,C12orf36_rna,-0.35752008464073776,0.35752008464073776,58
Factor_11,RNAseq,CYP2J2_rna,-0.3547499513512165,0.3547499513512165,59
Factor_11,RNAseq,PTHLH_rna,-0.3530559195536237,0.3530559195536237,60
Factor_11,RNAseq,FLNC_rna,0.3512297693085808,0.3512297693085808,61
Factor_11,RNAseq,TGFBI_rna,-0.3505265100814076,0.3505265100814076,62
Factor_11,RNAseq,MYOC_rna,-0.35025057214571836,0.35025057214571836,63
Factor_11,RNAseq,NDRG4_rna,0.3490742045987188,0.3490742045987188,64
Factor_11,RNAseq,NRK_rna,0.34677933831817037,0.34677933831817037,65
Factor_11,RNAseq,PTGS1_rna,-0.3465304673871623,0.3465304673871623,66
Factor_11,RNAseq,IDO1_rna,-0.34577784852417986,0.34577784852417986,67
Factor_11,RNAseq,SLC22A13_rna,0.34357174910753785,0.34357174910753785,68
Factor_11,RNAseq,TMEM91_rna,-0.3434268160171767,0.3434268160171767,69
Factor_11,RNAseq,RNASET2_rna,-0.34258260110059713,0.34258260110059713,70
Factor_11,RNAseq,MPP2_rna,0.34081075950545364,0.34081075950545364,71
Factor_11,RNAseq,HS6ST2_rna,0.340580684760225,0.340580684760225,72
Factor_11,RNAseq,SLC13A3_rna,0.3393595324429126,0.3393595324429126,73
Factor_11,RNAseq,SEMA5B_rna,-0.33894905148267523,0.33894905148267523,74
Factor_11,RNAseq,IGFBP3_rna,-0.3384188869332778,0.3384188869332778,75
Factor_11,RNAseq,ITGB1BP3_rna,0.3374294768662759,0.3374294768662759,76
Factor_11,RNAseq,BCHE_rna,0.3371993921500458,0.3371993921500458,77
Factor_11,RNAseq,SPON1_rna,0.33563982510393797,0.33563982510393797,78
Factor_11,RNAseq,PPP1R14D_rna,-0.3354036160333772,0.3354036160333772,79
Factor_11,RNAseq,PDZRN3_rna,0.333265534691556,0.333265534691556,80
Factor_11,RNAseq,SPEG_rna,0.33144861052454666,0.33144861052454666,81
Factor_11,RNAseq,SYNC_rna,0.3312959895404688,0.3312959895404688,82
Factor_11,RNAseq,COL7A1_rna,0.33007871820375745,0.33007871820375745,83
Factor_11,RNAseq,MYL3_rna,0.3294945356364852,0.3294945356364852,84
Factor_11,RNAseq,NXPH4_rna,-0.3291386466838912,0.3291386466838912,85
Factor_11,RNAseq,C6orf168_rna,0.32858316124882747,0.32858316124882747,86
Factor_11,RNAseq,LAMA2_rna,0.32853441241496895,0.32853441241496895,87
Factor_11,RNAseq,PDGFRA_rna,0.3281123096605978,0.3281123096605978,88
Factor_11,RNAseq,TNNT2_rna,0.3269509083448471,0.3269509083448471,89
Factor_11,RNAseq,KIAA1211_rna,0.3269127307573251,0.3269127307573251,90
Factor_11,RNAseq,CECR2_rna,0.3269120741520408,0.3269120741520408,91
Factor_11,RNAseq,SOSTDC1_rna,0.32660381591115006,0.32660381591115006,92
Factor_11,RNAseq,ADAM33_rna,0.3262988494558651,0.3262988494558651,93
Factor_11,RNAseq,NAV3_rna,0.32623834218226583,0.32623834218226583,94
Factor_11,RNAseq,SOX8_rna,0.32593920832903767,0.32593920832903767,95
Factor_11,RNAseq,XPNPEP2_rna,0.32459827275569747,0.32459827275569747,96
Factor_11,RNAseq,MAPK4_rna,0.3225048945377315,0.3225048945377315,97
Factor_11,RNAseq,C1QL1_rna,-0.3213547081151972,0.3213547081151972,98
Factor_11,RNAseq,ETV4_rna,0.32103822402070914,0.32103822402070914,99
Factor_11,RNAseq,PTH1R_rna,0.3206915838162258,0.3206915838162258,100
Factor_12,RNAseq,CRX_rna,0.2404083930572158,0.2404083930572158,1
Factor_12,RNAseq,NEUROD2_rna,0.2318510901462532,0.2318510901462532,2
Factor_12,RNAseq,SHOX_rna,0.23176708347698896,0.23176708347698896,3
Factor_12,RNAseq,CACNG2_rna,0.2274056499543809,0.2274056499543809,4
Factor_12,RNAseq,LYPD4_rna,0.22075490828455038,0.22075490828455038,5
Factor_12,RNAseq,TAAR5_rna,0.21581420906627988,0.21581420906627988,6
Factor_12,RNAseq,LOC400891_rna,0.21521499378610706,0.21521499378610706,7
Factor_12,RNAseq,MIP_rna,0.21497182624166217,0.21497182624166217,8
Factor_12,RNAseq,LOC126536_rna,0.21475118792387782,0.21475118792387782,9
Factor_12,RNAseq,MYADML_rna,0.21354140132720625,0.21354140132720625,10
Factor_12,RNAseq,OR6W1P_rna,0.21303649146975723,0.21303649146975723,11
Factor_12,RNAseq,SIAH3_rna,0.21215519244757425,0.21215519244757425,12
Factor_12,RNAseq,VENTXP7_rna,0.21050348837770438,0.21050348837770438,13
Factor_12,RNAseq,NEUROD1_rna,0.20949955792392205,0.20949955792392205,14
Factor_12,RNAseq,AMAC1_rna,0.2031817612303125,0.2031817612303125,15
Factor_12,RNAseq,C21orf99_rna,0.20096063301201184,0.20096063301201184,16
Factor_12,RNAseq,FGF23_rna,0.20051310043974546,0.20051310043974546,17
Factor_12,RNAseq,PABPC1P2_rna,0.20008011559142305,0.20008011559142305,18
Factor_12,RNAseq,FDPSL2A_rna,0.19997493976538183,0.19997493976538183,19
Factor_12,RNAseq,LYSMD2_rna,-0.19805425634721666,0.19805425634721666,20
Factor_12,RNAseq,RTP1_rna,0.19802349781851425,0.19802349781851425,21
Factor_12,RNAseq,LOC100128811_rna,0.1969463098606072,0.1969463098606072,22
Factor_12,RNAseq,C14orf23_rna,0.19679821053147517,0.19679821053147517,23
Factor_12,RNAseq,LOC440896_rna,0.19661278291395698,0.19661278291395698,24
Factor_12,RNAseq,HRNBP3_rna,0.1957441533766685,0.1957441533766685,25
Factor_12,RNAseq,METTL11B_rna,0.19534115076860056,0.19534115076860056,26
Factor_12,RNAseq,MYL5_rna,-0.19367250744523112,0.19367250744523112,27
Factor_12,RNAseq,DCUN1D5_rna,-0.19274226879951675,0.19274226879951675,28
Factor_12,RNAseq,SEPT14_rna,0.1923307593558703,0.1923307593558703,29
Factor_12,RNAseq,CHKB_rna,-0.19163479652948312,0.19163479652948312,30
Factor_12,RNAseq,PRO1768_rna,0.19158331195154837,0.19158331195154837,31
Factor_12,RNAseq,ACYP2_rna,-0.19078197402208322,0.19078197402208322,32
Factor_12,RNAseq,ELAVL3_rna,0.1906736962752562,0.1906736962752562,33
Factor_12,RNAseq,FAM25A_rna,0.1905931319441331,0.1905931319441331,34
Factor_12,RNAseq,BPESC1_rna,0.18998578259420817,0.18998578259420817,35
Factor_12,RNAseq,SLITRK1_rna,0.18988967664301631,0.18988967664301631,36
Factor_12,RNAseq,SLC5A5_rna,0.18956964169641155,0.18956964169641155,37
Factor_12,RNAseq,FAM92A3_rna,0.18925804800155804,0.18925804800155804,38
Factor_12,RNAseq,NMUR2_rna,0.18909619011183085,0.18909619011183085,39
Factor_12,RNAseq,MKS1_rna,-0.1890071172038435,0.1890071172038435,40
Factor_12,RNAseq,FLJ45079_rna,0.18896560509832686,0.18896560509832686,41
Factor_12,RNAseq,KHDRBS2_rna,0.18878613757066198,0.18878613757066198,42
Factor_12,RNAseq,TICAM2_rna,-0.1883217159631837,0.1883217159631837,43
Factor_12,RNAseq,ELAVL4_rna,0.18810158877579872,0.18810158877579872,44
Factor_12,RNAseq,KCNH5_rna,0.18775839756342647,0.18775839756342647,45
Factor_12,RNAseq,RSPH6A_rna,0.18771765265143323,0.18771765265143323,46
Factor_12,RNAseq,NKX2-5_rna,0.18745290278211316,0.18745290278211316,47
Factor_12,RNAseq,FKSG83_rna,0.1873270549276547,0.1873270549276547,48
Factor_12,RNAseq,PROP1_rna,0.18640019269539362,0.18640019269539362,49
Factor_12,RNAseq,FOXG1_rna,0.18619260387549483,0.18619260387549483,50
Factor_12,RNAseq,C3orf27_rna,0.18607295506425134,0.18607295506425134,51
Factor_12,RNAseq,SLC6A14_rna,0.18598509118827494,0.18598509118827494,52
Factor_12,RNAseq,LOC646982_rna,0.18589756623198414,0.18589756623198414,53
Factor_12,RNAseq,IQCF1_rna,0.18562241557251455,0.18562241557251455,54
Factor_12,RNAseq,ARGFX_rna,0.18494934154848633,0.18494934154848633,55
Factor_12,RNAseq,LOC284232_rna,0.18481440765144008,0.18481440765144008,56
Factor_12,RNAseq,AIPL1_rna,0.18397881814731606,0.18397881814731606,57
Factor_12,RNAseq,SIX3_rna,0.18387893426435548,0.18387893426435548,58
Factor_12,RNAseq,LOC152024_rna,0.18330804800969383,0.18330804800969383,59
Factor_12,RNAseq,PTCHD3_rna,0.18315264940305861,0.18315264940305861,60
Factor_12,RNAseq,GJD4_rna,0.18312012950407544,0.18312012950407544,61
Factor_12,RNAseq,HEPACAM_rna,0.18282379850438096,0.18282379850438096,62
Factor_12,RNAseq,SERPINB13_rna,0.18205579663401317,0.18205579663401317,63
Factor_12,RNAseq,FAM123C_rna,0.18191637854185966,0.18191637854185966,64
Factor_12,RNAseq,HKDC1_rna,-0.18062659786721552,0.18062659786721552,65
Factor_12,RNAseq,LIN28A_rna,0.18008868674175224,0.18008868674175224,66
Factor_12,RNAseq,PDE6A_rna,0.1795416409837908,0.1795416409837908,67
Factor_12,RNAseq,AGR3_rna,0.17870818435241037,0.17870818435241037,68
Factor_12,RNAseq,TFAP2D_rna,0.17814366262422135,0.17814366262422135,69
Factor_12,RNAseq,PAPOLG_rna,-0.17726637996823022,0.17726637996823022,70
Factor_12,RNAseq,PPP1R2P1_rna,0.17725903749832625,0.17725903749832625,71
Factor_12,RNAseq,C1orf157_rna,0.17669533035220727,0.17669533035220727,72
Factor_12,RNAseq,OR5C1_rna,0.17647066581674534,0.17647066581674534,73
Factor_12,RNAseq,MBIP_rna,-0.1762732167572909,0.1762732167572909,74
Factor_12,RNAseq,INGX_rna,0.17608255534334288,0.17608255534334288,75
Factor_12,RNAseq,FLJ14107_rna,0.17591871576841459,0.17591871576841459,76
Factor_12,RNAseq,SCGB2A2_rna,0.17582348667144118,0.17582348667144118,77
Factor_12,RNAseq,LY96_rna,-0.1754600657571379,0.1754600657571379,78
Factor_12,RNAseq,C17orf99_rna,0.1754393165812957,0.1754393165812957,79
Factor_12,RNAseq,NANOG_rna,0.1754090835558382,0.1754090835558382,80
Factor_12,RNAseq,KATNA1_rna,-0.17527742146967165,0.17527742146967165,81
Factor_12,RNAseq,SPDYE7P_rna,0.17517167827364227,0.17517167827364227,82
Factor_12,RNAseq,TMEM146_rna,0.1749997869514836,0.1749997869514836,83
Factor_12,RNAseq,ZNF716_rna,0.17466915518958337,0.17466915518958337,84
Factor_12,RNAseq,LOC286002_rna,0.17443319876743335,0.17443319876743335,85
Factor_12,RNAseq,TPTE2P1_rna,0.1735340009339649,0.1735340009339649,86
Factor_12,RNAseq,CGB_rna,0.173279768042607,0.173279768042607,87
Factor_12,RNAseq,C18orf2_rna,0.172903394101911,0.172903394101911,88
Factor_12,RNAseq,MCART3P_rna,0.17275191746747562,0.17275191746747562,89
Factor_12,RNAseq,C16orf82_rna,0.172630844197202,0.172630844197202,90
Factor_12,RNAseq,MGC2889_rna,0.172523073882279,0.172523073882279,91
Factor_12,RNAseq,HRC_rna,-0.1725080395841427,0.1725080395841427,92
Factor_12,RNAseq,BRD7P3_rna,0.1720291834389844,0.1720291834389844,93
Factor_12,RNAseq,ANKRD30B_rna,0.17133406116377056,0.17133406116377056,94
Factor_12,RNAseq,ZNF182_rna,-0.1712514308584502,0.1712514308584502,95
Factor_12,RNAseq,VWA3B_rna,0.17083560571103495,0.17083560571103495,96
Factor_12,RNAseq,TMEM200B_rna,-0.1707233146412762,0.1707233146412762,97
Factor_12,RNAseq,RP1-177G6.2_rna,0.17068147049960616,0.17068147049960616,98
Factor_12,RNAseq,MOSC1_rna,-0.17055780049727853,0.17055780049727853,99
Factor_12,RNAseq,PRR23A_rna,0.17052391791586982,0.17052391791586982,100
Factor_13,RNAseq,TRIM50_rna,0.30874091964759,0.30874091964759,1
Factor_13,RNAseq,KLK1_rna,0.3052816018545698,0.3052816018545698,2
Factor_13,RNAseq,SLIT2_rna,0.2955488487302477,0.2955488487302477,3
Factor_13,RNAseq,LRRTM1_rna,0.2719292622550073,0.2719292622550073,4
Factor_13,RNAseq,FBN3_rna,0.26891626491455384,0.26891626491455384,5
Factor_13,RNAseq,PLCE1_rna,0.26697411725709713,0.26697411725709713,6
Factor_13,RNAseq,PAK7_rna,0.2644344647582935,0.2644344647582935,7
Factor_13,RNAseq,ATP6V0A4_rna,0.25736011276461435,0.25736011276461435,8
Factor_13,RNAseq,FGF9_rna,0.2561481030290448,0.2561481030290448,9
Factor_13,RNAseq,NTNG1_rna,0.251920136380184,0.251920136380184,10
Factor_13,RNAseq,NXPH2_rna,0.2496342601757694,0.2496342601757694,11
Factor_13,RNAseq,ODZ2_rna,0.24777279670681046,0.24777279670681046,12
Factor_13,RNAseq,ATP6V1B1_rna,0.2474029733782623,0.2474029733782623,13
Factor_13,RNAseq,PLAC4_rna,0.24337866840518932,0.24337866840518932,14
Factor_13,RNAseq,KLHL3_rna,0.23966299775330993,0.23966299775330993,15
Factor_13,RNAseq,KLK15_rna,0.238544984792908,0.238544984792908,16
Factor_13,RNAseq,LOC100131551_rna,-0.23720719017163697,0.23720719017163697,17
Factor_13,RNAseq,SFTPB_rna,0.23544562107611514,0.23544562107611514,18
Factor_13,RNAseq,FOXI2_rna,0.2353051309082421,0.2353051309082421,19
Factor_13,RNAseq,PLA2G4F_rna,0.23510743448798857,0.23510743448798857,20
Factor_13,RNAseq,MAPK4_rna,0.23077566371885638,0.23077566371885638,21
Factor_13,RNAseq,CFTR_rna,0.22950747158888324,0.22950747158888324,22
Factor_13,RNAseq,CYP27B1_rna,0.22911008852008538,0.22911008852008538,23
Factor_13,RNAseq,COCH_rna,0.22853265641967369,0.22853265641967369,24
Factor_13,RNAseq,PVALB_rna,0.22806127133422974,0.22806127133422974,25
Factor_13,RNAseq,ERP27_rna,0.2278988369612333,0.2278988369612333,26
Factor_13,RNAseq,GPRC6A_rna,0.22769305584072488,0.22769305584072488,27
Factor_13,RNAseq,CCBE1_rna,0.22696194117090884,0.22696194117090884,28
Factor_13,RNAseq,PART1_rna,0.22590246486826224,0.22590246486826224,29
Factor_13,RNAseq,C15orf59_rna,0.22430309780312488,0.22430309780312488,30
Factor_13,RNAseq,KRTAP5-8_rna,0.22381169765432846,0.22381169765432846,31
Factor_13,RNAseq,CEL_rna,0.22309347420724174,0.22309347420724174,32
Factor_13,RNAseq,CLNK_rna,0.22249300768942146,0.22249300768942146,33
Factor_13,RNAseq,RHBG_rna,0.22153252649285676,0.22153252649285676,34
Factor_13,RNAseq,KLK3_rna,0.22107938571626273,0.22107938571626273,35
Factor_13,RNAseq,PROZ_rna,0.2209410931114673,0.2209410931114673,36
Factor_13,RNAseq,LOC286002_rna,0.22086354122437107,0.22086354122437107,37
Factor_13,RNAseq,CLCNKB_rna,0.22042801997302514,0.22042801997302514,38
Factor_13,RNAseq,ERBB4_rna,0.22025269269906272,0.22025269269906272,39
Factor_13,RNAseq,TFCP2L1_rna,0.2176619840422172,0.2176619840422172,40
Factor_13,RNAseq,TMEM213_rna,0.21752798330682252,0.21752798330682252,41
Factor_13,RNAseq,ATP6V0D2_rna,0.2161925336491248,0.2161925336491248,42
Factor_13,RNAseq,VWA5B1_rna,0.2155473607743968,0.2155473607743968,43
Factor_13,RNAseq,CRABP1_rna,0.21502269379449232,0.21502269379449232,44
Factor_13,RNAseq,ALS2CL_rna,0.21498731982370953,0.21498731982370953,45
Factor_13,RNAseq,TRPM6_rna,0.21441253974317184,0.21441253974317184,46
Factor_13,RNAseq,DMRT2_rna,0.21436656913061247,0.21436656913061247,47
Factor_13,RNAseq,CRYAA_rna,0.21419649803052038,0.21419649803052038,48
Factor_13,RNAseq,KLK4_rna,0.21416894536250197,0.21416894536250197,49
Factor_13,RNAseq,INSRR_rna,0.2137238869574895,0.2137238869574895,50
Factor_13,RNAseq,CDC20B_rna,0.21336669489054275,0.21336669489054275,51
Factor_13,RNAseq,QRFPR_rna,-0.21234637658254554,0.21234637658254554,52
Factor_13,RNAseq,SLC4A9_rna,0.2109417397202904,0.2109417397202904,53
Factor_13,RNAseq,SYT10_rna,0.2104190881006203,0.2104190881006203,54
Factor_13,RNAseq,SLC36A2_rna,0.210321960905502,0.210321960905502,55
Factor_13,RNAseq,CTNNA2_rna,0.20974116822658453,0.20974116822658453,56
Factor_13,RNAseq,NTN1_rna,0.20822057855700976,0.20822057855700976,57
Factor_13,RNAseq,SLC26A4_rna,0.20801803200500626,0.20801803200500626,58
Factor_13,RNAseq,ATP6V1C2_rna,0.20752818222760808,0.20752818222760808,59
Factor_13,RNAseq,SLC38A3_rna,0.20379412883175,0.20379412883175,60
Factor_13,RNAseq,THRSP_rna,0.20363279804251957,0.20363279804251957,61
Factor_13,RNAseq,SLC12A3_rna,0.20359407407786198,0.20359407407786198,62
Factor_13,RNAseq,B4GALNT3_rna,0.20117880881120448,0.20117880881120448,63
Factor_13,RNAseq,LONRF2_rna,0.1987578406298731,0.1987578406298731,64
Factor_13,RNAseq,SLC9A2_rna,0.19873044338035517,0.19873044338035517,65
Factor_13,RNAseq,SLC4A1_rna,0.19862631567517028,0.19862631567517028,66
Factor_13,RNAseq,ZNF536_rna,0.19677550130028162,0.19677550130028162,67
Factor_13,RNAseq,SPTBN2_rna,0.19635283830406958,0.19635283830406958,68
Factor_13,RNAseq,CCL28_rna,-0.1960778037186161,0.1960778037186161,69
Factor_13,RNAseq,SLC26A7_rna,0.19545165622283125,0.19545165622283125,70
Factor_13,RNAseq,KBTBD12_rna,0.1953465911774177,0.1953465911774177,71
Factor_13,RNAseq,FA2H_rna,0.19467694329637944,0.19467694329637944,72
Factor_13,RNAseq,ASB5_rna,0.19428189274264707,0.19428189274264707,73
Factor_13,RNAseq,C1orf175_rna,0.1940760905920571,0.1940760905920571,74
Factor_13,RNAseq,SRRM4_rna,0.19338885644602197,0.19338885644602197,75
Factor_13,RNAseq,RHCG_rna,0.19331263936594878,0.19331263936594878,76
Factor_13,RNAseq,SERPINA5_rna,0.19237705687479667,0.19237705687479667,77
Factor_13,RNAseq,FOXI1_rna,0.19210290140702124,0.19210290140702124,78
Factor_13,RNAseq,SLC13A3_rna,0.19108274065715203,0.19108274065715203,79
Factor_13,RNAseq,CKMT2_rna,0.19058916664284703,0.19058916664284703,80
Factor_13,RNAseq,STRA6_rna,0.18945981235670645,0.18945981235670645,81
Factor_13,RNAseq,FAM151A_rna,0.18906190744785817,0.18906190744785817,82
Factor_13,RNAseq,HSN2_rna,0.18879490000210966,0.18879490000210966,83
Factor_13,RNAseq,GAD1_rna,0.188694950835204,0.188694950835204,84
Factor_13,RNAseq,ST3GAL1_rna,0.18712238470907475,0.18712238470907475,85
Factor_13,RNAseq,CA10_rna,0.18674612616865466,0.18674612616865466,86
Factor_13,RNAseq,LRRC2_rna,0.18550780442669662,0.18550780442669662,87
Factor_13,RNAseq,CDH12_rna,0.1844464290719779,0.1844464290719779,88
Factor_13,RNAseq,VDR_rna,0.1837796263590887,0.1837796263590887,89
Factor_13,RNAseq,WBSCR17_rna,0.18332438721405941,0.18332438721405941,90
Factor_13,RNAseq,GLDN_rna,0.1833148587568081,0.1833148587568081,91
Factor_13,RNAseq,FGF1_rna,0.18290237766013456,0.18290237766013456,92
Factor_13,RNAseq,TARP_rna,0.18216170743139626,0.18216170743139626,93
Factor_13,RNAseq,C19orf33_rna,-0.18186424717280575,0.18186424717280575,94
Factor_13,RNAseq,HEPACAM2_rna,0.18169046452916604,0.18169046452916604,95
Factor_13,RNAseq,HCN2_rna,0.1815691846036161,0.1815691846036161,96
Factor_13,RNAseq,AVPR1B_rna,-0.18129616172307914,0.18129616172307914,97
Factor_13,RNAseq,CKMT1A_rna,0.1809730578658156,0.1809730578658156,98
Factor_13,RNAseq,SIX4_rna,0.18049556907354725,0.18049556907354725,99
Factor_13,RNAseq,GRAMD1B_rna,0.18043574047897243,0.18043574047897243,100
Factor_14,RNAseq,KLK1_rna,0.27078364743475847,0.27078364743475847,1
Factor_14,RNAseq,TRIM50_rna,0.25721879365488265,0.25721879365488265,2
Factor_14,RNAseq,SFTPB_rna,0.25007130551792056,0.25007130551792056,3
Factor_14,RNAseq,CFTR_rna,0.2383489093405904,0.2383489093405904,4
Factor_14,RNAseq,PVALB_rna,0.23236662322317986,0.23236662322317986,5
Factor_14,RNAseq,SLIT2_rna,0.2288217243472901,0.2288217243472901,6
Factor_14,RNAseq,RHCG_rna,0.2238533354167046,0.2238533354167046,7
Factor_14,RNAseq,ATP6V1B1_rna,0.2221478368145674,0.2221478368145674,8
Factor_14,RNAseq,GPRC6A_rna,0.22141517632096175,0.22141517632096175,9
Factor_14,RNAseq,PROZ_rna,0.21674886653757347,0.21674886653757347,10
Factor_14,RNAseq,PART1_rna,0.21185505170127028,0.21185505170127028,11
Factor_14,RNAseq,CYP27B1_rna,0.20808218018489694,0.20808218018489694,12
Factor_14,RNAseq,CLCNKB_rna,0.20458129654867213,0.20458129654867213,13
Factor_14,RNAseq,B3GNT3_rna,-0.2034859290000196,0.2034859290000196,14
Factor_14,RNAseq,WBSCR17_rna,0.20137538511038272,0.20137538511038272,15
Factor_14,RNAseq,SLC6A3_rna,-0.20074130127432105,0.20074130127432105,16
Factor_14,RNAseq,INSRR_rna,0.19660904454731223,0.19660904454731223,17
Factor_14,RNAseq,FGF9_rna,0.19508174346568738,0.19508174346568738,18
Factor_14,RNAseq,SLC38A3_rna,0.19434489619224474,0.19434489619224474,19
Factor_14,RNAseq,CNNM1_rna,-0.19166520038060947,0.19166520038060947,20
Factor_14,RNAseq,NXPH2_rna,0.19085775593349597,0.19085775593349597,21
Factor_14,RNAseq,RHBG_rna,0.1908021529243282,0.1908021529243282,22
Factor_14,RNAseq,PSAT1_rna,0.18873751367475472,0.18873751367475472,23
Factor_14,RNAseq,KRTAP5-8_rna,0.18797516374863293,0.18797516374863293,24
Factor_14,RNAseq,GAD1_rna,0.18791290972858948,0.18791290972858948,25
Factor_14,RNAseq,CALML3_rna,0.18751895464464183,0.18751895464464183,26
Factor_14,RNAseq,STRA6_rna,0.18511318688234812,0.18511318688234812,27
Factor_14,RNAseq,HCN2_rna,0.18398524148460868,0.18398524148460868,28
Factor_14,RNAseq,SPINK1_rna,0.18322070237032245,0.18322070237032245,29
Factor_14,RNAseq,THRSP_rna,0.18315257949969094,0.18315257949969094,30
Factor_14,RNAseq,HRASLS5_rna,0.18293289988839967,0.18293289988839967,31
Factor_14,RNAseq,SERPINA5_rna,0.18274577444995646,0.18274577444995646,32
Factor_14,RNAseq,ATP6V0D2_rna,0.18177401984699462,0.18177401984699462,33
Factor_14,RNAseq,ATP6V0A4_rna,0.181597617217233,0.181597617217233,34
Factor_14,RNAseq,COCH_rna,0.1812866312632366,0.1812866312632366,35
Factor_14,RNAseq,AVPR1A_rna,0.18119851379889507,0.18119851379889507,36
Factor_14,RNAseq,IGFBP1_rna,0.1808521293549852,0.1808521293549852,37
Factor_14,RNAseq,LMX1B_rna,0.18026579726741296,0.18026579726741296,38
Factor_14,RNAseq,HEPACAM2_rna,0.1799311611898578,0.1799311611898578,39
Factor_14,RNAseq,SLC22A2_rna,-0.17930087937712585,0.17930087937712585,40
Factor_14,RNAseq,ATP6V1G3_rna,0.17796139244938536,0.17796139244938536,41
Factor_14,RNAseq,FBN3_rna,0.17790079024711022,0.17790079024711022,42
Factor_14,RNAseq,TMEM213_rna,0.17774324795070556,0.17774324795070556,43
Factor_14,RNAseq,CRYAA_rna,0.1772831172599704,0.1772831172599704,44
Factor_14,RNAseq,PLA2G4F_rna,0.1753943327246674,0.1753943327246674,45
Factor_14,RNAseq,CCBE1_rna,0.17508397377560148,0.17508397377560148,46
Factor_14,RNAseq,FOXI2_rna,0.17480408862945487,0.17480408862945487,47
Factor_14,RNAseq,SLC7A8_rna,0.1748012458474872,0.1748012458474872,48
Factor_14,RNAseq,KLHL3_rna,0.1741159906025019,0.1741159906025019,49
Factor_14,RNAseq,SLC26A7_rna,0.17356243657503817,0.17356243657503817,50
Factor_14,RNAseq,PRLR_rna,0.17283585550000183,0.17283585550000183,51
Factor_14,RNAseq,LRRTM1_rna,0.17125933550656997,0.17125933550656997,52
Factor_14,RNAseq,SLC13A3_rna,0.17120597294639997,0.17120597294639997,53
Factor_14,RNAseq,TTR_rna,0.17030543072243612,0.17030543072243612,54
Factor_14,RNAseq,C16orf89_rna,0.16968527803825376,0.16968527803825376,55
Factor_14,RNAseq,SLC6A17_rna,0.16937588418250768,0.16937588418250768,56
Factor_14,RNAseq,DIRAS1_rna,0.16892396037135077,0.16892396037135077,57
Factor_14,RNAseq,DMRT2_rna,0.1678749730707627,0.1678749730707627,58
Factor_14,RNAseq,C1QL4_rna,-0.16752722281371493,0.16752722281371493,59
Factor_14,RNAseq,HPD_rna,0.16723834355481373,0.16723834355481373,60
Factor_14,RNAseq,KLK15_rna,0.16699545274885777,0.16699545274885777,61
Factor_14,RNAseq,CRABP1_rna,0.16644404132053514,0.16644404132053514,62
Factor_14,RNAseq,MUC6_rna,0.16643010331577737,0.16643010331577737,63
Factor_14,RNAseq,IRX3_rna,-0.16559157747483633,0.16559157747483633,64
Factor_14,RNAseq,CYP4F2_rna,0.16542679808571775,0.16542679808571775,65
Factor_14,RNAseq,ERBB4_rna,0.1652321250525622,0.1652321250525622,66
Factor_14,RNAseq,CLNK_rna,0.16502648796620478,0.16502648796620478,67
Factor_14,RNAseq,CHI3L1_rna,0.164959984107974,0.164959984107974,68
Factor_14,RNAseq,ODZ2_rna,0.1633336537996934,0.1633336537996934,69
Factor_14,RNAseq,GCGR_rna,0.16301649125482415,0.16301649125482415,70
Factor_14,RNAseq,KLK3_rna,0.1623531534686152,0.1623531534686152,71
Factor_14,RNAseq,SLC36A2_rna,0.1618254912157147,0.1618254912157147,72
Factor_14,RNAseq,SLC4A9_rna,0.16145889002871364,0.16145889002871364,73
Factor_14,RNAseq,HECW1_rna,0.16109200995510908,0.16109200995510908,74
Factor_14,RNAseq,CYP11A1_rna,0.16022251009479832,0.16022251009479832,75
Factor_14,RNAseq,PAH_rna,0.16013575508697156,0.16013575508697156,76
Factor_14,RNAseq,FOXI1_rna,0.16008481969410623,0.16008481969410623,77
Factor_14,RNAseq,ITIH4_rna,0.15962631059886465,0.15962631059886465,78
Factor_14,RNAseq,ALB_rna,0.15872673025174117,0.15872673025174117,79
Factor_14,RNAseq,CR1_rna,0.15769379930550384,0.15769379930550384,80
Factor_14,RNAseq,SLC34A3_rna,0.15744876800478136,0.15744876800478136,81
Factor_14,RNAseq,NTNG1_rna,0.1574383907977748,0.1574383907977748,82
Factor_14,RNAseq,CPN2_rna,0.15684335677712613,0.15684335677712613,83
Factor_14,RNAseq,STAC2_rna,0.1563641329248728,0.1563641329248728,84
Factor_14,RNAseq,APOH_rna,0.1553192480249724,0.1553192480249724,85
Factor_14,RNAseq,MAPK4_rna,0.15525513453693862,0.15525513453693862,86
Factor_14,RNAseq,APOE_rna,0.1551947819079151,0.1551947819079151,87
Factor_14,RNAseq,ACSF2_rna,0.15513500332460098,0.15513500332460098,88
Factor_14,RNAseq,CCL21_rna,0.15512788578368164,0.15512788578368164,89
Factor_14,RNAseq,VTN_rna,0.1546775620567041,0.1546775620567041,90
Factor_14,RNAseq,TFCP2L1_rna,0.15417635334986232,0.15417635334986232,91
Factor_14,RNAseq,FAM81B_rna,-0.15415279798136164,0.15415279798136164,92
Factor_14,RNAseq,DIO1_rna,0.15312052399941178,0.15312052399941178,93
Factor_14,RNAseq,ALS2CL_rna,0.15274247678499686,0.15274247678499686,94
Factor_14,RNAseq,MCCD1_rna,0.15249866423571803,0.15249866423571803,95
Factor_14,RNAseq,MT1G_rna,0.15249377653889568,0.15249377653889568,96
Factor_14,RNAseq,MT1H_rna,0.15247410289154184,0.15247410289154184,97
Factor_14,RNAseq,SLC4A1_rna,0.15240347800165424,0.15240347800165424,98
Factor_14,RNAseq,TNFAIP6_rna,-0.15206581757790505,0.15206581757790505,99
Factor_14,RNAseq,FAM40B_rna,0.15176616951277916,0.15176616951277916,100
Factor_15,RNAseq,SLC12A3_rna,0.5579367306837355,0.5579367306837355,1
Factor_15,RNAseq,SLC6A3_rna,-0.5518953209859743,0.5518953209859743,2
Factor_15,RNAseq,KCNIP1_rna,0.5002412799789798,0.5002412799789798,3
Factor_15,RNAseq,SALL3_rna,0.499942941118033,0.499942941118033,4
Factor_15,RNAseq,LEFTY1_rna,0.4883278489110143,0.4883278489110143,5
Factor_15,RNAseq,NTNG1_rna,0.4874642283832914,0.4874642283832914,6
Factor_15,RNAseq,SERPINA4_rna,0.4790117982122399,0.4790117982122399,7
Factor_15,RNAseq,RNF183_rna,0.47204574164517504,0.47204574164517504,8
Factor_15,RNAseq,MMP7_rna,0.46811384320979554,0.46811384320979554,9
Factor_15,RNAseq,WFDC2_rna,0.4445791027818708,0.4445791027818708,10
Factor_15,RNAseq,GCNT3_rna,-0.41488967047015946,0.41488967047015946,11
Factor_15,RNAseq,KRT7_rna,0.4056911725385842,0.4056911725385842,12
Factor_15,RNAseq,SYT8_rna,0.40512952592201545,0.40512952592201545,13
Factor_15,RNAseq,PROM1_rna,0.4028961430085011,0.4028961430085011,14
Factor_15,RNAseq,SLC34A2_rna,0.39899026041872376,0.39899026041872376,15
Factor_15,RNAseq,KRT17_rna,0.39563966724616345,0.39563966724616345,16
Factor_15,RNAseq,CXCL6_rna,0.39347821827960766,0.39347821827960766,17
Factor_15,RNAseq,VTCN1_rna,0.3914441038874133,0.3914441038874133,18
Factor_15,RNAseq,SERPINA6_rna,-0.39104525087267245,0.39104525087267245,19
Factor_15,RNAseq,CHI3L1_rna,0.3904211052112127,0.3904211052112127,20
Factor_15,RNAseq,CRABP1_rna,0.39023989381765883,0.39023989381765883,21
Factor_15,RNAseq,RASGRF1_rna,0.3879782270050219,0.3879782270050219,22
Factor_15,RNAseq,CLDN16_rna,0.38604176878368535,0.38604176878368535,23
Factor_15,RNAseq,LOC647309_rna,0.3858745907786251,0.3858745907786251,24
Factor_15,RNAseq,LRRN4_rna,0.38511668041197866,0.38511668041197866,25
Factor_15,RNAseq,C1orf116_rna,0.3837135080707417,0.3837135080707417,26
Factor_15,RNAseq,STAC2_rna,0.3826855443063951,0.3826855443063951,27
Factor_15,RNAseq,LECT1_rna,0.3812318075006208,0.3812318075006208,28
Factor_15,RNAseq,HMGCS2_rna,-0.37757410358291665,0.37757410358291665,29
Factor_15,RNAseq,TNNT2_rna,0.3747751145848409,0.3747751145848409,30
Factor_15,RNAseq,LHX1_rna,0.37419545835949886,0.37419545835949886,31
Factor_15,RNAseq,SCN7A_rna,0.3731780833407364,0.3731780833407364,32
Factor_15,RNAseq,GJA3_rna,0.3730169180026697,0.3730169180026697,33
Factor_15,RNAseq,ATP6V0A4_rna,0.37167650398429875,0.37167650398429875,34
Factor_15,RNAseq,SLITRK2_rna,0.37101720386941545,0.37101720386941545,35
Factor_15,RNAseq,IGDCC4_rna,0.36848111157474484,0.36848111157474484,36
Factor_15,RNAseq,C12orf59_rna,0.36820677859958223,0.36820677859958223,37
Factor_15,RNAseq,KRT23_rna,0.367243748218319,0.367243748218319,38
Factor_15,RNAseq,B4GALNT4_rna,0.36674620960897114,0.36674620960897114,39
Factor_15,RNAseq,TMEM130_rna,0.3657104874547131,0.3657104874547131,40
Factor_15,RNAseq,NMU_rna,0.3623363339297033,0.3623363339297033,41
Factor_15,RNAseq,GRIA2_rna,0.36177842763581053,0.36177842763581053,42
Factor_15,RNAseq,SLC6A20_rna,0.36122071857336824,0.36122071857336824,43
Factor_15,RNAseq,FAM189A1_rna,0.3607798699038764,0.3607798699038764,44
Factor_15,RNAseq,COL7A1_rna,0.3583740886413563,0.3583740886413563,45
Factor_15,RNAseq,CDH3_rna,0.35825931036145675,0.35825931036145675,46
Factor_15,RNAseq,TNNI1_rna,0.35779356248102445,0.35779356248102445,47
Factor_15,RNAseq,GALNT5_rna,0.3571019637840849,0.3571019637840849,48
Factor_15,RNAseq,CPNE4_rna,0.3549078679468825,0.3549078679468825,49
Factor_15,RNAseq,RAB25_rna,0.3539962510798075,0.3539962510798075,50
Factor_15,RNAseq,GCOM1_rna,-0.3538137758650423,0.3538137758650423,51
Factor_15,RNAseq,DCDC2_rna,0.34761222007506964,0.34761222007506964,52
Factor_15,RNAseq,AGR2_rna,0.34701638597090917,0.34701638597090917,53
Factor_15,RNAseq,FAM135B_rna,0.34618608858343697,0.34618608858343697,54
Factor_15,RNAseq,SLC22A2_rna,-0.3456340620367517,0.3456340620367517,55
Factor_15,RNAseq,C1orf95_rna,-0.34529296315891617,0.34529296315891617,56
Factor_15,RNAseq,CNTD2_rna,-0.34334138935850267,0.34334138935850267,57
Factor_15,RNAseq,CYP8B1_rna,0.34298483409291225,0.34298483409291225,58
Factor_15,RNAseq,AQP3_rna,-0.3422171766106074,0.3422171766106074,59
Factor_15,RNAseq,ERBB4_rna,0.34182022846370064,0.34182022846370064,60
Factor_15,RNAseq,STRA6_rna,0.34106508688930337,0.34106508688930337,61
Factor_15,RNAseq,PVRL4_rna,0.33822620969446404,0.33822620969446404,62
Factor_15,RNAseq,GPR110_rna,0.33782025497766954,0.33782025497766954,63
Factor_15,RNAseq,KCNK3_rna,-0.3376003390693527,0.3376003390693527,64
Factor_15,RNAseq,PTGFR_rna,0.3338869765006691,0.3338869765006691,65
Factor_15,RNAseq,OLFM4_rna,0.33383929474263113,0.33383929474263113,66
Factor_15,RNAseq,MAPK4_rna,0.3312631235498243,0.3312631235498243,67
Factor_15,RNAseq,OLR1_rna,0.3297158276187266,0.3297158276187266,68
Factor_15,RNAseq,WNT11_rna,-0.3290398939961074,0.3290398939961074,69
Factor_15,RNAseq,C1QL4_rna,-0.32869326595541787,0.32869326595541787,70
Factor_15,RNAseq,ECEL1_rna,0.3268261024249155,0.3268261024249155,71
Factor_15,RNAseq,KLK5_rna,0.3259251459531185,0.3259251459531185,72
Factor_15,RNAseq,LAD1_rna,0.3254943817663788,0.3254943817663788,73
Factor_15,RNAseq,DOC2A_rna,-0.3251466070602222,0.3251466070602222,74
Factor_15,RNAseq,CCDC64_rna,-0.3244404430641613,0.3244404430641613,75
Factor_15,RNAseq,APOH_rna,0.32298986727921203,0.32298986727921203,76
Factor_15,RNAseq,HPCAL4_rna,0.32194087277606076,0.32194087277606076,77
Factor_15,RNAseq,SLC6A13_rna,-0.3216816843161839,0.3216816843161839,78
Factor_15,RNAseq,SLC6A12_rna,-0.32165028905576526,0.32165028905576526,79
Factor_15,RNAseq,PHACTR3_rna,0.3198280976709419,0.3198280976709419,80
Factor_15,RNAseq,SCGB1D2_rna,-0.31862457191909577,0.31862457191909577,81
Factor_15,RNAseq,CAMK2A_rna,0.31842066255483636,0.31842066255483636,82
Factor_15,RNAseq,PXDNL_rna,-0.31837721069358055,0.31837721069358055,83
Factor_15,RNAseq,PCDH20_rna,0.31797957779588065,0.31797957779588065,84
Factor_15,RNAseq,PRR15L_rna,0.3171760909905057,0.3171760909905057,85
Factor_15,RNAseq,SYT16_rna,0.3166623554088642,0.3166623554088642,86
Factor_15,RNAseq,NLGN4Y_rna,0.31572144896861315,0.31572144896861315,87
Factor_15,RNAseq,SYT9_rna,-0.3145271832984693,0.3145271832984693,88
Factor_15,RNAseq,KLK6_rna,0.3143558906676379,0.3143558906676379,89
Factor_15,RNAseq,PLCE1_rna,0.3143403699082696,0.3143403699082696,90
Factor_15,RNAseq,SLC1A6_rna,0.3135863090975515,0.3135863090975515,91
Factor_15,RNAseq,SCN2A_rna,0.3134411489277191,0.3134411489277191,92
Factor_15,RNAseq,CTSL2_rna,0.3128945413439818,0.3128945413439818,93
Factor_15,RNAseq,CTXN1_rna,0.31187232030397616,0.31187232030397616,94
Factor_15,RNAseq,LRFN5_rna,0.31185139052008115,0.31185139052008115,95
Factor_15,RNAseq,CNTN6_rna,0.31073421837571547,0.31073421837571547,96
Factor_15,RNAseq,PROX1_rna,-0.30948815649419004,0.30948815649419004,97
Factor_15,RNAseq,GAL3ST1_rna,-0.30878606849904877,0.30878606849904877,98
Factor_15,RNAseq,SLPI_rna,0.3081613717990823,0.3081613717990823,99
Factor_15,RNAseq,LOC100131551_rna,-0.30741171203543705,0.30741171203543705,100
Factor_1,RPPA,NF-kB-p65_pS536-R-C_rppa,0.04937116113253509,0.04937116113253509,1
Factor_1,RPPA,Src_pY527-R-V_rppa,0.04700177358203304,0.04700177358203304,2
Factor_1,RPPA,Src_pY416-R-C_rppa,0.04249527430745735,0.04249527430745735,3
Factor_1,RPPA,MEK1-R-V_rppa,0.04167863614993916,0.04167863614993916,4
Factor_1,RPPA,MAPK_pT202_Y204-R-V_rppa,0.03719561677046112,0.03719561677046112,5
Factor_1,RPPA,SHP-2_pY542-R-C_rppa,0.034096655468835786,0.034096655468835786,6
Factor_1,RPPA,eIF4G-R-C_rppa,0.02946422757802455,0.02946422757802455,7
Factor_1,RPPA,GAB2-R-V_rppa,0.02478509941924617,0.02478509941924617,8
Factor_1,RPPA,YAP_pS127-R-C_rppa,-0.02338632239546759,0.02338632239546759,9
Factor_1,RPPA,Tuberin_pT1462-R-V_rppa,0.0225550631109321,0.0225550631109321,10
Factor_1,RPPA,STAT3_pY705-R-V_rppa,0.02182667745162757,0.02182667745162757,11
Factor_1,RPPA,TFRC-R-V_rppa,-0.01945230169471072,0.01945230169471072,12
Factor_1,RPPA,PEA15-R-V_rppa,-0.01921833854549613,0.01921833854549613,13
Factor_1,RPPA,Akt_pS473-R-V_rppa,0.01873981403310436,0.01873981403310436,14
Factor_1,RPPA,Shc_pY317-R-V_rppa,0.016766934346766547,0.016766934346766547,15
Factor_1,RPPA,YB-1_pS102-R-V_rppa,-0.01609769412500699,0.01609769412500699,16
Factor_1,RPPA,Smac-M-E_rppa,-0.01601349136042356,0.01601349136042356,17
Factor_1,RPPA,Akt-R-V_rppa,0.015745637783536617,0.015745637783536617,18
Factor_1,RPPA,G6PD-M-V_rppa,-0.015536519198704912,0.015536519198704912,19
Factor_1,RPPA,Src-M-V_rppa,-0.014823058991953412,0.014823058991953412,20
Factor_1,RPPA,JNK2-R-C_rppa,0.014197712678109512,0.014197712678109512,21
Factor_1,RPPA,PYGB-R-V_rppa,-0.013800508637510926,0.013800508637510926,22
Factor_1,RPPA,AR-R-V_rppa,0.013521726552858703,0.013521726552858703,23
Factor_1,RPPA,4E-BP1_pT37_T46-R-V_rppa,-0.013216005937698706,0.013216005937698706,24
Factor_1,RPPA,Mitochondria-M-V_rppa,-0.012644825617427663,0.012644825617427663,25
Factor_1,RPPA,PTEN-R-V_rppa,0.012152318169859512,0.012152318169859512,26
Factor_1,RPPA,HER3-R-V_rppa,0.012033897039835546,0.012033897039835546,27
Factor_1,RPPA,P-Cadherin-R-C_rppa,-0.011797466505714168,0.011797466505714168,28
Factor_1,RPPA,AMPK_pT172-R-V_rppa,0.01145745638212106,0.01145745638212106,29
Factor_1,RPPA,Complex-II_subunit30-M-V_rppa,-0.01139502796610131,0.01139502796610131,30
Factor_1,RPPA,p90RSK_pT359_S363-R-C_rppa,0.01129251175410197,0.01129251175410197,31
Factor_1,RPPA,PKM2-R-C_rppa,-0.0112764460646981,0.0112764460646981,32
Factor_1,RPPA,TSC1-R-C_rppa,0.011039443102594948,0.011039443102594948,33
Factor_1,RPPA,B-Raf-M-V_rppa,0.010674388302342061,0.010674388302342061,34
Factor_1,RPPA,MYH11-R-V_rppa,0.010577241838435494,0.010577241838435494,35
Factor_1,RPPA,STAT5-alpha-R-V_rppa,0.01040223917704352,0.01040223917704352,36
Factor_1,RPPA,Bad_pS112-R-V_rppa,-0.009933767544414938,0.009933767544414938,37
Factor_1,RPPA,beta-Catenin-R-V_rppa,0.009732192486460811,0.009732192486460811,38
Factor_1,RPPA,DUSP4-R-V_rppa,-0.009696039480889368,0.009696039480889368,39
Factor_1,RPPA,GYG-Glycogenin1-M-E_rppa,-0.009663516172112035,0.009663516172112035,40
Factor_1,RPPA,TAZ-R-C_rppa,-0.009206302787335639,0.009206302787335639,41
Factor_1,RPPA,HER2_pY1248-R-C_rppa,0.009151826563109302,0.009151826563109302,42
Factor_1,RPPA,BRD4-R-V_rppa,0.009138053078063368,0.009138053078063368,43
Factor_1,RPPA,Caspase-3-R-C_rppa,-0.00907819735099823,0.00907819735099823,44
Factor_1,RPPA,S6_pS235_S236-R-V_rppa,-0.009032303676595422,0.009032303676595422,45
Factor_1,RPPA,IGF1R_pY1135_Y1136-R-V_rppa,0.008644310176185277,0.008644310176185277,46
Factor_1,RPPA,p62-LCK-ligand-M-E_rppa,-0.008624886629952784,0.008624886629952784,47
Factor_1,RPPA,DJ-1-R-C_rppa,-0.008446580609969414,0.008446580609969414,48
Factor_1,RPPA,p70S6K-R-V_rppa,0.008380704968485732,0.008380704968485732,49
Factor_1,RPPA,MIG-6-M-V_rppa,0.008360599440411138,0.008360599440411138,50
Factor_1,RPPA,4E-BP1_pS65-R-V_rppa,-0.008282937732411833,0.008282937732411833,51
Factor_1,RPPA,4E-BP1_pT70-R-V_rppa,-0.008162247047848691,0.008162247047848691,52
Factor_1,RPPA,Rb_pS807_S811-R-V_rppa,0.008149272532732626,0.008149272532732626,53
Factor_1,RPPA,Claudin-7-R-V_rppa,0.007824851036605402,0.007824851036605402,54
Factor_1,RPPA,RBM15-R-V_rppa,0.007685179233265334,0.007685179233265334,55
Factor_1,RPPA,ATM-R-V_rppa,0.007682824059111303,0.007682824059111303,56
Factor_1,RPPA,GAPDH-M-C_rppa,-0.007654703901732057,0.007654703901732057,57
Factor_1,RPPA,EGFR_pY1068-R-V_rppa,0.0076376136266339345,0.0076376136266339345,58
Factor_1,RPPA,Notch1-R-V_rppa,0.007534910042284448,0.007534910042284448,59
Factor_1,RPPA,Bap1-c-4-M-V_rppa,0.007441754089504301,0.007441754089504301,60
Factor_1,RPPA,HER3_pY1289-R-C_rppa,0.007152005742349398,0.007152005742349398,61
Factor_1,RPPA,p90RSK-R-C_rppa,-0.007019006303767292,0.007019006303767292,62
Factor_1,RPPA,c-Met-M-E_rppa,-0.00685267683234808,0.00685267683234808,63
Factor_1,RPPA,c-Kit-R-V_rppa,0.006825975550119804,0.006825975550119804,64
Factor_1,RPPA,SF2-M-V_rppa,-0.006698124895698011,0.006698124895698011,65
Factor_1,RPPA,ACC_pS79-R-V_rppa,-0.006668450685856348,0.006668450685856348,66
Factor_1,RPPA,Rictor-R-C_rppa,0.00666784507930041,0.00666784507930041,67
Factor_1,RPPA,ACVRL1-R-C_rppa,-0.006528494048138007,0.006528494048138007,68
Factor_1,RPPA,eIF4E-R-V_rppa,0.006342573123990723,0.006342573123990723,69
Factor_1,RPPA,LDHA-R-C_rppa,-0.006276867542722515,0.006276867542722515,70
Factor_1,RPPA,NDRG1_pT346-R-V_rppa,0.005792793155302111,0.005792793155302111,71
Factor_1,RPPA,C-Raf-R-V_rppa,0.005752135921096861,0.005752135921096861,72
Factor_1,RPPA,EPPK1-M-C_rppa,0.0057185926040444306,0.0057185926040444306,73
Factor_1,RPPA,C-Raf_pS338-R-C_rppa,0.0056582245467924,0.0056582245467924,74
Factor_1,RPPA,E-Cadherin-R-V_rppa,-0.005416290462861911,0.005416290462861911,75
Factor_1,RPPA,S6-R-E_rppa,-0.00532537478660019,0.00532537478660019,76
Factor_1,RPPA,eEF2-R-V_rppa,-0.005282384776373828,0.005282384776373828,77
Factor_1,RPPA,ACC1-R-E_rppa,-0.005106771631599792,0.005106771631599792,78
Factor_1,RPPA,p27_pT198-R-V_rppa,-0.005090990983918201,0.005090990983918201,79
Factor_1,RPPA,PKC-alpha-M-V_rppa,0.005003187992213544,0.005003187992213544,80
Factor_1,RPPA,PARP1-R-V_rppa,-0.004761964775906322,0.004761964775906322,81
Factor_1,RPPA,PYGL-R-E_rppa,-0.0046035325942312974,0.0046035325942312974,82
Factor_1,RPPA,PRDX1-R-E_rppa,-0.004536391350859569,0.004536391350859569,83
Factor_1,RPPA,PYGB-AB2-R-V_rppa,-0.00453511387900053,0.00453511387900053,84
Factor_1,RPPA,GYS-R-V_rppa,-0.004453009454634095,0.004453009454634095,85
Factor_1,RPPA,XRCC1-R-C_rppa,-0.00440561151300053,0.00440561151300053,86
Factor_1,RPPA,Tuberin-R-C_rppa,0.0043894215514441,0.0043894215514441,87
Factor_1,RPPA,p27_pT157-R-C_rppa,-0.004389337156742088,0.004389337156742088,88
Factor_1,RPPA,HIF-1_alpha-M-E_rppa,0.004336284198518204,0.004336284198518204,89
Factor_1,RPPA,SCD-M-V_rppa,-0.004119054329413588,0.004119054329413588,90
Factor_1,RPPA,Bax-R-V_rppa,-0.003982966260198238,0.003982966260198238,91
Factor_1,RPPA,eEF2-R-C_rppa,-0.0039790277407997085,0.0039790277407997085,92
Factor_1,RPPA,FOXO3a-R-C_rppa,-0.003955154075354851,0.003955154075354851,93
Factor_1,RPPA,Paxillin-R-C_rppa,0.0039163058295851975,0.0039163058295851975,94
Factor_1,RPPA,XRCC1-R-E_rppa,-0.0038072763118275474,0.0038072763118275474,95
Factor_1,RPPA,A-Raf-R-V_rppa,0.003700300956606687,0.003700300956606687,96
Factor_1,RPPA,FOXO3a_pS318_S321-R-C_rppa,-0.003657170768344847,0.003657170768344847,97
Factor_1,RPPA,4E-BP1_pT70-R-C_rppa,-0.0036192546854268396,0.0036192546854268396,98
Factor_1,RPPA,S6_pS240_S244-R-V_rppa,-0.0035089663292017016,0.0035089663292017016,99
Factor_1,RPPA,VEGFR2-R-V_rppa,0.003366818283918102,0.003366818283918102,100
Factor_2,RPPA,PAI-1-M-E_rppa,0.13813968307478383,0.13813968307478383,1
Factor_2,RPPA,Lck-R-V_rppa,0.08209923244070995,0.08209923244070995,2
Factor_2,RPPA,E-Cadherin-R-V_rppa,-0.07482339821534639,0.07482339821534639,3
Factor_2,RPPA,PKM2-R-C_rppa,-0.06674941293471319,0.06674941293471319,4
Factor_2,RPPA,Acetyl-a-Tubulin-Lys40-R-E_rppa,-0.066120545913386,0.066120545913386,5
Factor_2,RPPA,MYH11-R-V_rppa,0.06377198315756907,0.06377198315756907,6
Factor_2,RPPA,Claudin-7-R-V_rppa,-0.06347279914701849,0.06347279914701849,7
Factor_2,RPPA,LDHB-M-E_rppa,-0.06195702583501546,0.06195702583501546,8
Factor_2,RPPA,beta-Catenin-R-V_rppa,-0.06184866357410502,0.06184866357410502,9
Factor_2,RPPA,Syk-M-V_rppa,0.06105004479053995,0.06105004479053995,10
Factor_2,RPPA,PYGB-R-V_rppa,-0.06051006165330259,0.06051006165330259,11
Factor_2,RPPA,CD26-R-V_rppa,-0.05922247518504659,0.05922247518504659,12
Factor_2,RPPA,Fibronectin-R-C_rppa,0.05516202927660491,0.05516202927660491,13
Factor_2,RPPA,PREX1-R-E_rppa,0.049878215543274755,0.049878215543274755,14
Factor_2,RPPA,Cyclin_B1-R-V_rppa,0.04958985298806839,0.04958985298806839,15
Factor_2,RPPA,PRAS40_pT246-R-V_rppa,-0.04760446084490566,0.04760446084490566,16
Factor_2,RPPA,AMPK_alpha-R-C_rppa,-0.04717270416925492,0.04717270416925492,17
Factor_2,RPPA,p38_MAPK-R-V_rppa,-0.04713701116067871,0.04713701116067871,18
Factor_2,RPPA,HIF-1_alpha-M-E_rppa,0.046585013938514594,0.046585013938514594,19
Factor_2,RPPA,Caspase-7_cleavedD198-R-C_rppa,0.04502619411466669,0.04502619411466669,20
Factor_2,RPPA,DJ-1-R-E_rppa,-0.044719421760180594,0.044719421760180594,21
Factor_2,RPPA,Chk1-M-C_rppa,0.04439304276576277,0.04439304276576277,22
Factor_2,RPPA,Annexin-1-M-E_rppa,0.04384431416585281,0.04384431416585281,23
Factor_2,RPPA,Acetyl-a-Tubulin-Lys40-R-C_rppa,-0.04291016080471778,0.04291016080471778,24
Factor_2,RPPA,HSP70-R-C_rppa,0.041366506475260356,0.041366506475260356,25
Factor_2,RPPA,Paxillin-R-C_rppa,-0.041081052266342885,0.041081052266342885,26
Factor_2,RPPA,HER2-M-V_rppa,-0.03992813760409734,0.03992813760409734,27
Factor_2,RPPA,P-Cadherin-R-C_rppa,0.03951227153950426,0.03951227153950426,28
Factor_2,RPPA,TAZ-R-V_rppa,0.0392920882954398,0.0392920882954398,29
Factor_2,RPPA,STAT5-alpha-R-V_rppa,0.038250106733065954,0.038250106733065954,30
Factor_2,RPPA,c-Met_pY1235-R-V_rppa,0.03771495362056025,0.03771495362056025,31
Factor_2,RPPA,Complex-II_subunit30-M-V_rppa,-0.036391775811344236,0.036391775811344236,32
Factor_2,RPPA,Tuberin-R-E_rppa,-0.036237026990564615,0.036237026990564615,33
Factor_2,RPPA,GAPDH-M-C_rppa,-0.036231725146340724,0.036231725146340724,34
Factor_2,RPPA,B-Raf-M-V_rppa,-0.035851601105276104,0.035851601105276104,35
Factor_2,RPPA,YB-1_pS102-R-V_rppa,0.0357961244073558,0.0357961244073558,36
Factor_2,RPPA,PRDX1-R-V_rppa,-0.03536061215555292,0.03536061215555292,37
Factor_2,RPPA,YB-1-R-V_rppa,0.03531612678353275,0.03531612678353275,38
Factor_2,RPPA,EGFR_pY1173-R-V_rppa,0.03520280588358795,0.03520280588358795,39
Factor_2,RPPA,Tuberin-R-C_rppa,-0.03519638760463796,0.03519638760463796,40
Factor_2,RPPA,ATM-R-E_rppa,-0.03505830818843719,0.03505830818843719,41
Factor_2,RPPA,B-Raf_pS445-R-V_rppa,-0.034316845981911884,0.034316845981911884,42
Factor_2,RPPA,AR-R-V_rppa,-0.033985320614705626,0.033985320614705626,43
Factor_2,RPPA,XBP1-G-C_rppa,0.03397613139963985,0.03397613139963985,44
Factor_2,RPPA,YAP_pS127-R-E_rppa,-0.0334158286485417,0.0334158286485417,45
Factor_2,RPPA,B-Raf-M-C_rppa,-0.03188572242960324,0.03188572242960324,46
Factor_2,RPPA,AMPK_pT172-R-V_rppa,-0.03182328050745956,0.03182328050745956,47
Factor_2,RPPA,C-Raf_pS338-R-V_rppa,0.03172864572941622,0.03172864572941622,48
Factor_2,RPPA,ARID1A-R-C_rppa,-0.031203956218917805,0.031203956218917805,49
Factor_2,RPPA,IGFBP2-R-V_rppa,0.03118274320296191,0.03118274320296191,50
Factor_2,RPPA,c-Kit-R-V_rppa,-0.031036659379807825,0.031036659379807825,51
Factor_2,RPPA,S6_pS235_S236-R-V_rppa,0.030883762253714843,0.030883762253714843,52
Factor_2,RPPA,p53-R-E_rppa,0.0307339714976973,0.0307339714976973,53
Factor_2,RPPA,Bap1-c-4-M-E_rppa,-0.03073135589852173,0.03073135589852173,54
Factor_2,RPPA,p21-R-C_rppa,0.030620546150076887,0.030620546150076887,55
Factor_2,RPPA,p21-R-V_rppa,-0.030178796136644384,0.030178796136644384,56
Factor_2,RPPA,TIGAR-R-V_rppa,0.03013870973212758,0.03013870973212758,57
Factor_2,RPPA,TTF1-R-V_rppa,0.03003643248410849,0.03003643248410849,58
Factor_2,RPPA,JAB1-M-C_rppa,-0.029901689516113997,0.029901689516113997,59
Factor_2,RPPA,SHP-2_pY542-R-C_rppa,-0.028546926899846812,0.028546926899846812,60
Factor_2,RPPA,p90RSK-R-C_rppa,-0.028512690763015894,0.028512690763015894,61
Factor_2,RPPA,53BP1-R-E_rppa,-0.02847241256039659,0.02847241256039659,62
Factor_2,RPPA,Raptor-R-V_rppa,0.02838261982571771,0.02838261982571771,63
Factor_2,RPPA,PI3K-p85-R-V_rppa,0.028274550986539082,0.028274550986539082,64
Factor_2,RPPA,Bcl-2-M-V_rppa,-0.02807114283265386,0.02807114283265386,65
Factor_2,RPPA,G6PD-M-V_rppa,0.027910310398818694,0.027910310398818694,66
Factor_2,RPPA,EGFR_pY1068-R-V_rppa,-0.027673241847088064,0.027673241847088064,67
Factor_2,RPPA,eEF2-R-C_rppa,-0.027055428389814666,0.027055428389814666,68
Factor_2,RPPA,PEA15-R-V_rppa,0.026915344717564457,0.026915344717564457,69
Factor_2,RPPA,Mitochondria-M-V_rppa,-0.02678731695262082,0.02678731695262082,70
Factor_2,RPPA,c-Myc-R-C_rppa,0.026673123099041556,0.026673123099041556,71
Factor_2,RPPA,mTOR-R-V_rppa,-0.02665634986017624,0.02665634986017624,72
Factor_2,RPPA,Chk2-M-E_rppa,-0.02644724073012398,0.02644724073012398,73
Factor_2,RPPA,Bax-R-V_rppa,0.026188101850581444,0.026188101850581444,74
Factor_2,RPPA,PDK1_pS241-R-V_rppa,-0.025762284932161532,0.025762284932161532,75
Factor_2,RPPA,p27_pT198-R-V_rppa,0.025643404752135907,0.025643404752135907,76
Factor_2,RPPA,HER3-R-V_rppa,-0.02545226415332366,0.02545226415332366,77
Factor_2,RPPA,ACVRL1-R-C_rppa,-0.025373490025612268,0.025373490025612268,78
Factor_2,RPPA,EPPK1-M-E_rppa,-0.023642946153413932,0.023642946153413932,79
Factor_2,RPPA,Transglutaminase-M-V_rppa,0.02338188795124895,0.02338188795124895,80
Factor_2,RPPA,Tuberin_pT1462-R-V_rppa,-0.02332826519083167,0.02332826519083167,81
Factor_2,RPPA,Smac-M-E_rppa,-0.023320977336341888,0.023320977336341888,82
Factor_2,RPPA,ERK2-R-E_rppa,-0.023187123123252586,0.023187123123252586,83
Factor_2,RPPA,4E-BP1_pT70-R-V_rppa,0.022479300393970444,0.022479300393970444,84
Factor_2,RPPA,Rab25-R-V_rppa,-0.022162295115012064,0.022162295115012064,85
Factor_2,RPPA,PYGM-M-C_rppa,-0.022099348474706987,0.022099348474706987,86
Factor_2,RPPA,Rad51-M-C_rppa,0.021936677993004704,0.021936677993004704,87
Factor_2,RPPA,PR-R-V_rppa,-0.021932284667300003,0.021932284667300003,88
Factor_2,RPPA,ETS-1-R-V_rppa,0.0219305547487485,0.0219305547487485,89
Factor_2,RPPA,eIF4G-R-C_rppa,0.021813827467452893,0.021813827467452893,90
Factor_2,RPPA,Myosin-IIa_pS1943-R-V_rppa,0.02160500627840354,0.02160500627840354,91
Factor_2,RPPA,ASNS-R-V_rppa,0.0215603815514411,0.0215603815514411,92
Factor_2,RPPA,TIGAR-R-E_rppa,0.021534573697531586,0.021534573697531586,93
Factor_2,RPPA,Rab11-R-E_rppa,-0.02141782086543626,0.02141782086543626,94
Factor_2,RPPA,GAB2-R-V_rppa,0.021234744204480707,0.021234744204480707,95
Factor_2,RPPA,c-Jun_pS73-R-V_rppa,0.02116258005473051,0.02116258005473051,96
Factor_2,RPPA,mTOR_pS2448-R-C_rppa,-0.020555470412398556,0.020555470412398556,97
Factor_2,RPPA,Heregulin-R-V_rppa,-0.020220502879708953,0.020220502879708953,98
Factor_2,RPPA,NF2-R-C_rppa,-0.019934102907551623,0.019934102907551623,99
Factor_2,RPPA,LDHA-R-C_rppa,-0.019924867546989283,0.019924867546989283,100
Factor_3,RPPA,NDRG1_pT346-R-V_rppa,0.16582308796163098,0.16582308796163098,1
Factor_3,RPPA,Claudin-7-R-V_rppa,-0.1519604324086551,0.1519604324086551,2
Factor_3,RPPA,EPPK1-M-C_rppa,0.14044864068044313,0.14044864068044313,3
Factor_3,RPPA,PYGL-R-E_rppa,0.11018063706034763,0.11018063706034763,4
Factor_3,RPPA,c-Kit-R-V_rppa,-0.09160351437636939,0.09160351437636939,5
Factor_3,RPPA,HER3-R-V_rppa,0.09126246622019389,0.09126246622019389,6
Factor_3,RPPA,ERK2-R-E_rppa,0.08268178619951096,0.08268178619951096,7
Factor_3,RPPA,LDHA-R-C_rppa,0.08107060583329802,0.08107060583329802,8
Factor_3,RPPA,p38_pT180_Y182-R-V_rppa,0.07565316965190226,0.07565316965190226,9
Factor_3,RPPA,Transglutaminase-M-V_rppa,0.07151239928117578,0.07151239928117578,10
Factor_3,RPPA,PAI-1-M-E_rppa,-0.06938020787076356,0.06938020787076356,11
Factor_3,RPPA,ATM-R-V_rppa,0.06698375542215491,0.06698375542215491,12
Factor_3,RPPA,GYS_pS641-R-V_rppa,0.06488307953451573,0.06488307953451573,13
Factor_3,RPPA,GAPDH-M-C_rppa,0.06473935204906092,0.06473935204906092,14
Factor_3,RPPA,GAB2-R-V_rppa,0.06343346826584596,0.06343346826584596,15
Factor_3,RPPA,PKM2-R-C_rppa,0.06119724451996878,0.06119724451996878,16
Factor_3,RPPA,INPP4B-G-C_rppa,-0.05971821444104643,0.05971821444104643,17
Factor_3,RPPA,CD26-R-V_rppa,0.05969589227344341,0.05969589227344341,18
Factor_3,RPPA,LDHB-M-E_rppa,-0.058088258163754396,0.058088258163754396,19
Factor_3,RPPA,IGFBP2-R-V_rppa,-0.05805867482405827,0.05805867482405827,20
Factor_3,RPPA,EGFR_pY1068-R-V_rppa,0.05781748105294656,0.05781748105294656,21
Factor_3,RPPA,ATM-R-E_rppa,0.05607913982048797,0.05607913982048797,22
Factor_3,RPPA,RBM15-R-V_rppa,0.05592998475742365,0.05592998475742365,23
Factor_3,RPPA,Src_pY527-R-V_rppa,0.05527765247150991,0.05527765247150991,24
Factor_3,RPPA,Rictor-R-C_rppa,-0.05516286472252934,0.05516286472252934,25
Factor_3,RPPA,p27-R-V_rppa,0.05439530263682005,0.05439530263682005,26
Factor_3,RPPA,GYS-R-V_rppa,0.053458700044028536,0.053458700044028536,27
Factor_3,RPPA,E-Cadherin-R-V_rppa,-0.052247197462179935,0.052247197462179935,28
Factor_3,RPPA,Bcl-2-M-V_rppa,0.05047195713776371,0.05047195713776371,29
Factor_3,RPPA,4E-BP1-R-V_rppa,0.049126331013818546,0.049126331013818546,30
Factor_3,RPPA,AMPK_pT172-R-V_rppa,0.047130425469391946,0.047130425469391946,31
Factor_3,RPPA,Cyclin_B1-R-V_rppa,-0.04489013910748144,0.04489013910748144,32
Factor_3,RPPA,GSK3-alpha-beta_pS21_S9-R-V_rppa,0.043407750137690576,0.043407750137690576,33
Factor_3,RPPA,HSP70-R-C_rppa,-0.04294245693046891,0.04294245693046891,34
Factor_3,RPPA,VEGFR2-R-V_rppa,-0.042107646057593436,0.042107646057593436,35
Factor_3,RPPA,PTEN-R-V_rppa,0.04208317793075405,0.04208317793075405,36
Factor_3,RPPA,PYGB-R-V_rppa,-0.041753580839292335,0.041753580839292335,37
Factor_3,RPPA,ASNS-R-V_rppa,-0.04151847830671405,0.04151847830671405,38
Factor_3,RPPA,Caspase-8-M-E_rppa,-0.041330452011456034,0.041330452011456034,39
Factor_3,RPPA,PKC-alpha_pS657-R-V_rppa,-0.04055568142158253,0.04055568142158253,40
Factor_3,RPPA,NF-kB-p65_pS536-R-C_rppa,0.039492552786337926,0.039492552786337926,41
Factor_3,RPPA,PYGM-M-C_rppa,-0.039122201185459136,0.039122201185459136,42
Factor_3,RPPA,BRD4-R-V_rppa,0.03808621765603774,0.03808621765603774,43
Factor_3,RPPA,p53-R-E_rppa,-0.037812407082619265,0.037812407082619265,44
Factor_3,RPPA,PR-R-V_rppa,-0.03779520705872172,0.03779520705872172,45
Factor_3,RPPA,p90RSK-R-C_rppa,0.037216283347837886,0.037216283347837886,46
Factor_3,RPPA,Akt_pS473-R-V_rppa,0.03721506780801424,0.03721506780801424,47
Factor_3,RPPA,AR-R-V_rppa,0.036807131681760814,0.036807131681760814,48
Factor_3,RPPA,Fibronectin-R-C_rppa,-0.036043142715398824,0.036043142715398824,49
Factor_3,RPPA,PEA15-R-V_rppa,0.03530015927452802,0.03530015927452802,50
Factor_3,RPPA,ACC1-R-C_rppa,-0.035227223326401165,0.035227223326401165,51
Factor_3,RPPA,Annexin-1-M-E_rppa,-0.035097898557278726,0.035097898557278726,52
Factor_3,RPPA,p21-R-V_rppa,-0.034645890482293114,0.034645890482293114,53
Factor_3,RPPA,COG3-R-V_rppa,0.03343383879301168,0.03343383879301168,54
Factor_3,RPPA,GYG-Glycogenin1-M-E_rppa,-0.033347741183539226,0.033347741183539226,55
Factor_3,RPPA,B-Raf-M-V_rppa,0.03302400513427996,0.03302400513427996,56
Factor_3,RPPA,PKC-alpha-M-V_rppa,-0.03258530649228276,0.03258530649228276,57
Factor_3,RPPA,XBP1-G-C_rppa,-0.030907923156532985,0.030907923156532985,58
Factor_3,RPPA,Syk-M-V_rppa,-0.030439644062108185,0.030439644062108185,59
Factor_3,RPPA,PKC-delta_pS664-R-V_rppa,-0.030225491639583792,0.030225491639583792,60
Factor_3,RPPA,IRS1-R-V_rppa,-0.030140693625142767,0.030140693625142767,61
Factor_3,RPPA,GSK3_pS9-R-V_rppa,0.03002398132593607,0.03002398132593607,62
Factor_3,RPPA,Bcl-xL-R-V_rppa,-0.029896772588301753,0.029896772588301753,63
Factor_3,RPPA,eIF4G-R-C_rppa,0.02975877525160737,0.02975877525160737,64
Factor_3,RPPA,MIG-6-M-V_rppa,0.029253545063700696,0.029253545063700696,65
Factor_3,RPPA,Bcl2A1-R-V_rppa,0.02911311871071072,0.02911311871071072,66
Factor_3,RPPA,Rad51-M-C_rppa,-0.02853099863182754,0.02853099863182754,67
Factor_3,RPPA,Smac-M-E_rppa,-0.028351741697181337,0.028351741697181337,68
Factor_3,RPPA,Tuberin_pT1462-R-V_rppa,0.027996734066026954,0.027996734066026954,69
Factor_3,RPPA,Rb_pS807_S811-R-V_rppa,-0.027870617281824377,0.027870617281824377,70
Factor_3,RPPA,BRCA2-R-C_rppa,-0.02760111723669871,0.02760111723669871,71
Factor_3,RPPA,Cyclin_E1-M-V_rppa,-0.02689877580158724,0.02689877580158724,72
Factor_3,RPPA,C-Raf_pS338-R-C_rppa,-0.026042388903382296,0.026042388903382296,73
Factor_3,RPPA,Paxillin-R-C_rppa,0.02552107721417491,0.02552107721417491,74
Factor_3,RPPA,Stathmin-R-V_rppa,-0.02547790842384384,0.02547790842384384,75
Factor_3,RPPA,Dvl3-R-V_rppa,-0.02464327908766025,0.02464327908766025,76
Factor_3,RPPA,Chk1_pS345-R-C_rppa,-0.024502204867568322,0.024502204867568322,77
Factor_3,RPPA,Rab25-R-V_rppa,-0.02450111919505831,0.02450111919505831,78
Factor_3,RPPA,Chk1-R-V_rppa,-0.0244036504726043,0.0244036504726043,79
Factor_3,RPPA,Tuberin-R-E_rppa,0.024232226512377306,0.024232226512377306,80
Factor_3,RPPA,Chk1-M-C_rppa,-0.02419725137184896,0.02419725137184896,81
Factor_3,RPPA,INPP4B-R-V_rppa,-0.023672684074709193,0.023672684074709193,82
Factor_3,RPPA,B-Raf_pS445-R-V_rppa,0.023524765402019202,0.023524765402019202,83
Factor_3,RPPA,p38_MAPK-R-C_rppa,0.02325774792324335,0.02325774792324335,84
Factor_3,RPPA,TSC1-R-C_rppa,0.023009276590398964,0.023009276590398964,85
Factor_3,RPPA,YB-1-R-V_rppa,-0.02285602026891161,0.02285602026891161,86
Factor_3,RPPA,Rab11-R-E_rppa,0.02273571772890736,0.02273571772890736,87
Factor_3,RPPA,ETS-1-R-V_rppa,-0.022447802144425842,0.022447802144425842,88
Factor_3,RPPA,TIGAR-R-E_rppa,-0.021997782623953726,0.021997782623953726,89
Factor_3,RPPA,p21-R-C_rppa,-0.02188699659186985,0.02188699659186985,90
Factor_3,RPPA,53BP1-R-C_rppa,-0.021642706175916487,0.021642706175916487,91
Factor_3,RPPA,GATA3-M-V_rppa,-0.021609043741492792,0.021609043741492792,92
Factor_3,RPPA,p62-LCK-ligand-M-E_rppa,0.02156970106436225,0.02156970106436225,93
Factor_3,RPPA,Rb-M-E_rppa,-0.020865323020053464,0.020865323020053464,94
Factor_3,RPPA,AMPK_alpha-R-C_rppa,0.02084722562591438,0.02084722562591438,95
Factor_3,RPPA,FOXO3a_pS318_S321-R-C_rppa,-0.02081086902072366,0.02081086902072366,96
Factor_3,RPPA,B-Raf-M-C_rppa,0.02062023916320598,0.02062023916320598,97
Factor_3,RPPA,YAP-R-V_rppa,-0.020552739069650935,0.020552739069650935,98
Factor_3,RPPA,p53-R-V_rppa,-0.02032265216807395,0.02032265216807395,99
Factor_3,RPPA,FASN-R-V_rppa,-0.02026557814747576,0.02026557814747576,100
Factor_4,RPPA,PAI-1-M-E_rppa,0.1716616174567499,0.1716616174567499,1
Factor_4,RPPA,Transglutaminase-M-V_rppa,0.09587949617362204,0.09587949617362204,2
Factor_4,RPPA,GAPDH-M-C_rppa,0.0882300195932087,0.0882300195932087,3
Factor_4,RPPA,TFRC-R-V_rppa,0.0850483370401272,0.0850483370401272,4
Factor_4,RPPA,Cyclin_B1-R-V_rppa,0.07916837705882555,0.07916837705882555,5
Factor_4,RPPA,YB-1_pS102-R-V_rppa,0.07589786963524346,0.07589786963524346,6
Factor_4,RPPA,PYGL-R-E_rppa,0.07447228388308737,0.07447228388308737,7
Factor_4,RPPA,GAB2-R-V_rppa,-0.07172943589835452,0.07172943589835452,8
Factor_4,RPPA,GYS-R-V_rppa,0.06959170964997237,0.06959170964997237,9
Factor_4,RPPA,GYS_pS641-R-V_rppa,0.06699628675098278,0.06699628675098278,10
Factor_4,RPPA,4E-BP1-R-V_rppa,0.0669951269384827,0.0669951269384827,11
Factor_4,RPPA,4E-BP1_pT37_T46-R-V_rppa,0.06604733806040444,0.06604733806040444,12
Factor_4,RPPA,Bcl-2-M-V_rppa,-0.06554903577760969,0.06554903577760969,13
Factor_4,RPPA,LDHA-R-C_rppa,0.06302222354211319,0.06302222354211319,14
Factor_4,RPPA,ACC1-R-C_rppa,0.05857878454529478,0.05857878454529478,15
Factor_4,RPPA,Src_pY527-R-V_rppa,-0.05749679466164049,0.05749679466164049,16
Factor_4,RPPA,MYH11-R-V_rppa,-0.057267262909136925,0.057267262909136925,17
Factor_4,RPPA,VEGFR2-R-V_rppa,0.05547534601389861,0.05547534601389861,18
Factor_4,RPPA,Mitochondria-M-V_rppa,0.0512782296191009,0.0512782296191009,19
Factor_4,RPPA,Lck-R-V_rppa,-0.05112595913084447,0.05112595913084447,20
Factor_4,RPPA,Tuberin-R-C_rppa,-0.05109056033970941,0.05109056033970941,21
Factor_4,RPPA,eIF4G-R-C_rppa,0.05067312205169842,0.05067312205169842,22
Factor_4,RPPA,ACC_pS79-R-V_rppa,0.04824073826946292,0.04824073826946292,23
Factor_4,RPPA,ASNS-R-V_rppa,0.04758523342162284,0.04758523342162284,24
Factor_4,RPPA,c-Kit-R-V_rppa,-0.047094152941629226,0.047094152941629226,25
Factor_4,RPPA,Smac-M-E_rppa,0.046245153066135185,0.046245153066135185,26
Factor_4,RPPA,Rb_pS807_S811-R-V_rppa,0.045879761252884864,0.045879761252884864,27
Factor_4,RPPA,PTEN-R-V_rppa,-0.04540293941817836,0.04540293941817836,28
Factor_4,RPPA,MIG-6-M-V_rppa,-0.04527335219493024,0.04527335219493024,29
Factor_4,RPPA,AMPK_pT172-R-V_rppa,-0.04514686616708293,0.04514686616708293,30
Factor_4,RPPA,ER-alpha-R-V_rppa,-0.04490823932088722,0.04490823932088722,31
Factor_4,RPPA,FASN-R-V_rppa,0.04432523924679073,0.04432523924679073,32
Factor_4,RPPA,Syk-M-V_rppa,-0.0440732126679083,0.0440732126679083,33
Factor_4,RPPA,PYGB-R-V_rppa,0.0435890025074137,0.0435890025074137,34
Factor_4,RPPA,IGFBP2-R-V_rppa,0.04350491685507379,0.04350491685507379,35
Factor_4,RPPA,YB-1-R-V_rppa,0.04347288169825035,0.04347288169825035,36
Factor_4,RPPA,S6-R-E_rppa,0.042340301621961354,0.042340301621961354,37
Factor_4,RPPA,HIF-1_alpha-M-E_rppa,0.0423272884027146,0.0423272884027146,38
Factor_4,RPPA,Caveolin-1-R-V_rppa,0.040130134590523295,0.040130134590523295,39
Factor_4,RPPA,Collagen_VI-R-V_rppa,-0.03837775920304453,0.03837775920304453,40
Factor_4,RPPA,HER3-R-V_rppa,-0.03809826005463157,0.03809826005463157,41
Factor_4,RPPA,PREX1-R-E_rppa,-0.03601252880208599,0.03601252880208599,42
Factor_4,RPPA,PKC-alpha_pS657-R-V_rppa,0.03587329662604548,0.03587329662604548,43
Factor_4,RPPA,Rab11-R-E_rppa,-0.0341710761478435,0.0341710761478435,44
Factor_4,RPPA,Rictor-R-C_rppa,-0.03411706311696543,0.03411706311696543,45
Factor_4,RPPA,Paxillin-R-V_rppa,0.03352222517356938,0.03352222517356938,46
Factor_4,RPPA,STAT5-alpha-R-V_rppa,-0.033325125481411505,0.033325125481411505,47
Factor_4,RPPA,MSH6-R-C_rppa,0.033243605294752225,0.033243605294752225,48
Factor_4,RPPA,14-3-3_zeta-R-V_rppa,0.032978113216279734,0.032978113216279734,49
Factor_4,RPPA,PKC-alpha-M-V_rppa,0.032777543044777764,0.032777543044777764,50
Factor_4,RPPA,S6_pS240_S244-R-V_rppa,0.03218077862727475,0.03218077862727475,51
Factor_4,RPPA,eEF2-R-V_rppa,0.03135907768980238,0.03135907768980238,52
Factor_4,RPPA,Caspase-7_cleavedD198-R-C_rppa,-0.031305147426141,0.031305147426141,53
Factor_4,RPPA,Akt_pT308-R-V_rppa,0.03014886040741068,0.03014886040741068,54
Factor_4,RPPA,CD31-M-V_rppa,-0.028857014307359923,0.028857014307359923,55
Factor_4,RPPA,E-Cadherin-R-V_rppa,-0.028348798635937637,0.028348798635937637,56
Factor_4,RPPA,S6_pS235_S236-R-V_rppa,0.0281431945501522,0.0281431945501522,57
Factor_4,RPPA,Raptor-R-V_rppa,0.027906237473638938,0.027906237473638938,58
Factor_4,RPPA,Bad_pS112-R-V_rppa,0.02779907678898689,0.02779907678898689,59
Factor_4,RPPA,p90RSK-R-C_rppa,-0.027540976415815464,0.027540976415815464,60
Factor_4,RPPA,IRS1-R-V_rppa,0.027387949607370232,0.027387949607370232,61
Factor_4,RPPA,eEF2-R-C_rppa,0.027281830663808425,0.027281830663808425,62
Factor_4,RPPA,Acetyl-a-Tubulin-Lys40-R-E_rppa,-0.026977711622914884,0.026977711622914884,63
Factor_4,RPPA,GSK3-alpha-beta_pS21_S9-R-V_rppa,0.026820033838301272,0.026820033838301272,64
Factor_4,RPPA,p70S6K-R-V_rppa,0.026756779658388557,0.026756779658388557,65
Factor_4,RPPA,Bcl2A1-R-V_rppa,0.026203205427047016,0.026203205427047016,66
Factor_4,RPPA,G6PD-M-V_rppa,0.02613044811014862,0.02613044811014862,67
Factor_4,RPPA,p62-LCK-ligand-M-C_rppa,0.025872753689818444,0.025872753689818444,68
Factor_4,RPPA,Fibronectin-R-C_rppa,0.025848627401196037,0.025848627401196037,69
Factor_4,RPPA,BRD4-R-V_rppa,0.02494931742186437,0.02494931742186437,70
Factor_4,RPPA,4E-BP1_pS65-R-V_rppa,-0.023454247593627717,0.023454247593627717,71
Factor_4,RPPA,Jak2-R-V_rppa,-0.022767850570852354,0.022767850570852354,72
Factor_4,RPPA,EGFR-R-V_rppa,0.022578550852568265,0.022578550852568265,73
Factor_4,RPPA,HER2-M-V_rppa,-0.022006042384110486,0.022006042384110486,74
Factor_4,RPPA,HER2_pY1248-R-C_rppa,-0.02182128494275811,0.02182128494275811,75
Factor_4,RPPA,Annexin_VII-M-V_rppa,-0.021806288939465936,0.021806288939465936,76
Factor_4,RPPA,Rab25-R-V_rppa,-0.021742580347753587,0.021742580347753587,77
Factor_4,RPPA,TTF1-R-V_rppa,-0.021583350979601373,0.021583350979601373,78
Factor_4,RPPA,p38_MAPK-R-C_rppa,-0.021580187770636566,0.021580187770636566,79
Factor_4,RPPA,eEF2K-R-V_rppa,0.021471317270336413,0.021471317270336413,80
Factor_4,RPPA,PYGB-AB2-R-V_rppa,0.021054477158579,0.021054477158579,81
Factor_4,RPPA,P-Cadherin-R-C_rppa,0.020946126333453535,0.020946126333453535,82
Factor_4,RPPA,AMPK_alpha-R-C_rppa,-0.02092379124670961,0.02092379124670961,83
Factor_4,RPPA,SHP-2_pY542-R-C_rppa,-0.020113188970360844,0.020113188970360844,84
Factor_4,RPPA,Notch1-R-V_rppa,-0.020024916125997393,0.020024916125997393,85
Factor_4,RPPA,ACC1-R-E_rppa,0.019734118063438187,0.019734118063438187,86
Factor_4,RPPA,Shc_pY317-R-V_rppa,-0.019044486742981637,0.019044486742981637,87
Factor_4,RPPA,p21-R-C_rppa,0.018979936285386693,0.018979936285386693,88
Factor_4,RPPA,Dvl3-R-V_rppa,0.018786582492736424,0.018786582492736424,89
Factor_4,RPPA,Claudin-7-R-V_rppa,-0.018110670574360267,0.018110670574360267,90
Factor_4,RPPA,INPP4B-R-V_rppa,-0.018063325820807677,0.018063325820807677,91
Factor_4,RPPA,Chk2-M-C_rppa,0.01788156607928353,0.01788156607928353,92
Factor_4,RPPA,EPPK1-M-C_rppa,0.01759031933223532,0.01759031933223532,93
Factor_4,RPPA,MAPK_pT202_Y204-R-V_rppa,-0.01743171242513118,0.01743171242513118,94
Factor_4,RPPA,Chk1_pS345-R-C_rppa,-0.017417573441706715,0.017417573441706715,95
Factor_4,RPPA,4E-BP1_pT70-R-V_rppa,0.017296173288201076,0.017296173288201076,96
Factor_4,RPPA,DJ-1-R-C_rppa,-0.017185965026599085,0.017185965026599085,97
Factor_4,RPPA,PKC-alpha_pS657-R-C_rppa,0.016885853152645864,0.016885853152645864,98
Factor_4,RPPA,GYG-Glycogenin1-M-E_rppa,-0.016814909832514612,0.016814909832514612,99
Factor_4,RPPA,YAP_pS127-R-C_rppa,0.016756080408452834,0.016756080408452834,100
Factor_5,RPPA,MYH11-R-V_rppa,-0.14712659202108627,0.14712659202108627,1
Factor_5,RPPA,Caveolin-1-R-V_rppa,-0.13411818542464782,0.13411818542464782,2
Factor_5,RPPA,PYGL-R-E_rppa,-0.12474793595270212,0.12474793595270212,3
Factor_5,RPPA,MAPK_pT202_Y204-R-V_rppa,-0.09915472207588424,0.09915472207588424,4
Factor_5,RPPA,VEGFR2-R-V_rppa,-0.09869557314607626,0.09869557314607626,5
Factor_5,RPPA,HIF-1_alpha-M-E_rppa,-0.09683995316974756,0.09683995316974756,6
Factor_5,RPPA,Fibronectin-R-C_rppa,-0.09276397966678086,0.09276397966678086,7
Factor_5,RPPA,HSP70-R-C_rppa,-0.09039031145649361,0.09039031145649361,8
Factor_5,RPPA,p62-LCK-ligand-M-E_rppa,0.08125053149860403,0.08125053149860403,9
Factor_5,RPPA,STAT3_pY705-R-V_rppa,-0.0777332000175467,0.0777332000175467,10
Factor_5,RPPA,Smac-M-E_rppa,0.07362294323324507,0.07362294323324507,11
Factor_5,RPPA,Paxillin-R-V_rppa,-0.07287884411271194,0.07287884411271194,12
Factor_5,RPPA,Rab11-R-E_rppa,-0.06867411803142706,0.06867411803142706,13
Factor_5,RPPA,YAP_pS127-R-C_rppa,-0.06800791613491856,0.06800791613491856,14
Factor_5,RPPA,Complex-II_subunit30-M-V_rppa,0.06697559867814214,0.06697559867814214,15
Factor_5,RPPA,EGFR_pY1068-R-V_rppa,-0.06570730174228577,0.06570730174228577,16
Factor_5,RPPA,ACC1-R-C_rppa,0.06437144925539999,0.06437144925539999,17
Factor_5,RPPA,Syk-M-V_rppa,0.06420403487315289,0.06420403487315289,18
Factor_5,RPPA,ACC_pS79-R-V_rppa,0.06386279768676413,0.06386279768676413,19
Factor_5,RPPA,Collagen_VI-R-V_rppa,-0.06375248659403816,0.06375248659403816,20
Factor_5,RPPA,GAB2-R-V_rppa,-0.06276954605680686,0.06276954605680686,21
Factor_5,RPPA,EPPK1-M-C_rppa,-0.06254174756145524,0.06254174756145524,22
Factor_5,RPPA,Src_pY527-R-V_rppa,-0.061195840821079685,0.061195840821079685,23
Factor_5,RPPA,LDHB-M-E_rppa,0.06029090738036951,0.06029090738036951,24
Factor_5,RPPA,TFRC-R-V_rppa,0.05986872369214638,0.05986872369214638,25
Factor_5,RPPA,B-Raf-M-V_rppa,0.05935206423262946,0.05935206423262946,26
Factor_5,RPPA,Mitochondria-M-V_rppa,0.05875858658067306,0.05875858658067306,27
Factor_5,RPPA,Rictor-R-C_rppa,-0.056747898447998414,0.056747898447998414,28
Factor_5,RPPA,Myosin-IIa_pS1943-R-V_rppa,-0.05524919649764936,0.05524919649764936,29
Factor_5,RPPA,Akt-R-V_rppa,-0.05504313058512026,0.05504313058512026,30
Factor_5,RPPA,Chk2-M-C_rppa,0.0540952818886921,0.0540952818886921,31
Factor_5,RPPA,STAT5-alpha-R-V_rppa,0.053866913017452875,0.053866913017452875,32
Factor_5,RPPA,TSC1-R-C_rppa,-0.05109435860602802,0.05109435860602802,33
Factor_5,RPPA,Notch1-R-V_rppa,-0.05081207757578303,0.05081207757578303,34
Factor_5,RPPA,COG3-R-V_rppa,0.05025146589696274,0.05025146589696274,35
Factor_5,RPPA,ETS-1-R-V_rppa,-0.050042927703972964,0.050042927703972964,36
Factor_5,RPPA,c-Kit-R-V_rppa,-0.0499520680660555,0.0499520680660555,37
Factor_5,RPPA,Cyclin_B1-R-V_rppa,0.04843232392297049,0.04843232392297049,38
Factor_5,RPPA,MIG-6-M-V_rppa,-0.047688101222718736,0.047688101222718736,39
Factor_5,RPPA,IGFBP2-R-V_rppa,-0.04427821382351434,0.04427821382351434,40
Factor_5,RPPA,PKC-pan_BetaII_pS660-R-V_rppa,0.0436488977505893,0.0436488977505893,41
Factor_5,RPPA,Akt_pS473-R-V_rppa,-0.04247524642560056,0.04247524642560056,42
Factor_5,RPPA,SHP-2_pY542-R-C_rppa,-0.042145006314890196,0.042145006314890196,43
Factor_5,RPPA,ASNS-R-V_rppa,0.04168405480852858,0.04168405480852858,44
Factor_5,RPPA,Src-M-V_rppa,0.04072531813455398,0.04072531813455398,45
Factor_5,RPPA,CDK1_pY15-R-C_rppa,0.040460562150186695,0.040460562150186695,46
Factor_5,RPPA,Rb-M-E_rppa,-0.039365202618051334,0.039365202618051334,47
Factor_5,RPPA,DUSP4-R-V_rppa,0.038884110192076264,0.038884110192076264,48
Factor_5,RPPA,CD31-M-V_rppa,-0.03838233083078226,0.03838233083078226,49
Factor_5,RPPA,AMPK_alpha-R-C_rppa,0.037838998976641794,0.037838998976641794,50
Factor_5,RPPA,Jak2-R-V_rppa,0.03782396749700672,0.03782396749700672,51
Factor_5,RPPA,mTOR-R-V_rppa,0.03723892021693797,0.03723892021693797,52
Factor_5,RPPA,beta-Catenin-R-V_rppa,-0.03698108260980784,0.03698108260980784,53
Factor_5,RPPA,p90RSK-R-C_rppa,0.03684216244596859,0.03684216244596859,54
Factor_5,RPPA,HER2_pY1248-R-C_rppa,-0.03630468354990826,0.03630468354990826,55
Factor_5,RPPA,S6-R-E_rppa,0.03627130347910677,0.03627130347910677,56
Factor_5,RPPA,ACC1-R-E_rppa,0.03622750579641185,0.03622750579641185,57
Factor_5,RPPA,c-Myc-R-C_rppa,-0.03577004313110286,0.03577004313110286,58
Factor_5,RPPA,Shc_pY317-R-V_rppa,-0.03519954565205757,0.03519954565205757,59
Factor_5,RPPA,Bax-R-V_rppa,0.035043582931565835,0.035043582931565835,60
Factor_5,RPPA,Fibronectin-R-V_rppa,-0.03503957082628312,0.03503957082628312,61
Factor_5,RPPA,p62-LCK-ligand-M-C_rppa,0.03495854638814542,0.03495854638814542,62
Factor_5,RPPA,A-Raf_pS299-R-C_rppa,0.0330947121757746,0.0330947121757746,63
Factor_5,RPPA,P-Cadherin-R-C_rppa,0.03279474719513198,0.03279474719513198,64
Factor_5,RPPA,ERCC5-R-C_rppa,0.032340282643241805,0.032340282643241805,65
Factor_5,RPPA,PRAS40_pT246-R-V_rppa,0.03212335529838422,0.03212335529838422,66
Factor_5,RPPA,p38_MAPK-R-C_rppa,0.03206581937738361,0.03206581937738361,67
Factor_5,RPPA,NF-kB-p65_pS536-R-C_rppa,0.03164621014934049,0.03164621014934049,68
Factor_5,RPPA,B-Raf_pS445-R-V_rppa,0.0316146926750524,0.0316146926750524,69
Factor_5,RPPA,JAB1-M-C_rppa,0.031546107508146834,0.031546107508146834,70
Factor_5,RPPA,Paxillin-R-C_rppa,-0.031540135506058414,0.031540135506058414,71
Factor_5,RPPA,EGFR_pY1173-R-C_rppa,-0.031355169807548634,0.031355169807548634,72
Factor_5,RPPA,E-Cadherin-R-V_rppa,0.031326602987391386,0.031326602987391386,73
Factor_5,RPPA,Lck-R-V_rppa,0.03119051332005169,0.03119051332005169,74
Factor_5,RPPA,C-Raf_pS338-R-C_rppa,-0.030661379123600962,0.030661379123600962,75
Factor_5,RPPA,4E-BP1_pT37_T46-R-V_rppa,-0.03028945735556367,0.03028945735556367,76
Factor_5,RPPA,c-Met-M-E_rppa,0.02992522800177342,0.02992522800177342,77
Factor_5,RPPA,PKC-alpha_pS657-R-V_rppa,0.029705387832592575,0.029705387832592575,78
Factor_5,RPPA,GYG-Glycogenin1-M-E_rppa,0.029528137052576797,0.029528137052576797,79
Factor_5,RPPA,IGF1R_pY1135_Y1136-R-V_rppa,-0.029484874003580398,0.029484874003580398,80
Factor_5,RPPA,p21-R-C_rppa,-0.02945913512971741,0.02945913512971741,81
Factor_5,RPPA,53BP1-R-C_rppa,0.029261726290147963,0.029261726290147963,82
Factor_5,RPPA,eEF2K-R-V_rppa,0.029153132949392754,0.029153132949392754,83
Factor_5,RPPA,Caspase-3-R-C_rppa,0.029080630581803112,0.029080630581803112,84
Factor_5,RPPA,Smad1-R-V_rppa,-0.02903771303248815,0.02903771303248815,85
Factor_5,RPPA,Chk2-M-E_rppa,0.028893445709216484,0.028893445709216484,86
Factor_5,RPPA,YB-1_pS102-R-V_rppa,0.028579479287714617,0.028579479287714617,87
Factor_5,RPPA,Bid-R-C_rppa,-0.02827188312721584,0.02827188312721584,88
Factor_5,RPPA,GAPDH-M-C_rppa,0.02809869089907609,0.02809869089907609,89
Factor_5,RPPA,EGFR_pY1173-R-V_rppa,-0.02789995359570982,0.02789995359570982,90
Factor_5,RPPA,XBP1-G-C_rppa,-0.027516947996053674,0.027516947996053674,91
Factor_5,RPPA,TAZ-R-V_rppa,-0.026695417271842218,0.026695417271842218,92
Factor_5,RPPA,Snail-M-E_rppa,-0.026621496103165464,0.026621496103165464,93
Factor_5,RPPA,JNK_pT183_pY185-R-V_rppa,-0.026518049990018094,0.026518049990018094,94
Factor_5,RPPA,c-Jun_pS73-R-C_rppa,-0.026282770933463415,0.026282770933463415,95
Factor_5,RPPA,Rictor_pT1135-R-V_rppa,-0.02605725652597059,0.02605725652597059,96
Factor_5,RPPA,p53-R-E_rppa,0.02578911633498752,0.02578911633498752,97
Factor_5,RPPA,IRS1-R-V_rppa,-0.025784961347069875,0.025784961347069875,98
Factor_5,RPPA,PKM2-R-C_rppa,0.02556663234302145,0.02556663234302145,99
Factor_5,RPPA,CD20-R-C_rppa,-0.024630912117387934,0.024630912117387934,100
Factor_6,RPPA,Caveolin-1-R-V_rppa,-0.04290193246478781,0.04290193246478781,1
Factor_6,RPPA,PRAS40_pT246-R-V_rppa,0.03214638715048937,0.03214638715048937,2
Factor_6,RPPA,Bcl-2-M-V_rppa,-0.029874224634149807,0.029874224634149807,3
Factor_6,RPPA,BRD4-R-V_rppa,-0.028040884100345633,0.028040884100345633,4
Factor_6,RPPA,ACVRL1-R-C_rppa,0.027515716240282057,0.027515716240282057,5
Factor_6,RPPA,MSH6-R-C_rppa,-0.02711644193748459,0.02711644193748459,6
Factor_6,RPPA,PDCD4-R-C_rppa,-0.02708281910628567,0.02708281910628567,7
Factor_6,RPPA,VEGFR2-R-V_rppa,-0.027081846484737354,0.027081846484737354,8
Factor_6,RPPA,PEA15-R-V_rppa,-0.0268460068805049,0.0268460068805049,9
Factor_6,RPPA,p27-R-V_rppa,-0.026714609994801967,0.026714609994801967,10
Factor_6,RPPA,p90RSK-R-C_rppa,0.020572982135451424,0.020572982135451424,11
Factor_6,RPPA,Mitochondria-M-V_rppa,0.01994093062943995,0.01994093062943995,12
Factor_6,RPPA,DIRAS3-M-E_rppa,0.019320069816981734,0.019320069816981734,13
Factor_6,RPPA,PKM2-R-C_rppa,-0.019184217746408487,0.019184217746408487,14
Factor_6,RPPA,ACC_pS79-R-V_rppa,0.019042402679202354,0.019042402679202354,15
Factor_6,RPPA,SCD-M-V_rppa,0.018912696223953022,0.018912696223953022,16
Factor_6,RPPA,YAP_pS127-R-C_rppa,-0.01860049586379241,0.01860049586379241,17
Factor_6,RPPA,Tuberin_pT1462-R-V_rppa,0.018379027811494933,0.018379027811494933,18
Factor_6,RPPA,GATA6-R-E_rppa,0.018236617514637114,0.018236617514637114,19
Factor_6,RPPA,Rictor-R-C_rppa,-0.018063132723016167,0.018063132723016167,20
Factor_6,RPPA,c-Met-M-E_rppa,0.01781442446332805,0.01781442446332805,21
Factor_6,RPPA,S6-R-E_rppa,-0.017383015718274716,0.017383015718274716,22
Factor_6,RPPA,Akt-R-V_rppa,-0.01655970164660942,0.01655970164660942,23
Factor_6,RPPA,Complex-II_subunit30-M-V_rppa,0.016543884263102403,0.016543884263102403,24
Factor_6,RPPA,Bap1-c-4-M-V_rppa,-0.01639952747907862,0.01639952747907862,25
Factor_6,RPPA,Src_pY416-R-C_rppa,0.01626597731637673,0.01626597731637673,26
Factor_6,RPPA,Heregulin-R-V_rppa,0.015984566028139628,0.015984566028139628,27
Factor_6,RPPA,JAB1-M-C_rppa,0.01577525438007231,0.01577525438007231,28
Factor_6,RPPA,TSC1-R-C_rppa,-0.0156621237622818,0.0156621237622818,29
Factor_6,RPPA,Caspase-8-M-E_rppa,0.015370626789469826,0.015370626789469826,30
Factor_6,RPPA,PREX1-R-E_rppa,-0.015185075510720089,0.015185075510720089,31
Factor_6,RPPA,PYGL-R-E_rppa,-0.015174792804530391,0.015174792804530391,32
Factor_6,RPPA,4E-BP1_pT70-R-C_rppa,0.014905931068014204,0.014905931068014204,33
Factor_6,RPPA,p70S6K_pT389-R-V_rppa,0.014278025160169423,0.014278025160169423,34
Factor_6,RPPA,Dvl3-R-V_rppa,-0.014036113692291255,0.014036113692291255,35
Factor_6,RPPA,MYH11-R-V_rppa,-0.013900958968197144,0.013900958968197144,36
Factor_6,RPPA,MSH2-M-V_rppa,-0.01331919134550188,0.01331919134550188,37
Factor_6,RPPA,TAZ-R-C_rppa,0.012974947697778377,0.012974947697778377,38
Factor_6,RPPA,GATA3-M-V_rppa,-0.012888910391420597,0.012888910391420597,39
Factor_6,RPPA,SHP-2_pY542-R-C_rppa,0.012688889192159535,0.012688889192159535,40
Factor_6,RPPA,Lck-R-V_rppa,-0.012560537539858764,0.012560537539858764,41
Factor_6,RPPA,ATM-R-V_rppa,-0.01237879531993874,0.01237879531993874,42
Factor_6,RPPA,CDK1_pY15-R-C_rppa,0.012378087448612513,0.012378087448612513,43
Factor_6,RPPA,RBM15-R-V_rppa,-0.012354459939323848,0.012354459939323848,44
Factor_6,RPPA,Notch1-R-V_rppa,-0.012310949892631252,0.012310949892631252,45
Factor_6,RPPA,14-3-3_zeta-R-V_rppa,-0.01220915689839228,0.01220915689839228,46
Factor_6,RPPA,PARP_cleaved-M-E_rppa,0.012107308013962184,0.012107308013962184,47
Factor_6,RPPA,Bax-R-V_rppa,-0.011820762287483492,0.011820762287483492,48
Factor_6,RPPA,N-Ras-M-V_rppa,0.011726347522874719,0.011726347522874719,49
Factor_6,RPPA,CA9-M-E_rppa,-0.011699896885319479,0.011699896885319479,50
Factor_6,RPPA,XBP1-G-C_rppa,-0.01145318382004435,0.01145318382004435,51
Factor_6,RPPA,Bak-R-C_rppa,0.011375598477546685,0.011375598477546685,52
Factor_6,RPPA,Rab25-R-V_rppa,0.011182919415714773,0.011182919415714773,53
Factor_6,RPPA,HER3-R-V_rppa,0.011137916448164023,0.011137916448164023,54
Factor_6,RPPA,ARID1A-M-V_rppa,-0.011122634531449837,0.011122634531449837,55
Factor_6,RPPA,NF-kB-p65_pS536-R-C_rppa,0.011023728882659943,0.011023728882659943,56
Factor_6,RPPA,Caspase-7_cleavedD198-R-C_rppa,-0.010982809655852762,0.010982809655852762,57
Factor_6,RPPA,C-Raf_pS338-R-C_rppa,0.01042510295624086,0.01042510295624086,58
Factor_6,RPPA,Ku80-R-C_rppa,-0.010346976108873333,0.010346976108873333,59
Factor_6,RPPA,IRF-1-R-C_rppa,-0.010187531950747118,0.010187531950747118,60
Factor_6,RPPA,p62-LCK-ligand-M-E_rppa,0.009390766541733094,0.009390766541733094,61
Factor_6,RPPA,Smad1-R-V_rppa,-0.008767423292642611,0.008767423292642611,62
Factor_6,RPPA,ACC1-R-C_rppa,0.00870405854739469,0.00870405854739469,63
Factor_6,RPPA,ASNS-R-V_rppa,0.008547301318376686,0.008547301318376686,64
Factor_6,RPPA,YAP-R-V_rppa,-0.008053581128465883,0.008053581128465883,65
Factor_6,RPPA,PTEN-R-V_rppa,-0.008022238325695659,0.008022238325695659,66
Factor_6,RPPA,PI3K-p85-R-V_rppa,-0.007991256042765819,0.007991256042765819,67
Factor_6,RPPA,GSK3-alpha-beta-M-V_rppa,-0.007689231939151961,0.007689231939151961,68
Factor_6,RPPA,Smad4-M-V_rppa,0.0076750707608384,0.0076750707608384,69
Factor_6,RPPA,Syk-M-V_rppa,-0.007458877923303392,0.007458877923303392,70
Factor_6,RPPA,Smac-M-E_rppa,0.0072135231267126745,0.0072135231267126745,71
Factor_6,RPPA,Paxillin-R-C_rppa,-0.007194317963122788,0.007194317963122788,72
Factor_6,RPPA,MAPK_pT202_Y204-R-V_rppa,0.007176728836322754,0.007176728836322754,73
Factor_6,RPPA,Bcl2A1-R-V_rppa,-0.007167843669787164,0.007167843669787164,74
Factor_6,RPPA,p38_pT180_Y182-R-V_rppa,-0.007042112480701067,0.007042112480701067,75
Factor_6,RPPA,Rb_pS807_S811-R-V_rppa,-0.006898738907002112,0.006898738907002112,76
Factor_6,RPPA,INPP4B-G-C_rppa,0.006856167947790677,0.006856167947790677,77
Factor_6,RPPA,N-Cadherin-R-V_rppa,0.006824067661524407,0.006824067661524407,78
Factor_6,RPPA,p53-R-E_rppa,0.006773702200923217,0.006773702200923217,79
Factor_6,RPPA,Annexin_VII-M-V_rppa,0.006719463471369475,0.006719463471369475,80
Factor_6,RPPA,c-Jun_pS73-R-V_rppa,0.006605686613549348,0.006605686613549348,81
Factor_6,RPPA,INPP4B-R-V_rppa,0.006525448550217314,0.006525448550217314,82
Factor_6,RPPA,Cyclin_E2-R-C_rppa,-0.006416354456029421,0.006416354456029421,83
Factor_6,RPPA,Acetyl-a-Tubulin-Lys40-R-E_rppa,-0.0064062538497330025,0.0064062538497330025,84
Factor_6,RPPA,STAT3_pY705-R-V_rppa,-0.006317666057257646,0.006317666057257646,85
Factor_6,RPPA,AMPK_alpha-R-C_rppa,0.006279472976326159,0.006279472976326159,86
Factor_6,RPPA,CD26-R-V_rppa,0.006135899777363304,0.006135899777363304,87
Factor_6,RPPA,PKC-delta_pS664-R-V_rppa,0.005949172694319923,0.005949172694319923,88
Factor_6,RPPA,EGFR_pY1068-R-V_rppa,-0.005870981542776614,0.005870981542776614,89
Factor_6,RPPA,Tuberin-R-C_rppa,0.005806159091418626,0.005806159091418626,90
Factor_6,RPPA,HIF-1_alpha-M-E_rppa,-0.005788822614933667,0.005788822614933667,91
Factor_6,RPPA,4E-BP1_pT37_T46-R-V_rppa,-0.005751098540456938,0.005751098540456938,92
Factor_6,RPPA,B-Raf-M-V_rppa,0.005729440206539058,0.005729440206539058,93
Factor_6,RPPA,YB-1_pS102-R-V_rppa,-0.005698692114047725,0.005698692114047725,94
Factor_6,RPPA,ERCC1-M-V_rppa,0.00566856184121876,0.00566856184121876,95
Factor_6,RPPA,Oxphos-complex-V_subunitb-M-E_rppa,0.00552927884057521,0.00552927884057521,96
Factor_6,RPPA,CD20-R-C_rppa,0.005493219013920632,0.005493219013920632,97
Factor_6,RPPA,53BP1-R-C_rppa,-0.0054419963867904314,0.0054419963867904314,98
Factor_6,RPPA,PAI-1-M-E_rppa,0.005336219857220873,0.005336219857220873,99
Factor_6,RPPA,Akt_pT308-R-V_rppa,-0.005193886135250891,0.005193886135250891,100
Factor_7,RPPA,c-Kit-R-V_rppa,-0.06392848117351066,0.06392848117351066,1
Factor_7,RPPA,NDRG1_pT346-R-V_rppa,0.037761074894434754,0.037761074894434754,2
Factor_7,RPPA,INPP4B-G-C_rppa,-0.03289750209752781,0.03289750209752781,3
Factor_7,RPPA,PYGL-R-E_rppa,0.03260990564424591,0.03260990564424591,4
Factor_7,RPPA,Bcl-2-M-V_rppa,-0.029982029620640237,0.029982029620640237,5
Factor_7,RPPA,Mitochondria-M-V_rppa,-0.028330477349853517,0.028330477349853517,6
Factor_7,RPPA,Smac-M-E_rppa,-0.025979491464986484,0.025979491464986484,7
Factor_7,RPPA,PR-R-V_rppa,-0.025056066837989183,0.025056066837989183,8
Factor_7,RPPA,TFRC-R-V_rppa,-0.02485370741610984,0.02485370741610984,9
Factor_7,RPPA,GYS_pS641-R-V_rppa,0.02371297193328819,0.02371297193328819,10
Factor_7,RPPA,Akt_pS473-R-V_rppa,0.023021425917953562,0.023021425917953562,11
Factor_7,RPPA,4E-BP1_pT37_T46-R-V_rppa,0.022234773674689377,0.022234773674689377,12
Factor_7,RPPA,PKM2-R-C_rppa,0.021999844907860597,0.021999844907860597,13
Factor_7,RPPA,P-Cadherin-R-C_rppa,0.021583690063668334,0.021583690063668334,14
Factor_7,RPPA,GSK3_pS9-R-V_rppa,0.021551185986543497,0.021551185986543497,15
Factor_7,RPPA,ER-alpha_pS118-R-V_rppa,-0.02076808595881338,0.02076808595881338,16
Factor_7,RPPA,Cyclin_B1-R-V_rppa,-0.02016551854228178,0.02016551854228178,17
Factor_7,RPPA,Complex-II_subunit30-M-V_rppa,-0.0196392867444973,0.0196392867444973,18
Factor_7,RPPA,MAPK_pT202_Y204-R-V_rppa,0.017484493692022717,0.017484493692022717,19
Factor_7,RPPA,GSK3-alpha-beta_pS21_S9-R-V_rppa,0.017044344856047354,0.017044344856047354,20
Factor_7,RPPA,Akt_pT308-R-V_rppa,0.016815576730475873,0.016815576730475873,21
Factor_7,RPPA,YB-1_pS102-R-V_rppa,0.0164215763487022,0.0164215763487022,22
Factor_7,RPPA,YAP_pS127-R-C_rppa,0.01641686562977638,0.01641686562977638,23
Factor_7,RPPA,PRAS40_pT246-R-V_rppa,-0.016080669563052097,0.016080669563052097,24
Factor_7,RPPA,LDHA-R-C_rppa,0.016078448417898378,0.016078448417898378,25
Factor_7,RPPA,4E-BP1_pS65-R-V_rppa,0.016062375667662342,0.016062375667662342,26
Factor_7,RPPA,EPPK1-M-C_rppa,0.015737901386754974,0.015737901386754974,27
Factor_7,RPPA,A-Raf-R-V_rppa,-0.01570090037253489,0.01570090037253489,28
Factor_7,RPPA,GYG-Glycogenin1-M-E_rppa,-0.015591636138693353,0.015591636138693353,29
Factor_7,RPPA,S6_pS235_S236-R-V_rppa,0.015367462619749268,0.015367462619749268,30
Factor_7,RPPA,CD26-R-V_rppa,0.014266229329229517,0.014266229329229517,31
Factor_7,RPPA,eEF2K-R-V_rppa,0.014169931184434579,0.014169931184434579,32
Factor_7,RPPA,Tuberin-R-C_rppa,-0.012430150767629593,0.012430150767629593,33
Factor_7,RPPA,S6_pS240_S244-R-V_rppa,0.012177465133968706,0.012177465133968706,34
Factor_7,RPPA,Akt-R-V_rppa,-0.012148685255275569,0.012148685255275569,35
Factor_7,RPPA,Myosin-IIa_pS1943-R-V_rppa,-0.011836229301479994,0.011836229301479994,36
Factor_7,RPPA,Transglutaminase-M-V_rppa,0.011710264205609671,0.011710264205609671,37
Factor_7,RPPA,Bcl2A1-R-V_rppa,0.011607770023047501,0.011607770023047501,38
Factor_7,RPPA,GSK3-alpha-beta-M-V_rppa,-0.01159895973204135,0.01159895973204135,39
Factor_7,RPPA,C-Raf-R-V_rppa,-0.011418861231544671,0.011418861231544671,40
Factor_7,RPPA,Beclin-G-V_rppa,-0.01116084474216163,0.01116084474216163,41
Factor_7,RPPA,YB-1-R-V_rppa,0.011123713041712082,0.011123713041712082,42
Factor_7,RPPA,Smad3-R-V_rppa,-0.011025765945450704,0.011025765945450704,43
Factor_7,RPPA,p90RSK_pT359_S363-R-C_rppa,0.010989930753902867,0.010989930753902867,44
Factor_7,RPPA,AR-R-V_rppa,-0.010983305717689908,0.010983305717689908,45
Factor_7,RPPA,Oxphos-complex-V_subunitb-M-E_rppa,-0.010671967600859478,0.010671967600859478,46
Factor_7,RPPA,INPP4B-R-V_rppa,-0.010574170434141309,0.010574170434141309,47
Factor_7,RPPA,Raptor-R-V_rppa,0.010450083501584448,0.010450083501584448,48
Factor_7,RPPA,mTOR_pS2448-R-C_rppa,0.010304978251327685,0.010304978251327685,49
Factor_7,RPPA,Rb_pS807_S811-R-V_rppa,0.010207861915517199,0.010207861915517199,50
Factor_7,RPPA,GYS-R-V_rppa,0.010098033483519361,0.010098033483519361,51
Factor_7,RPPA,DIRAS3-M-E_rppa,-0.01006047505071435,0.01006047505071435,52
Factor_7,RPPA,MEK1_pS217_S221-R-V_rppa,0.009786841978638649,0.009786841978638649,53
Factor_7,RPPA,Chk1_pS345-R-C_rppa,-0.009666961359330562,0.009666961359330562,54
Factor_7,RPPA,Bap1-c-4-M-V_rppa,-0.00962193694869146,0.00962193694869146,55
Factor_7,RPPA,Bad_pS112-R-V_rppa,0.009591050654249492,0.009591050654249492,56
Factor_7,RPPA,Dvl3-R-V_rppa,0.009510513883503543,0.009510513883503543,57
Factor_7,RPPA,Rad51-M-C_rppa,0.00949809015611654,0.00949809015611654,58
Factor_7,RPPA,PI3K-p110-alpha-R-C_rppa,-0.009457139005558087,0.009457139005558087,59
Factor_7,RPPA,STAT3_pY705-R-V_rppa,0.009354502693771359,0.009354502693771359,60
Factor_7,RPPA,CD31-M-V_rppa,-0.009277385622040965,0.009277385622040965,61
Factor_7,RPPA,PTEN-R-V_rppa,0.009275432958135458,0.009275432958135458,62
Factor_7,RPPA,GAPDH-M-C_rppa,0.009142921549914591,0.009142921549914591,63
Factor_7,RPPA,Bim-R-V_rppa,-0.009128942024062845,0.009128942024062845,64
Factor_7,RPPA,DUSP4-R-V_rppa,-0.008845208514272002,0.008845208514272002,65
Factor_7,RPPA,p38_MAPK-R-C_rppa,0.008655072787893785,0.008655072787893785,66
Factor_7,RPPA,Rab25-R-V_rppa,-0.008631092820278904,0.008631092820278904,67
Factor_7,RPPA,p70S6K-R-V_rppa,0.007945439386333162,0.007945439386333162,68
Factor_7,RPPA,PDK1-R-V_rppa,-0.007911692366224953,0.007911692366224953,69
Factor_7,RPPA,JAB1-M-C_rppa,-0.007794580056056527,0.007794580056056527,70
Factor_7,RPPA,CD49b-M-V_rppa,-0.007512246145081176,0.007512246145081176,71
Factor_7,RPPA,FoxM1-R-V_rppa,-0.007430416529492308,0.007430416529492308,72
Factor_7,RPPA,p90RSK-R-C_rppa,0.007298681181847754,0.007298681181847754,73
Factor_7,RPPA,EGFR_pY1068-R-V_rppa,0.007008728698334975,0.007008728698334975,74
Factor_7,RPPA,AMPK_pT172-R-V_rppa,-0.006988415819946701,0.006988415819946701,75
Factor_7,RPPA,MSH6-R-C_rppa,0.006800696850046338,0.006800696850046338,76
Factor_7,RPPA,E-Cadherin-R-V_rppa,-0.0066365762005338525,0.0066365762005338525,77
Factor_7,RPPA,ACC_pS79-R-V_rppa,-0.006531968805126103,0.006531968805126103,78
Factor_7,RPPA,Rab11-R-E_rppa,-0.006359998508379329,0.006359998508379329,79
Factor_7,RPPA,PI3K-p85-R-V_rppa,0.006216797128401097,0.006216797128401097,80
Factor_7,RPPA,RBM15-R-V_rppa,0.006189780480120204,0.006189780480120204,81
Factor_7,RPPA,ACC1-R-C_rppa,-0.006153221404127708,0.006153221404127708,82
Factor_7,RPPA,PCNA-M-V_rppa,-0.006012871296805344,0.006012871296805344,83
Factor_7,RPPA,SF2-M-V_rppa,-0.005959314996080725,0.005959314996080725,84
Factor_7,RPPA,14-3-3_beta-R-V_rppa,-0.00593672679988973,0.00593672679988973,85
Factor_7,RPPA,Annexin-1-M-E_rppa,0.005890046491152678,0.005890046491152678,86
Factor_7,RPPA,PDK1_pS241-R-V_rppa,-0.0058358497617454,0.0058358497617454,87
Factor_7,RPPA,Cyclin_D1-R-V_rppa,0.005819649350875527,0.005819649350875527,88
Factor_7,RPPA,B-Raf-M-V_rppa,-0.005793171108077987,0.005793171108077987,89
Factor_7,RPPA,NF-kB-p65_pS536-R-C_rppa,0.005675390373687193,0.005675390373687193,90
Factor_7,RPPA,p16_INK4a-R-V_rppa,-0.005615669766831457,0.005615669766831457,91
Factor_7,RPPA,Bap1-c-4-M-E_rppa,-0.00559229721504011,0.00559229721504011,92
Factor_7,RPPA,Syk-M-V_rppa,-0.005545148476399453,0.005545148476399453,93
Factor_7,RPPA,p38_pT180_Y182-R-V_rppa,0.005435825226400844,0.005435825226400844,94
Factor_7,RPPA,Jak2-R-V_rppa,-0.005279419658269623,0.005279419658269623,95
Factor_7,RPPA,CDK1_pY15-R-C_rppa,-0.005185085404199377,0.005185085404199377,96
Factor_7,RPPA,p27_pT157-R-C_rppa,-0.005126869182706706,0.005126869182706706,97
Factor_7,RPPA,Rictor_pT1135-R-V_rppa,0.004983454665150353,0.004983454665150353,98
Factor_7,RPPA,p27-R-V_rppa,-0.004745212662112723,0.004745212662112723,99
Factor_7,RPPA,eIF4E-R-V_rppa,-0.004723582109324572,0.004723582109324572,100
Factor_8,RPPA,Cyclin_B1-R-V_rppa,-0.17571535152697806,0.17571535152697806,1
Factor_8,RPPA,p16_INK4a-R-V_rppa,-0.11820624632423983,0.11820624632423983,2
Factor_8,RPPA,TFRC-R-V_rppa,-0.10184487413738272,0.10184487413738272,3
Factor_8,RPPA,MYH11-R-V_rppa,0.10172015762869162,0.10172015762869162,4
Factor_8,RPPA,MSH6-R-C_rppa,-0.09039100050922459,0.09039100050922459,5
Factor_8,RPPA,NDRG1_pT346-R-V_rppa,0.08695465032746856,0.08695465032746856,6
Factor_8,RPPA,Claudin-7-R-V_rppa,0.08354583860433071,0.08354583860433071,7
Factor_8,RPPA,PTEN-R-V_rppa,0.07748918620764914,0.07748918620764914,8
Factor_8,RPPA,Fibronectin-R-C_rppa,-0.07158639546078324,0.07158639546078324,9
Factor_8,RPPA,CA9-M-E_rppa,-0.06962568933549673,0.06962568933549673,10
Factor_8,RPPA,c-Kit-R-V_rppa,0.06884263890604571,0.06884263890604571,11
Factor_8,RPPA,PAI-1-M-E_rppa,-0.06880681823587259,0.06880681823587259,12
Factor_8,RPPA,FoxM1-R-V_rppa,-0.06849204035563432,0.06849204035563432,13
Factor_8,RPPA,GYS_pS641-R-V_rppa,0.06610650295481041,0.06610650295481041,14
Factor_8,RPPA,PYGL-R-E_rppa,-0.06567598402923519,0.06567598402923519,15
Factor_8,RPPA,IGFBP2-R-V_rppa,-0.06535588463689737,0.06535588463689737,16
Factor_8,RPPA,MSH2-M-V_rppa,-0.06523942344671278,0.06523942344671278,17
Factor_8,RPPA,EPPK1-M-C_rppa,0.061931433881652495,0.061931433881652495,18
Factor_8,RPPA,eIF4G-R-C_rppa,-0.06066136680704005,0.06066136680704005,19
Factor_8,RPPA,S6-R-E_rppa,-0.05943187120717293,0.05943187120717293,20
Factor_8,RPPA,Src_pY527-R-V_rppa,0.059360690867063,0.059360690867063,21
Factor_8,RPPA,HER3-R-V_rppa,0.057325436152141925,0.057325436152141925,22
Factor_8,RPPA,Akt_pT308-R-V_rppa,-0.05706962272974858,0.05706962272974858,23
Factor_8,RPPA,FASN-R-V_rppa,-0.05619946126179634,0.05619946126179634,24
Factor_8,RPPA,Rictor-R-C_rppa,0.054031327134148786,0.054031327134148786,25
Factor_8,RPPA,Bcl-2-M-V_rppa,0.053445499731163165,0.053445499731163165,26
Factor_8,RPPA,eEF2K-R-V_rppa,-0.05282073743048844,0.05282073743048844,27
Factor_8,RPPA,P-Cadherin-R-C_rppa,-0.051737517902721915,0.051737517902721915,28
Factor_8,RPPA,YAP_pS127-R-C_rppa,-0.05155581302750992,0.05155581302750992,29
Factor_8,RPPA,p27_pT198-R-V_rppa,-0.051321418385730073,0.051321418385730073,30
Factor_8,RPPA,LDHB-M-E_rppa,0.05041263232929118,0.05041263232929118,31
Factor_8,RPPA,Src_pY416-R-C_rppa,0.05037716752181785,0.05037716752181785,32
Factor_8,RPPA,ASNS-R-V_rppa,-0.04961548744433267,0.04961548744433267,33
Factor_8,RPPA,YAP-R-V_rppa,-0.04952758680245731,0.04952758680245731,34
Factor_8,RPPA,Bcl2A1-R-V_rppa,-0.04897908857432398,0.04897908857432398,35
Factor_8,RPPA,GYS-R-V_rppa,0.04756671088654606,0.04756671088654606,36
Factor_8,RPPA,Acetyl-a-Tubulin-Lys40-R-E_rppa,0.04724452593075511,0.04724452593075511,37
Factor_8,RPPA,E-Cadherin-R-V_rppa,0.04681053610329095,0.04681053610329095,38
Factor_8,RPPA,PYGB-R-V_rppa,0.04662788565547631,0.04662788565547631,39
Factor_8,RPPA,Syk-M-V_rppa,0.045921481748942984,0.045921481748942984,40
Factor_8,RPPA,Chk2-M-C_rppa,-0.04408922026576792,0.04408922026576792,41
Factor_8,RPPA,p27_pT157-R-C_rppa,0.0440791771223789,0.0440791771223789,42
Factor_8,RPPA,PCNA-M-V_rppa,-0.04345115258180454,0.04345115258180454,43
Factor_8,RPPA,SHP-2_pY542-R-C_rppa,0.04315798667581177,0.04315798667581177,44
Factor_8,RPPA,c-Abl-R-V_rppa,-0.04309395586150965,0.04309395586150965,45
Factor_8,RPPA,Rab11-R-E_rppa,0.04176960403320815,0.04176960403320815,46
Factor_8,RPPA,EGFR_pY1068-R-V_rppa,0.040837614313626105,0.040837614313626105,47
Factor_8,RPPA,ADAR1-M-V_rppa,-0.040730724800603746,0.040730724800603746,48
Factor_8,RPPA,DIRAS3-M-E_rppa,0.04072331988359208,0.04072331988359208,49
Factor_8,RPPA,IGF1R_pY1135_Y1136-R-V_rppa,0.03942036645170739,0.03942036645170739,50
Factor_8,RPPA,4E-BP1_pS65-R-V_rppa,-0.03880763331425299,0.03880763331425299,51
Factor_8,RPPA,p21-R-V_rppa,0.03869102543551404,0.03869102543551404,52
Factor_8,RPPA,INPP4B-G-C_rppa,0.03806661869422296,0.03806661869422296,53
Factor_8,RPPA,MAPK_pT202_Y204-R-V_rppa,0.03715412959821818,0.03715412959821818,54
Factor_8,RPPA,Complex-II_subunit30-M-V_rppa,0.03707580506454554,0.03707580506454554,55
Factor_8,RPPA,ACVRL1-R-C_rppa,0.035131715467391085,0.035131715467391085,56
Factor_8,RPPA,p21-R-C_rppa,-0.03480688435186802,0.03480688435186802,57
Factor_8,RPPA,Caspase-7_cleavedD198-R-C_rppa,-0.034765797665495105,0.034765797665495105,58
Factor_8,RPPA,GAPDH-M-C_rppa,0.034558306940368946,0.034558306940368946,59
Factor_8,RPPA,Caspase-8-M-E_rppa,0.03401086337151262,0.03401086337151262,60
Factor_8,RPPA,Cyclin_E1-M-V_rppa,-0.03220695882341215,0.03220695882341215,61
Factor_8,RPPA,p90RSK-R-C_rppa,0.03209083328320189,0.03209083328320189,62
Factor_8,RPPA,c-Jun_pS73-R-C_rppa,0.03205285589264773,0.03205285589264773,63
Factor_8,RPPA,HER2_pY1248-R-C_rppa,0.031518876669185,0.031518876669185,64
Factor_8,RPPA,Chk2-M-E_rppa,0.031110810003685836,0.031110810003685836,65
Factor_8,RPPA,eEF2-R-V_rppa,-0.030896299604481144,0.030896299604481144,66
Factor_8,RPPA,ERK2-R-E_rppa,-0.030884690467360143,0.030884690467360143,67
Factor_8,RPPA,JAB1-M-C_rppa,0.029621865206391623,0.029621865206391623,68
Factor_8,RPPA,AMPK_alpha-R-C_rppa,0.029383279085794942,0.029383279085794942,69
Factor_8,RPPA,VEGFR2-R-V_rppa,-0.02935092191778203,0.02935092191778203,70
Factor_8,RPPA,GATA3-M-V_rppa,-0.02925775416554495,0.02925775416554495,71
Factor_8,RPPA,Bap1-c-4-M-V_rppa,-0.028361367217789656,0.028361367217789656,72
Factor_8,RPPA,DJ-1-R-C_rppa,-0.028338156853708683,0.028338156853708683,73
Factor_8,RPPA,Raptor-R-V_rppa,0.028253819066223942,0.028253819066223942,74
Factor_8,RPPA,PRDX1-R-V_rppa,0.027979821428478942,0.027979821428478942,75
Factor_8,RPPA,Snail-M-E_rppa,-0.027089600137639804,0.027089600137639804,76
Factor_8,RPPA,HER2-M-V_rppa,0.027009190745213733,0.027009190745213733,77
Factor_8,RPPA,Dvl3-R-V_rppa,-0.026732438343694633,0.026732438343694633,78
Factor_8,RPPA,CD31-M-V_rppa,0.026273858549416083,0.026273858549416083,79
Factor_8,RPPA,DJ-1-R-E_rppa,0.02500848564898966,0.02500848564898966,80
Factor_8,RPPA,PDK1-R-V_rppa,0.024993060312375255,0.024993060312375255,81
Factor_8,RPPA,Heregulin-R-V_rppa,0.024570230760282218,0.024570230760282218,82
Factor_8,RPPA,HER3_pY1289-R-C_rppa,0.02410032591653798,0.02410032591653798,83
Factor_8,RPPA,53BP1-R-C_rppa,-0.024042450049060183,0.024042450049060183,84
Factor_8,RPPA,CDK1-R-V_rppa,-0.023841938562921498,0.023841938562921498,85
Factor_8,RPPA,c-Met-M-E_rppa,0.02363385124086629,0.02363385124086629,86
Factor_8,RPPA,MIG-6-M-V_rppa,0.023564547198189803,0.023564547198189803,87
Factor_8,RPPA,S6_pS235_S236-R-V_rppa,-0.023271310340246605,0.023271310340246605,88
Factor_8,RPPA,JNK2-R-C_rppa,0.023080912774698523,0.023080912774698523,89
Factor_8,RPPA,TIGAR-R-E_rppa,-0.023002725801173633,0.023002725801173633,90
Factor_8,RPPA,Rab25-R-V_rppa,0.022824813124053194,0.022824813124053194,91
Factor_8,RPPA,ACC1-R-C_rppa,-0.02243373860690336,0.02243373860690336,92
Factor_8,RPPA,A-Raf_pS299-R-C_rppa,0.022303363630781493,0.022303363630781493,93
Factor_8,RPPA,SCD-M-V_rppa,0.021695762273610027,0.021695762273610027,94
Factor_8,RPPA,Bim-R-V_rppa,-0.021477217237197047,0.021477217237197047,95
Factor_8,RPPA,CD20-R-C_rppa,0.021343540118548335,0.021343540118548335,96
Factor_8,RPPA,PDCD4-R-C_rppa,0.021052357584203787,0.021052357584203787,97
Factor_8,RPPA,Annexin-1-M-E_rppa,-0.02069810682218536,0.02069810682218536,98
Factor_8,RPPA,TTF1-R-V_rppa,-0.020590337381252478,0.020590337381252478,99
Factor_8,RPPA,MEK1-R-V_rppa,0.02045304614118276,0.02045304614118276,100
Factor_9,RPPA,SHP-2_pY542-R-C_rppa,-0.0587574348583512,0.0587574348583512,1
Factor_9,RPPA,PEA15-R-V_rppa,0.05201978487647176,0.05201978487647176,2
Factor_9,RPPA,Raptor-R-V_rppa,0.041166586625394436,0.041166586625394436,3
Factor_9,RPPA,HER3_pY1289-R-C_rppa,-0.03670178791284274,0.03670178791284274,4
Factor_9,RPPA,p90RSK_pT359_S363-R-C_rppa,-0.03359468189036735,0.03359468189036735,5
Factor_9,RPPA,Src_pY416-R-C_rppa,-0.03320834284581732,0.03320834284581732,6
Factor_9,RPPA,Src-M-V_rppa,0.032740034498603,0.032740034498603,7
Factor_9,RPPA,IGF1R_pY1135_Y1136-R-V_rppa,-0.03151718464272002,0.03151718464272002,8
Factor_9,RPPA,P-Cadherin-R-C_rppa,0.03119792646391875,0.03119792646391875,9
Factor_9,RPPA,eEF2-R-V_rppa,0.02967180849652398,0.02967180849652398,10
Factor_9,RPPA,TFRC-R-V_rppa,0.028901266050050858,0.028901266050050858,11
Factor_9,RPPA,FOXO3a_pS318_S321-R-C_rppa,0.028363504497497017,0.028363504497497017,12
Factor_9,RPPA,Shc_pY317-R-V_rppa,-0.02822035558797575,0.02822035558797575,13
Factor_9,RPPA,HER2_pY1248-R-C_rppa,-0.02768774163201889,0.02768774163201889,14
Factor_9,RPPA,Bcl-xL-R-V_rppa,0.027424946438483217,0.027424946438483217,15
Factor_9,RPPA,EGFR_pY1068-R-V_rppa,-0.026932541056026164,0.026932541056026164,16
Factor_9,RPPA,p53-R-V_rppa,-0.02486844546121312,0.02486844546121312,17
Factor_9,RPPA,Src_pY527-R-V_rppa,-0.024763396977064953,0.024763396977064953,18
Factor_9,RPPA,ASNS-R-V_rppa,-0.024392307216450436,0.024392307216450436,19
Factor_9,RPPA,Ku80-R-C_rppa,0.02412973523828941,0.02412973523828941,20
Factor_9,RPPA,c-Met-M-E_rppa,0.02348506950146254,0.02348506950146254,21
Factor_9,RPPA,GSK3-alpha-beta-M-V_rppa,0.023335391031932776,0.023335391031932776,22
Factor_9,RPPA,GATA6-R-E_rppa,-0.02332475540059465,0.02332475540059465,23
Factor_9,RPPA,YB-1_pS102-R-V_rppa,0.023296184298888526,0.023296184298888526,24
Factor_9,RPPA,G6PD-M-V_rppa,0.022872048910411235,0.022872048910411235,25
Factor_9,RPPA,XBP1-G-C_rppa,0.021930307451570895,0.021930307451570895,26
Factor_9,RPPA,S6-R-E_rppa,0.02185139307551514,0.02185139307551514,27
Factor_9,RPPA,Smac-M-E_rppa,0.021813607588251994,0.021813607588251994,28
Factor_9,RPPA,A-Raf-R-V_rppa,-0.02130434400012407,0.02130434400012407,29
Factor_9,RPPA,Tuberin_pT1462-R-V_rppa,-0.01984024102522489,0.01984024102522489,30
Factor_9,RPPA,GYG-Glycogenin1-M-E_rppa,0.01807358734351126,0.01807358734351126,31
Factor_9,RPPA,STAT3_pY705-R-V_rppa,-0.017084485427304556,0.017084485427304556,32
Factor_9,RPPA,JAB1-M-C_rppa,-0.016870281201468926,0.016870281201468926,33
Factor_9,RPPA,NF-kB-p65_pS536-R-C_rppa,-0.016676583342222575,0.016676583342222575,34
Factor_9,RPPA,14-3-3_zeta-R-V_rppa,0.016501265668225053,0.016501265668225053,35
Factor_9,RPPA,CDK1_pY15-R-C_rppa,-0.016086073215905137,0.016086073215905137,36
Factor_9,RPPA,ER-alpha-R-V_rppa,-0.01586976759735119,0.01586976759735119,37
Factor_9,RPPA,YB-1-R-V_rppa,0.015865847535787292,0.015865847535787292,38
Factor_9,RPPA,Bcl2A1-R-V_rppa,-0.015796109918540815,0.015796109918540815,39
Factor_9,RPPA,PI3K-p85-R-V_rppa,0.015529907216287652,0.015529907216287652,40
Factor_9,RPPA,ERCC1-M-V_rppa,0.01520885821688795,0.01520885821688795,41
Factor_9,RPPA,Bad_pS112-R-V_rppa,0.0145834496308719,0.0145834496308719,42
Factor_9,RPPA,LKB1-M-E_rppa,0.014472852250808651,0.014472852250808651,43
Factor_9,RPPA,HER3-R-V_rppa,-0.014408606919888522,0.014408606919888522,44
Factor_9,RPPA,PAI-1-M-E_rppa,0.014058155118399513,0.014058155118399513,45
Factor_9,RPPA,Dvl3-R-V_rppa,0.01366873024979313,0.01366873024979313,46
Factor_9,RPPA,Notch1-R-V_rppa,-0.013156494738971496,0.013156494738971496,47
Factor_9,RPPA,Chk2_pT68-R-C_rppa,-0.01297642274909571,0.01297642274909571,48
Factor_9,RPPA,Annexin_VII-M-V_rppa,0.012577566764656723,0.012577566764656723,49
Factor_9,RPPA,Rab25-R-V_rppa,-0.012403548953301011,0.012403548953301011,50
Factor_9,RPPA,TIGAR-R-E_rppa,0.012324001299167402,0.012324001299167402,51
Factor_9,RPPA,Cyclin_D1-R-V_rppa,-0.011814942224429744,0.011814942224429744,52
Factor_9,RPPA,YAP_pS127-R-C_rppa,0.011369027095891219,0.011369027095891219,53
Factor_9,RPPA,Syk-M-V_rppa,0.011353157568772898,0.011353157568772898,54
Factor_9,RPPA,DJ-1-R-C_rppa,0.011165204421851618,0.011165204421851618,55
Factor_9,RPPA,ACC_pS79-R-V_rppa,0.011164488119354884,0.011164488119354884,56
Factor_9,RPPA,eIF4G-R-C_rppa,0.011164362563464786,0.011164362563464786,57
Factor_9,RPPA,AR-R-V_rppa,-0.010849319130790399,0.010849319130790399,58
Factor_9,RPPA,FoxM1-R-V_rppa,-0.010779033423469963,0.010779033423469963,59
Factor_9,RPPA,PYGL-R-E_rppa,-0.010624780059433419,0.010624780059433419,60
Factor_9,RPPA,Complex-II_subunit30-M-V_rppa,0.010115341387815578,0.010115341387815578,61
Factor_9,RPPA,PTEN-R-V_rppa,-0.010072148395139587,0.010072148395139587,62
Factor_9,RPPA,ACC1-R-C_rppa,0.0100476044976834,0.0100476044976834,63
Factor_9,RPPA,PKM2-R-C_rppa,0.00994087352898288,0.00994087352898288,64
Factor_9,RPPA,ACVRL1-R-C_rppa,-0.009703337419840214,0.009703337419840214,65
Factor_9,RPPA,NDRG1_pT346-R-V_rppa,-0.009510203542974847,0.009510203542974847,66
Factor_9,RPPA,DIRAS3-M-E_rppa,-0.009502539510132293,0.009502539510132293,67
Factor_9,RPPA,DUSP4-R-V_rppa,-0.009489192848245745,0.009489192848245745,68
Factor_9,RPPA,Akt_pT308-R-V_rppa,0.009187893324948406,0.009187893324948406,69
Factor_9,RPPA,MAPK_pT202_Y204-R-V_rppa,-0.008708675194506679,0.008708675194506679,70
Factor_9,RPPA,ATM-R-V_rppa,-0.008681989181721132,0.008681989181721132,71
Factor_9,RPPA,PKC-alpha_pS657-R-V_rppa,0.008674573259372539,0.008674573259372539,72
Factor_9,RPPA,Rb-M-E_rppa,0.008306783687627384,0.008306783687627384,73
Factor_9,RPPA,PYGM-M-C_rppa,0.008122985766051511,0.008122985766051511,74
Factor_9,RPPA,IRF-1-R-C_rppa,-0.008097925531518245,0.008097925531518245,75
Factor_9,RPPA,Bax-R-V_rppa,0.007822220612403117,0.007822220612403117,76
Factor_9,RPPA,EGFR-R-V_rppa,-0.007821184659515468,0.007821184659515468,77
Factor_9,RPPA,53BP1-R-C_rppa,0.007813317739282285,0.007813317739282285,78
Factor_9,RPPA,C-Raf_pS338-R-C_rppa,-0.007358563774744095,0.007358563774744095,79
Factor_9,RPPA,Cyclin_B1-R-V_rppa,0.0072601828942373626,0.0072601828942373626,80
Factor_9,RPPA,p16_INK4a-R-V_rppa,-0.0071711708164219875,0.0071711708164219875,81
Factor_9,RPPA,PRAS40_pT246-R-V_rppa,-0.0070246525897752704,0.0070246525897752704,82
Factor_9,RPPA,TAZ-R-C_rppa,0.006657226077668936,0.006657226077668936,83
Factor_9,RPPA,MIG-6-M-V_rppa,-0.006621228294447846,0.006621228294447846,84
Factor_9,RPPA,YAP-R-V_rppa,0.0065414308335477065,0.0065414308335477065,85
Factor_9,RPPA,c-Myc-R-C_rppa,0.006439326998978185,0.006439326998978185,86
Factor_9,RPPA,S6_pS235_S236-R-V_rppa,0.006410852723105277,0.006410852723105277,87
Factor_9,RPPA,GAB2-R-V_rppa,-0.006392014649468326,0.006392014649468326,88
Factor_9,RPPA,GYS_pS641-R-V_rppa,-0.006376800091972068,0.006376800091972068,89
Factor_9,RPPA,Caspase-8-M-E_rppa,0.006208860615164579,0.006208860615164579,90
Factor_9,RPPA,E-Cadherin-R-V_rppa,-0.006190594821300019,0.006190594821300019,91
Factor_9,RPPA,B-Raf_pS445-R-V_rppa,-0.006079525963459523,0.006079525963459523,92
Factor_9,RPPA,CDK1-R-V_rppa,-0.006007914331168544,0.006007914331168544,93
Factor_9,RPPA,ERK2-R-E_rppa,0.005955603507465237,0.005955603507465237,94
Factor_9,RPPA,ETS-1-R-V_rppa,0.00592310913105947,0.00592310913105947,95
Factor_9,RPPA,p90RSK-R-C_rppa,0.005796468352862865,0.005796468352862865,96
Factor_9,RPPA,GAPDH-M-C_rppa,0.005690311979368867,0.005690311979368867,97
Factor_9,RPPA,SF2-M-V_rppa,-0.005593375107716096,0.005593375107716096,98
Factor_9,RPPA,HSP70-R-C_rppa,-0.005505907426895147,0.005505907426895147,99
Factor_9,RPPA,PDCD4-R-C_rppa,0.005502063053549349,0.005502063053549349,100
Factor_10,RPPA,ETS-1-R-V_rppa,-0.010331177298043207,0.010331177298043207,1
Factor_10,RPPA,Rab25-R-V_rppa,-0.010231307006907263,0.010231307006907263,2
Factor_10,RPPA,Rab11-R-E_rppa,-0.007530198483827089,0.007530198483827089,3
Factor_10,RPPA,SCD-M-V_rppa,-0.00498646142652709,0.00498646142652709,4
Factor_10,RPPA,GYG-Glycogenin1-M-E_rppa,0.004451248970555996,0.004451248970555996,5
Factor_10,RPPA,B-Raf_pS445-R-V_rppa,0.004234532277907493,0.004234532277907493,6
Factor_10,RPPA,PEA15-R-V_rppa,0.004212382378431871,0.004212382378431871,7
Factor_10,RPPA,Bcl2A1-R-V_rppa,0.004200382658326047,0.004200382658326047,8
Factor_10,RPPA,CD49b-M-V_rppa,0.0036584713710529526,0.0036584713710529526,9
Factor_10,RPPA,Tuberin_pT1462-R-V_rppa,-0.003657230630426767,0.003657230630426767,10
Factor_10,RPPA,p27-R-V_rppa,0.0034985744154289893,0.0034985744154289893,11
Factor_10,RPPA,ACVRL1-R-C_rppa,-0.0033417078458702295,0.0033417078458702295,12
Factor_10,RPPA,ERCC5-R-C_rppa,0.0028353935504625543,0.0028353935504625543,13
Factor_10,RPPA,eIF4E-R-V_rppa,0.002648143366014473,0.002648143366014473,14
Factor_10,RPPA,MEK1-R-V_rppa,0.002532887030699029,0.002532887030699029,15
Factor_10,RPPA,SHP-2_pY542-R-C_rppa,-0.0022467068995183433,0.0022467068995183433,16
Factor_10,RPPA,DIRAS3-M-E_rppa,-0.0022120278805928006,0.0022120278805928006,17
Factor_10,RPPA,Raptor-R-V_rppa,-0.001978162265558421,0.001978162265558421,18
Factor_10,RPPA,HIF-1_alpha-M-E_rppa,-0.001960255268245615,0.001960255268245615,19
Factor_10,RPPA,MSH6-R-C_rppa,0.0019073115256629221,0.0019073115256629221,20
Factor_10,RPPA,Bcl-xL-R-V_rppa,-0.001905737302926719,0.001905737302926719,21
Factor_10,RPPA,CDK1_pY15-R-C_rppa,-0.0018555416336486518,0.0018555416336486518,22
Factor_10,RPPA,Ku80-R-C_rppa,0.0018028372958918744,0.0018028372958918744,23
Factor_10,RPPA,IGF1R_pY1135_Y1136-R-V_rppa,-0.0017584086075016373,0.0017584086075016373,24
Factor_10,RPPA,PYGM-M-C_rppa,-0.0016995402977325136,0.0016995402977325136,25
Factor_10,RPPA,Akt-R-V_rppa,0.0016921495510216482,0.0016921495510216482,26
Factor_10,RPPA,c-Myc-R-C_rppa,-0.0016851222235352552,0.0016851222235352552,27
Factor_10,RPPA,COG3-R-V_rppa,0.0016281484023011193,0.0016281484023011193,28
Factor_10,RPPA,Src_pY416-R-C_rppa,-0.0016225062819037038,0.0016225062819037038,29
Factor_10,RPPA,PI3K-p85-R-V_rppa,0.0015863232353989028,0.0015863232353989028,30
Factor_10,RPPA,Caspase-8-M-E_rppa,-0.0015842275586450084,0.0015842275586450084,31
Factor_10,RPPA,PARP_cleaved-M-E_rppa,-0.0015698709972499975,0.0015698709972499975,32
Factor_10,RPPA,Caspase-3-R-C_rppa,0.0015585077323822187,0.0015585077323822187,33
Factor_10,RPPA,Dvl3-R-V_rppa,-0.0015514721889799924,0.0015514721889799924,34
Factor_10,RPPA,CD31-M-V_rppa,-0.0015442478577155324,0.0015442478577155324,35
Factor_10,RPPA,Rb-M-E_rppa,-0.0014905738475257395,0.0014905738475257395,36
Factor_10,RPPA,MIG-6-M-V_rppa,-0.001489187821474624,0.001489187821474624,37
Factor_10,RPPA,YAP_pS127-R-C_rppa,0.001421016893881081,0.001421016893881081,38
Factor_10,RPPA,ATM-R-V_rppa,0.0013931191220816217,0.0013931191220816217,39
Factor_10,RPPA,CD20-R-C_rppa,-0.001383707520277697,0.001383707520277697,40
Factor_10,RPPA,PCNA-M-V_rppa,0.001373761413810139,0.001373761413810139,41
Factor_10,RPPA,Heregulin-R-V_rppa,-0.0012994002034559969,0.0012994002034559969,42
Factor_10,RPPA,Bad_pS112-R-V_rppa,0.0012959765394871248,0.0012959765394871248,43
Factor_10,RPPA,p70S6K_pT389-R-V_rppa,-0.001287098732663584,0.001287098732663584,44
Factor_10,RPPA,14-3-3_zeta-R-V_rppa,0.00125977921198436,0.00125977921198436,45
Factor_10,RPPA,Jak2-R-V_rppa,0.0012477455077790332,0.0012477455077790332,46
Factor_10,RPPA,C-Raf-R-V_rppa,-0.0012147508593005972,0.0012147508593005972,47
Factor_10,RPPA,IRS1-R-V_rppa,-0.0012010473406149414,0.0012010473406149414,48
Factor_10,RPPA,PREX1-R-E_rppa,0.0011698192154241478,0.0011698192154241478,49
Factor_10,RPPA,TAZ-R-C_rppa,0.0011638750371055005,0.0011638750371055005,50
Factor_10,RPPA,TIGAR-R-E_rppa,-0.0011561991209682542,0.0011561991209682542,51
Factor_10,RPPA,IRF-1-R-C_rppa,0.001129765762958217,0.001129765762958217,52
Factor_10,RPPA,4E-BP1-R-V_rppa,0.0011265223881200136,0.0011265223881200136,53
Factor_10,RPPA,c-Abl-R-V_rppa,0.0011248660120047758,0.0011248660120047758,54
Factor_10,RPPA,PDK1_pS241-R-V_rppa,0.0011230820799477434,0.0011230820799477434,55
Factor_10,RPPA,Chk2-M-C_rppa,0.0010921238873326084,0.0010921238873326084,56
Factor_10,RPPA,Smad3-R-V_rppa,0.001090824427192043,0.001090824427192043,57
Factor_10,RPPA,Caspase-7_cleavedD198-R-C_rppa,0.0010823695853831034,0.0010823695853831034,58
Factor_10,RPPA,cIAP-R-V_rppa,0.0010809948477506434,0.0010809948477506434,59
Factor_10,RPPA,GATA6-R-E_rppa,-0.0010707975321011657,0.0010707975321011657,60
Factor_10,RPPA,Rictor_pT1135-R-V_rppa,-0.0010485487281591708,0.0010485487281591708,61
Factor_10,RPPA,eEF2-R-V_rppa,-0.0010450894209843569,0.0010450894209843569,62
Factor_10,RPPA,JNK2-R-C_rppa,0.0010420862523135795,0.0010420862523135795,63
Factor_10,RPPA,Bcl-2-M-V_rppa,-0.001041643787259501,0.001041643787259501,64
Factor_10,RPPA,PDK1-R-V_rppa,0.0010330916547195504,0.0010330916547195504,65
Factor_10,RPPA,YAP-R-V_rppa,0.001023664597346236,0.001023664597346236,66
Factor_10,RPPA,Bak-R-C_rppa,-0.001016598933555642,0.001016598933555642,67
Factor_10,RPPA,MEK1_pS217_S221-R-V_rppa,-0.001015333420471576,0.001015333420471576,68
Factor_10,RPPA,A-Raf-R-V_rppa,-0.0010152544576766801,0.0010152544576766801,69
Factor_10,RPPA,Smad4-M-V_rppa,0.0009471303517125425,0.0009471303517125425,70
Factor_10,RPPA,p62-LCK-ligand-M-E_rppa,0.0009471219155177833,0.0009471219155177833,71
Factor_10,RPPA,JAB1-M-C_rppa,-0.0009334414594556203,0.0009334414594556203,72
Factor_10,RPPA,EGFR-R-V_rppa,0.0009329079511250828,0.0009329079511250828,73
Factor_10,RPPA,Bax-R-V_rppa,-0.0009307316641930492,0.0009307316641930492,74
Factor_10,RPPA,4E-BP1_pS65-R-V_rppa,0.0009300381413267512,0.0009300381413267512,75
Factor_10,RPPA,Beclin-G-V_rppa,-0.0009294098616274086,0.0009294098616274086,76
Factor_10,RPPA,SETD2-R-E_rppa,0.0009229186648736182,0.0009229186648736182,77
Factor_10,RPPA,EGFR_pY1173-R-C_rppa,0.0008777506029861851,0.0008777506029861851,78
Factor_10,RPPA,Annexin_VII-M-V_rppa,-0.0008769020181931397,0.0008769020181931397,79
Factor_10,RPPA,Myosin-IIa_pS1943-R-V_rppa,-0.0008675008689211851,0.0008675008689211851,80
Factor_10,RPPA,53BP1-R-C_rppa,0.0008667780822679196,0.0008667780822679196,81
Factor_10,RPPA,p27_pT198-R-V_rppa,-0.0008563175321963708,0.0008563175321963708,82
Factor_10,RPPA,Snail-M-E_rppa,-0.0008528134795312586,0.0008528134795312586,83
Factor_10,RPPA,N-Ras-M-V_rppa,-0.0008454812046475794,0.0008454812046475794,84
Factor_10,RPPA,YB-1-R-V_rppa,-0.0008421066176600725,0.0008421066176600725,85
Factor_10,RPPA,P-Cadherin-R-C_rppa,-0.0008371041155916962,0.0008371041155916962,86
Factor_10,RPPA,Chk1-M-C_rppa,-0.000833563296869445,0.000833563296869445,87
Factor_10,RPPA,NF-kB-p65_pS536-R-C_rppa,-0.0008101942281989698,0.0008101942281989698,88
Factor_10,RPPA,A-Raf_pS299-R-C_rppa,-0.0007983779547752126,0.0007983779547752126,89
Factor_10,RPPA,eIF4G-R-C_rppa,-0.0007954611385423514,0.0007954611385423514,90
Factor_10,RPPA,TAZ-R-V_rppa,-0.0007898123510625203,0.0007898123510625203,91
Factor_10,RPPA,HER3_pY1289-R-C_rppa,-0.0007897577314431189,0.0007897577314431189,92
Factor_10,RPPA,Transglutaminase-M-V_rppa,0.0007875230121007043,0.0007875230121007043,93
Factor_10,RPPA,Paxillin-R-V_rppa,0.000781669476526413,0.000781669476526413,94
Factor_10,RPPA,4E-BP1_pT70-R-C_rppa,0.0007792188058943742,0.0007792188058943742,95
Factor_10,RPPA,Bap1-c-4-M-V_rppa,0.0007776897853789315,0.0007776897853789315,96
Factor_10,RPPA,PCNA-M-C_rppa,-0.0007744302000407187,0.0007744302000407187,97
Factor_10,RPPA,INPP4B-G-C_rppa,-0.0007742343009259161,0.0007742343009259161,98
Factor_10,RPPA,Caveolin-1-R-V_rppa,0.0007588140328477716,0.0007588140328477716,99
Factor_10,RPPA,PR-R-V_rppa,-0.0007506726419129319,0.0007506726419129319,100
Factor_11,RPPA,GYS_pS641-R-V_rppa,-0.09302432894040691,0.09302432894040691,1
Factor_11,RPPA,LDHA-R-C_rppa,-0.08722316226444167,0.08722316226444167,2
Factor_11,RPPA,Cyclin_B1-R-V_rppa,0.08010967780898332,0.08010967780898332,3
Factor_11,RPPA,PKM2-R-C_rppa,-0.07720708005766538,0.07720708005766538,4
Factor_11,RPPA,EGFR_pY1068-R-V_rppa,-0.07593810639889595,0.07593810639889595,5
Factor_11,RPPA,EPPK1-M-C_rppa,-0.06352472503600054,0.06352472503600054,6
Factor_11,RPPA,STAT5-alpha-R-V_rppa,-0.06157089110301991,0.06157089110301991,7
Factor_11,RPPA,FASN-R-V_rppa,0.0604759945445076,0.0604759945445076,8
Factor_11,RPPA,GAPDH-M-C_rppa,-0.05831752537069948,0.05831752537069948,9
Factor_11,RPPA,PKC-pan_BetaII_pS660-R-V_rppa,-0.055796066717715385,0.055796066717715385,10
Factor_11,RPPA,Shc_pY317-R-E_rppa,0.05346226167193609,0.05346226167193609,11
Factor_11,RPPA,ERK2-R-E_rppa,-0.0530066394734036,0.0530066394734036,12
Factor_11,RPPA,GYS-R-V_rppa,-0.05203859923676842,0.05203859923676842,13
Factor_11,RPPA,EGFR-R-V_rppa,-0.05200868717079461,0.05200868717079461,14
Factor_11,RPPA,HIF-1_alpha-M-E_rppa,-0.05014147718188079,0.05014147718188079,15
Factor_11,RPPA,p90RSK-R-C_rppa,-0.04791431011215736,0.04791431011215736,16
Factor_11,RPPA,GSK3-alpha-beta_pS21_S9-R-V_rppa,-0.04769457420964464,0.04769457420964464,17
Factor_11,RPPA,S6_pS240_S244-R-V_rppa,0.04753748361419866,0.04753748361419866,18
Factor_11,RPPA,AR-R-V_rppa,-0.046531902560909666,0.046531902560909666,19
Factor_11,RPPA,PDCD4-R-C_rppa,0.045574759989045185,0.045574759989045185,20
Factor_11,RPPA,p90RSK_pT359_S363-R-C_rppa,-0.04497339283331579,0.04497339283331579,21
Factor_11,RPPA,Chk2-M-E_rppa,0.04445281988056803,0.04445281988056803,22
Factor_11,RPPA,NF-kB-p65_pS536-R-C_rppa,-0.04434654930485578,0.04434654930485578,23
Factor_11,RPPA,Dvl3-R-V_rppa,0.04429708911286793,0.04429708911286793,24
Factor_11,RPPA,MEK1-R-V_rppa,-0.043682906330045554,0.043682906330045554,25
Factor_11,RPPA,Bap1-c-4-M-E_rppa,0.04343951428657231,0.04343951428657231,26
Factor_11,RPPA,PTEN-R-V_rppa,0.042689568836237854,0.042689568836237854,27
Factor_11,RPPA,Claudin-7-R-V_rppa,-0.04260644490000911,0.04260644490000911,28
Factor_11,RPPA,PEA15-R-V_rppa,0.04155844276366618,0.04155844276366618,29
Factor_11,RPPA,VEGFR2-R-V_rppa,-0.041149661761434336,0.041149661761434336,30
Factor_11,RPPA,Transglutaminase-M-V_rppa,-0.039127589901482775,0.039127589901482775,31
Factor_11,RPPA,Rad50-M-V_rppa,0.03901380883065929,0.03901380883065929,32
Factor_11,RPPA,ACC1-R-C_rppa,0.037954795599830116,0.037954795599830116,33
Factor_11,RPPA,PDK1_pS241-R-V_rppa,-0.037923055844006334,0.037923055844006334,34
Factor_11,RPPA,NDRG1_pT346-R-V_rppa,-0.03791670871762335,0.03791670871762335,35
Factor_11,RPPA,FoxM1-R-V_rppa,0.03625071924092893,0.03625071924092893,36
Factor_11,RPPA,Fibronectin-R-C_rppa,0.03572628003429981,0.03572628003429981,37
Factor_11,RPPA,ACC_pS79-R-V_rppa,0.0351277437505066,0.0351277437505066,38
Factor_11,RPPA,p38_MAPK-R-C_rppa,0.03422132930103915,0.03422132930103915,39
Factor_11,RPPA,INPP4B-G-C_rppa,-0.034171853276641684,0.034171853276641684,40
Factor_11,RPPA,p21-R-C_rppa,0.03363947778630896,0.03363947778630896,41
Factor_11,RPPA,YAP-R-V_rppa,0.033384774268446195,0.033384774268446195,42
Factor_11,RPPA,YB-1_pS102-R-V_rppa,-0.032942607452517994,0.032942607452517994,43
Factor_11,RPPA,IGFBP2-R-V_rppa,0.03291939224315784,0.03291939224315784,44
Factor_11,RPPA,XRCC1-R-C_rppa,0.032497123370343474,0.032497123370343474,45
Factor_11,RPPA,Cyclin_E1-M-V_rppa,0.03204423238510216,0.03204423238510216,46
Factor_11,RPPA,c-Abl-R-V_rppa,0.031982880902718995,0.031982880902718995,47
Factor_11,RPPA,beta-Catenin-R-V_rppa,-0.03144940156245146,0.03144940156245146,48
Factor_11,RPPA,PYGL-R-E_rppa,-0.03136009469210931,0.03136009469210931,49
Factor_11,RPPA,14-3-3_zeta-R-V_rppa,0.031079291096581606,0.031079291096581606,50
Factor_11,RPPA,JNK2-R-C_rppa,-0.0309826280568149,0.0309826280568149,51
Factor_11,RPPA,INPP4B-R-V_rppa,0.0307590195951218,0.0307590195951218,52
Factor_11,RPPA,14-3-3_beta-R-V_rppa,0.03073702627852188,0.03073702627852188,53
Factor_11,RPPA,Paxillin-R-V_rppa,-0.030600225577085895,0.030600225577085895,54
Factor_11,RPPA,MEK1_pS217_S221-R-V_rppa,-0.02935840823068527,0.02935840823068527,55
Factor_11,RPPA,Snail-M-E_rppa,0.029155672541812193,0.029155672541812193,56
Factor_11,RPPA,MSH6-R-C_rppa,0.029112523988523556,0.029112523988523556,57
Factor_11,RPPA,PR-R-V_rppa,0.028879162361790882,0.028879162361790882,58
Factor_11,RPPA,S6-R-E_rppa,0.028250016501888027,0.028250016501888027,59
Factor_11,RPPA,MSH2-M-V_rppa,0.02821182921850432,0.02821182921850432,60
Factor_11,RPPA,Rb_pS807_S811-R-V_rppa,0.028128773478958733,0.028128773478958733,61
Factor_11,RPPA,NF2-R-C_rppa,-0.028124096412793776,0.028124096412793776,62
Factor_11,RPPA,p16_INK4a-R-V_rppa,0.027392412411058574,0.027392412411058574,63
Factor_11,RPPA,S6_pS235_S236-R-V_rppa,0.02695140313016876,0.02695140313016876,64
Factor_11,RPPA,c-Myc-R-C_rppa,0.026917090486343193,0.026917090486343193,65
Factor_11,RPPA,HER2_pY1248-R-C_rppa,-0.02680827640382142,0.02680827640382142,66
Factor_11,RPPA,PRDX1-R-V_rppa,0.026556620216506,0.026556620216506,67
Factor_11,RPPA,Chk1-R-V_rppa,0.026444643936269892,0.026444643936269892,68
Factor_11,RPPA,MAPK_pT202_Y204-R-V_rppa,-0.02568471925936974,0.02568471925936974,69
Factor_11,RPPA,PCNA-M-V_rppa,0.025276718244143053,0.025276718244143053,70
Factor_11,RPPA,CD49b-M-V_rppa,0.025244111711074428,0.025244111711074428,71
Factor_11,RPPA,alpha-Catenin-M-V_rppa,0.025030892811427875,0.025030892811427875,72
Factor_11,RPPA,YAP-R-E_rppa,-0.0246192704089919,0.0246192704089919,73
Factor_11,RPPA,Caspase-8-M-E_rppa,-0.02345234777061806,0.02345234777061806,74
Factor_11,RPPA,CA9-M-E_rppa,0.02339216316064867,0.02339216316064867,75
Factor_11,RPPA,TFRC-R-V_rppa,0.02278264048610447,0.02278264048610447,76
Factor_11,RPPA,Src_pY416-R-C_rppa,-0.022718041318777967,0.022718041318777967,77
Factor_11,RPPA,JNK_pT183_pY185-R-V_rppa,0.022658164044445372,0.022658164044445372,78
Factor_11,RPPA,c-Jun_pS73-R-V_rppa,0.02264378592606535,0.02264378592606535,79
Factor_11,RPPA,Bcl2A1-R-V_rppa,-0.02245150563567734,0.02245150563567734,80
Factor_11,RPPA,DJ-1-R-E_rppa,0.02222445791689635,0.02222445791689635,81
Factor_11,RPPA,ACC1-R-E_rppa,0.022132580677827474,0.022132580677827474,82
Factor_11,RPPA,PI3K-p85-R-V_rppa,-0.02195920737617616,0.02195920737617616,83
Factor_11,RPPA,Bap1-c-4-M-V_rppa,0.02182647955608107,0.02182647955608107,84
Factor_11,RPPA,PAI-1-M-E_rppa,-0.02179671531487199,0.02179671531487199,85
Factor_11,RPPA,YAP_pS127-R-C_rppa,0.021688590265954294,0.021688590265954294,86
Factor_11,RPPA,Caspase-7_cleavedD198-R-C_rppa,0.02148475280676211,0.02148475280676211,87
Factor_11,RPPA,14-3-3_epsilon-M-C_rppa,0.021055659518778056,0.021055659518778056,88
Factor_11,RPPA,Rad50-M-C_rppa,-0.02100765005790966,0.02100765005790966,89
Factor_11,RPPA,FOXO3a-R-C_rppa,0.020949835635570017,0.020949835635570017,90
Factor_11,RPPA,CDK1-R-V_rppa,0.0205980200815237,0.0205980200815237,91
Factor_11,RPPA,TAZ-R-V_rppa,-0.020289963913124695,0.020289963913124695,92
Factor_11,RPPA,eEF2-R-C_rppa,0.020260563445983343,0.020260563445983343,93
Factor_11,RPPA,FOXO3a_pS318_S321-R-C_rppa,0.020111422125844023,0.020111422125844023,94
Factor_11,RPPA,Fibronectin-R-V_rppa,-0.020049544878613226,0.020049544878613226,95
Factor_11,RPPA,PARP_cleaved-M-E_rppa,0.020003614647434324,0.020003614647434324,96
Factor_11,RPPA,PRAS40_pT246-R-V_rppa,0.019867795405710813,0.019867795405710813,97
Factor_11,RPPA,G6PD-M-V_rppa,0.0198022040523692,0.0198022040523692,98
Factor_11,RPPA,B-Raf-M-V_rppa,-0.01963764800106846,0.01963764800106846,99
Factor_11,RPPA,GSK3_pS9-R-V_rppa,-0.019417739217308327,0.019417739217308327,100
Factor_12,RPPA,p90RSK_pT359_S363-R-C_rppa,9.257254778099974e-05,9.257254778099974e-05,1
Factor_12,RPPA,MAPK_pT202_Y204-R-V_rppa,8.506160941208581e-05,8.506160941208581e-05,2
Factor_12,RPPA,GAPDH-M-C_rppa,-7.234302648989293e-05,7.234302648989293e-05,3
Factor_12,RPPA,Akt_pS473-R-V_rppa,5.636342260611004e-05,5.636342260611004e-05,4
Factor_12,RPPA,NDRG1_pT346-R-V_rppa,4.612357533523296e-05,4.612357533523296e-05,5
Factor_12,RPPA,IGFBP2-R-V_rppa,4.167780935348506e-05,4.167780935348506e-05,6
Factor_12,RPPA,MYH11-R-V_rppa,3.9541633073842575e-05,3.9541633073842575e-05,7
Factor_12,RPPA,Shc_pY317-R-V_rppa,3.65590711339668e-05,3.65590711339668e-05,8
Factor_12,RPPA,Smac-M-E_rppa,-3.4040049897796946e-05,3.4040049897796946e-05,9
Factor_12,RPPA,alpha-Catenin-M-V_rppa,-3.3049253274219693e-05,3.3049253274219693e-05,10
Factor_12,RPPA,INPP4B-R-V_rppa,-3.112633321056122e-05,3.112633321056122e-05,11
Factor_12,RPPA,XRCC1-R-E_rppa,-2.8451553143468403e-05,2.8451553143468403e-05,12
Factor_12,RPPA,SCD-M-V_rppa,-2.7755298021270027e-05,2.7755298021270027e-05,13
Factor_12,RPPA,EGFR_pY1068-R-V_rppa,2.7707784105614297e-05,2.7707784105614297e-05,14
Factor_12,RPPA,MEK1-R-V_rppa,2.4637855155023703e-05,2.4637855155023703e-05,15
Factor_12,RPPA,p21-R-V_rppa,2.456586274934051e-05,2.456586274934051e-05,16
Factor_12,RPPA,Rad50-M-V_rppa,-2.2406757304012843e-05,2.2406757304012843e-05,17
Factor_12,RPPA,HER3-R-V_rppa,2.20064751882226e-05,2.20064751882226e-05,18
Factor_12,RPPA,Beclin-G-C_rppa,2.1097824092311997e-05,2.1097824092311997e-05,19
Factor_12,RPPA,Shc_pY317-R-E_rppa,-1.9952562871402694e-05,1.9952562871402694e-05,20
Factor_12,RPPA,YAP_pS127-R-E_rppa,1.7842841999835665e-05,1.7842841999835665e-05,21
Factor_12,RPPA,c-Jun_pS73-R-V_rppa,-1.764698303269435e-05,1.764698303269435e-05,22
Factor_12,RPPA,Src_pY527-R-V_rppa,1.6284381776562314e-05,1.6284381776562314e-05,23
Factor_12,RPPA,SHP-2_pY542-R-C_rppa,1.5876383339456405e-05,1.5876383339456405e-05,24
Factor_12,RPPA,PRDX1-R-V_rppa,1.5063016161472393e-05,1.5063016161472393e-05,25
Factor_12,RPPA,PKC-alpha_pS657-R-C_rppa,1.4614780736024898e-05,1.4614780736024898e-05,26
Factor_12,RPPA,YAP-R-E_rppa,1.3400352359630958e-05,1.3400352359630958e-05,27
Factor_12,RPPA,Chk2-M-E_rppa,1.3218560042257259e-05,1.3218560042257259e-05,28
Factor_12,RPPA,p38_MAPK-R-V_rppa,1.2814116382714512e-05,1.2814116382714512e-05,29
Factor_12,RPPA,eEF2-R-C_rppa,1.1371682289640062e-05,1.1371682289640062e-05,30
Factor_12,RPPA,DJ-1-R-E_rppa,1.1260345450116465e-05,1.1260345450116465e-05,31
Factor_12,RPPA,4E-BP1_pS65-R-V_rppa,-1.0934243647176227e-05,1.0934243647176227e-05,32
Factor_12,RPPA,c-Abl-R-V_rppa,1.0737446494103653e-05,1.0737446494103653e-05,33
Factor_12,RPPA,14-3-3_zeta-R-V_rppa,-1.0465603735872058e-05,1.0465603735872058e-05,34
Factor_12,RPPA,PRAS40_pT246-R-V_rppa,-1.0357283107096718e-05,1.0357283107096718e-05,35
Factor_12,RPPA,HER2_pY1248-R-C_rppa,1.0323829650249718e-05,1.0323829650249718e-05,36
Factor_12,RPPA,Src_pY416-R-C_rppa,1.0297131631219725e-05,1.0297131631219725e-05,37
Factor_12,RPPA,p53-R-E_rppa,-1.0179434089220671e-05,1.0179434089220671e-05,38
Factor_12,RPPA,TAZ-R-V_rppa,1.0046541326827173e-05,1.0046541326827173e-05,39
Factor_12,RPPA,4E-BP1_pT70-R-V_rppa,9.746522923482254e-06,9.746522923482254e-06,40
Factor_12,RPPA,TFRC-R-V_rppa,-9.264415559081701e-06,9.264415559081701e-06,41
Factor_12,RPPA,Acetyl-a-Tubulin-Lys40-R-C_rppa,9.05760366137338e-06,9.05760366137338e-06,42
Factor_12,RPPA,Annexin_VII-M-V_rppa,-8.921962916721814e-06,8.921962916721814e-06,43
Factor_12,RPPA,c-Met-M-E_rppa,-8.915883759568515e-06,8.915883759568515e-06,44
Factor_12,RPPA,Complex-II_subunit30-M-V_rppa,-8.460476059424046e-06,8.460476059424046e-06,45
Factor_12,RPPA,VEGFR2-R-V_rppa,8.27960146840736e-06,8.27960146840736e-06,46
Factor_12,RPPA,PYGL-R-E_rppa,7.939767319317094e-06,7.939767319317094e-06,47
Factor_12,RPPA,Lck-R-V_rppa,-7.808583648187411e-06,7.808583648187411e-06,48
Factor_12,RPPA,Chk1-M-C_rppa,7.787177799562796e-06,7.787177799562796e-06,49
Factor_12,RPPA,Claudin-7-R-V_rppa,-7.696371432826335e-06,7.696371432826335e-06,50
Factor_12,RPPA,ARID1A-R-C_rppa,7.695255933097665e-06,7.695255933097665e-06,51
Factor_12,RPPA,S6_pS235_S236-R-V_rppa,7.657021208311789e-06,7.657021208311789e-06,52
Factor_12,RPPA,Tuberin-R-E_rppa,7.439308289806014e-06,7.439308289806014e-06,53
Factor_12,RPPA,Bap1-c-4-M-E_rppa,-7.320447503015563e-06,7.320447503015563e-06,54
Factor_12,RPPA,ATM-R-E_rppa,6.613457514768528e-06,6.613457514768528e-06,55
Factor_12,RPPA,53BP1-R-E_rppa,-6.599987042558107e-06,6.599987042558107e-06,56
Factor_12,RPPA,TIGAR-R-V_rppa,6.53510595204139e-06,6.53510595204139e-06,57
Factor_12,RPPA,MSH6-R-C_rppa,6.488635457415569e-06,6.488635457415569e-06,58
Factor_12,RPPA,p16_INK4a-R-V_rppa,6.4414381073944574e-06,6.4414381073944574e-06,59
Factor_12,RPPA,ATM-R-V_rppa,6.196991756435123e-06,6.196991756435123e-06,60
Factor_12,RPPA,Notch1-R-V_rppa,5.760319865814388e-06,5.760319865814388e-06,61
Factor_12,RPPA,Paxillin-R-C_rppa,5.752273251270732e-06,5.752273251270732e-06,62
Factor_12,RPPA,Syk-M-V_rppa,-5.657758937227891e-06,5.657758937227891e-06,63
Factor_12,RPPA,ACC_pS79-R-V_rppa,-5.4958036981012616e-06,5.4958036981012616e-06,64
Factor_12,RPPA,c-Met_pY1235-R-V_rppa,-4.982384352179383e-06,4.982384352179383e-06,65
Factor_12,RPPA,EGFR-R-V_rppa,4.932742568773826e-06,4.932742568773826e-06,66
Factor_12,RPPA,NF-kB-p65_pS536-R-C_rppa,4.879406001522063e-06,4.879406001522063e-06,67
Factor_12,RPPA,Akt_pT308-R-V_rppa,4.8776883659891125e-06,4.8776883659891125e-06,68
Factor_12,RPPA,EGFR_pY1068-R-C_rppa,4.737159999824226e-06,4.737159999824226e-06,69
Factor_12,RPPA,Acetyl-a-Tubulin-Lys40-R-E_rppa,4.631448504990591e-06,4.631448504990591e-06,70
Factor_12,RPPA,G6PD-M-V_rppa,-4.5778046699810805e-06,4.5778046699810805e-06,71
Factor_12,RPPA,CD26-R-V_rppa,4.291066420011951e-06,4.291066420011951e-06,72
Factor_12,RPPA,GYS-R-V_rppa,-4.152253188568913e-06,4.152253188568913e-06,73
Factor_12,RPPA,GATA6-R-E_rppa,-4.1330674009063225e-06,4.1330674009063225e-06,74
Factor_12,RPPA,p62-LCK-ligand-M-E_rppa,-4.068572282426979e-06,4.068572282426979e-06,75
Factor_12,RPPA,Ku80-R-C_rppa,-4.063394138040043e-06,4.063394138040043e-06,76
Factor_12,RPPA,Fibronectin-R-C_rppa,-3.961956423495722e-06,3.961956423495722e-06,77
Factor_12,RPPA,PR-R-V_rppa,-3.961953088753372e-06,3.961953088753372e-06,78
Factor_12,RPPA,p38_pT180_Y182-R-V_rppa,3.900358324345704e-06,3.900358324345704e-06,79
Factor_12,RPPA,p70S6K_pT389-R-V_rppa,-3.852486853073613e-06,3.852486853073613e-06,80
Factor_12,RPPA,PI3K-p85-R-V_rppa,-3.837221911607694e-06,3.837221911607694e-06,81
Factor_12,RPPA,STAT5-alpha-R-V_rppa,-3.833422626856496e-06,3.833422626856496e-06,82
Factor_12,RPPA,DUSP4-R-V_rppa,-3.833266188888861e-06,3.833266188888861e-06,83
Factor_12,RPPA,STAT3_pY705-R-V_rppa,3.7155593734744e-06,3.7155593734744e-06,84
Factor_12,RPPA,GAB2-R-V_rppa,3.504612161912383e-06,3.504612161912383e-06,85
Factor_12,RPPA,Mitochondria-M-V_rppa,-3.4760074228451744e-06,3.4760074228451744e-06,86
Factor_12,RPPA,Dvl3-R-V_rppa,-3.4567630618310454e-06,3.4567630618310454e-06,87
Factor_12,RPPA,Bim-R-V_rppa,-3.456419347001639e-06,3.456419347001639e-06,88
Factor_12,RPPA,Caveolin-1-R-V_rppa,3.384372068767164e-06,3.384372068767164e-06,89
Factor_12,RPPA,YB-1_pS102-R-V_rppa,3.3460832721987075e-06,3.3460832721987075e-06,90
Factor_12,RPPA,B-Raf-M-V_rppa,-3.26423685307162e-06,3.26423685307162e-06,91
Factor_12,RPPA,P-Cadherin-R-C_rppa,-3.254403201504952e-06,3.254403201504952e-06,92
Factor_12,RPPA,Rad51-M-C_rppa,3.220291130340335e-06,3.220291130340335e-06,93
Factor_12,RPPA,PARP1-R-V_rppa,3.127504287893208e-06,3.127504287893208e-06,94
Factor_12,RPPA,CDK1_pY15-R-C_rppa,-3.1227117959520306e-06,3.1227117959520306e-06,95
Factor_12,RPPA,AMPK_alpha-R-C_rppa,-2.988937494807459e-06,2.988937494807459e-06,96
Factor_12,RPPA,Rad51-R-V_rppa,2.8126924346061013e-06,2.8126924346061013e-06,97
Factor_12,RPPA,Fibronectin-R-V_rppa,-2.7708104269870413e-06,2.7708104269870413e-06,98
Factor_12,RPPA,E-Cadherin-R-V_rppa,-2.6708842262417583e-06,2.6708842262417583e-06,99
Factor_12,RPPA,p53-R-V_rppa,2.4917556260503546e-06,2.4917556260503546e-06,100
Factor_13,RPPA,INPP4B-G-C_rppa,0.03435401870373794,0.03435401870373794,1
Factor_13,RPPA,ER-alpha_pS118-R-V_rppa,0.033654583277373945,0.033654583277373945,2
Factor_13,RPPA,AMPK_alpha-R-C_rppa,0.03219561560904616,0.03219561560904616,3
Factor_13,RPPA,S6-R-E_rppa,0.025451048333823792,0.025451048333823792,4
Factor_13,RPPA,AR-R-V_rppa,-0.02366931177258834,0.02366931177258834,5
Factor_13,RPPA,Lck-R-V_rppa,-0.023398822819316444,0.023398822819316444,6
Factor_13,RPPA,Rab11-R-E_rppa,0.02271913794227865,0.02271913794227865,7
Factor_13,RPPA,TAZ-R-C_rppa,0.022089185911923607,0.022089185911923607,8
Factor_13,RPPA,HER3_pY1289-R-C_rppa,-0.021824229957556604,0.021824229957556604,9
Factor_13,RPPA,PKM2-R-C_rppa,0.02162033955272436,0.02162033955272436,10
Factor_13,RPPA,PREX1-R-E_rppa,-0.02160270435400837,0.02160270435400837,11
Factor_13,RPPA,Cyclin_B1-R-V_rppa,-0.020598531675681125,0.020598531675681125,12
Factor_13,RPPA,YAP-R-V_rppa,-0.01969172914212195,0.01969172914212195,13
Factor_13,RPPA,SHP-2_pY542-R-C_rppa,-0.01948140479155648,0.01948140479155648,14
Factor_13,RPPA,Src_pY416-R-C_rppa,-0.019023269497092415,0.019023269497092415,15
Factor_13,RPPA,LKB1-M-E_rppa,0.018211006570327863,0.018211006570327863,16
Factor_13,RPPA,Myosin-IIa_pS1943-R-V_rppa,0.0181992621381579,0.0181992621381579,17
Factor_13,RPPA,Shc_pY317-R-V_rppa,-0.01752533259462872,0.01752533259462872,18
Factor_13,RPPA,Ku80-R-C_rppa,-0.0172413021922046,0.0172413021922046,19
Factor_13,RPPA,HER2-M-V_rppa,0.017218998023629747,0.017218998023629747,20
Factor_13,RPPA,C-Raf-R-V_rppa,0.016848971014968624,0.016848971014968624,21
Factor_13,RPPA,c-Kit-R-V_rppa,0.01681387952938822,0.01681387952938822,22
Factor_13,RPPA,Transglutaminase-M-V_rppa,-0.016727353596373475,0.016727353596373475,23
Factor_13,RPPA,Src-M-V_rppa,0.01622660191977628,0.01622660191977628,24
Factor_13,RPPA,TSC1-R-C_rppa,0.016192030433583044,0.016192030433583044,25
Factor_13,RPPA,PKC-pan_BetaII_pS660-R-V_rppa,0.015959833595597012,0.015959833595597012,26
Factor_13,RPPA,PKC-alpha-M-V_rppa,-0.015852618341586744,0.015852618341586744,27
Factor_13,RPPA,Tuberin-R-C_rppa,0.015576141041571966,0.015576141041571966,28
Factor_13,RPPA,Chk2-M-C_rppa,-0.015528653980463348,0.015528653980463348,29
Factor_13,RPPA,MSH2-M-V_rppa,-0.015235850776218876,0.015235850776218876,30
Factor_13,RPPA,GAPDH-M-C_rppa,0.015135562362205692,0.015135562362205692,31
Factor_13,RPPA,LDHB-M-E_rppa,0.015067735907276524,0.015067735907276524,32
Factor_13,RPPA,Smad3-R-V_rppa,0.01495041748845552,0.01495041748845552,33
Factor_13,RPPA,ERK2-R-E_rppa,0.014611844239442024,0.014611844239442024,34
Factor_13,RPPA,mTOR-R-V_rppa,0.014569394658769516,0.014569394658769516,35
Factor_13,RPPA,GYG-Glycogenin1-M-E_rppa,0.014401118390839502,0.014401118390839502,36
Factor_13,RPPA,Smac-M-E_rppa,0.014309906567381488,0.014309906567381488,37
Factor_13,RPPA,p90RSK-R-C_rppa,0.014282692976671939,0.014282692976671939,38
Factor_13,RPPA,Oxphos-complex-V_subunitb-M-E_rppa,0.013647774173759855,0.013647774173759855,39
Factor_13,RPPA,STAT3_pY705-R-V_rppa,-0.013546715694241278,0.013546715694241278,40
Factor_13,RPPA,PYGB-AB2-R-V_rppa,0.013545948761956575,0.013545948761956575,41
Factor_13,RPPA,ACC_pS79-R-V_rppa,0.012821256620596435,0.012821256620596435,42
Factor_13,RPPA,eEF2K-R-V_rppa,-0.012755930043636031,0.012755930043636031,43
Factor_13,RPPA,Rab25-R-V_rppa,0.012700698553426412,0.012700698553426412,44
Factor_13,RPPA,53BP1-R-C_rppa,0.012454916873301724,0.012454916873301724,45
Factor_13,RPPA,B-Raf-M-V_rppa,0.012163749893352723,0.012163749893352723,46
Factor_13,RPPA,PKC-alpha_pS657-R-V_rppa,-0.012017892790640722,0.012017892790640722,47
Factor_13,RPPA,FOXO3a-R-C_rppa,-0.011885724014850685,0.011885724014850685,48
Factor_13,RPPA,Complex-II_subunit30-M-V_rppa,0.01172037428520087,0.01172037428520087,49
Factor_13,RPPA,E-Cadherin-R-V_rppa,0.011712663252921359,0.011712663252921359,50
Factor_13,RPPA,DJ-1-R-C_rppa,0.011693932778688907,0.011693932778688907,51
Factor_13,RPPA,CD31-M-V_rppa,0.01160377538943451,0.01160377538943451,52
Factor_13,RPPA,p70S6K_pT389-R-V_rppa,-0.011538532277429013,0.011538532277429013,53
Factor_13,RPPA,Src_pY527-R-V_rppa,-0.011251151144279437,0.011251151144279437,54
Factor_13,RPPA,p21-R-C_rppa,-0.011248201910931668,0.011248201910931668,55
Factor_13,RPPA,p53-R-V_rppa,-0.011149889921013815,0.011149889921013815,56
Factor_13,RPPA,PDK1-R-V_rppa,0.011110715003008302,0.011110715003008302,57
Factor_13,RPPA,CD49b-M-V_rppa,-0.01072608643438287,0.01072608643438287,58
Factor_13,RPPA,NF-kB-p65_pS536-R-C_rppa,-0.01024387978639387,0.01024387978639387,59
Factor_13,RPPA,ARID1A-M-V_rppa,-0.010201488228056738,0.010201488228056738,60
Factor_13,RPPA,eEF2-R-V_rppa,0.010129823432323612,0.010129823432323612,61
Factor_13,RPPA,PYGB-R-V_rppa,0.010109909337082062,0.010109909337082062,62
Factor_13,RPPA,TFRC-R-V_rppa,0.010029207483536213,0.010029207483536213,63
Factor_13,RPPA,p38_MAPK-R-C_rppa,-0.009943805673049227,0.009943805673049227,64
Factor_13,RPPA,RBM15-R-V_rppa,0.009879190201900454,0.009879190201900454,65
Factor_13,RPPA,MAPK_pT202_Y204-R-V_rppa,-0.009860670055674573,0.009860670055674573,66
Factor_13,RPPA,ACC1-R-C_rppa,0.009678919990550811,0.009678919990550811,67
Factor_13,RPPA,Bap1-c-4-M-V_rppa,-0.00946176988025353,0.00946176988025353,68
Factor_13,RPPA,XRCC1-R-C_rppa,-0.009347355614991717,0.009347355614991717,69
Factor_13,RPPA,MSH6-R-C_rppa,-0.009343631335928623,0.009343631335928623,70
Factor_13,RPPA,JNK2-R-C_rppa,-0.008909425561471567,0.008909425561471567,71
Factor_13,RPPA,PYGM-M-C_rppa,0.008908641050116727,0.008908641050116727,72
Factor_13,RPPA,COG3-R-V_rppa,0.008869548235208271,0.008869548235208271,73
Factor_13,RPPA,4E-BP1-R-V_rppa,-0.008559681727865772,0.008559681727865772,74
Factor_13,RPPA,Annexin-1-M-E_rppa,-0.008520300528484202,0.008520300528484202,75
Factor_13,RPPA,GATA3-M-V_rppa,-0.008420916409927412,0.008420916409927412,76
Factor_13,RPPA,PDCD4-R-C_rppa,0.008269661061938816,0.008269661061938816,77
Factor_13,RPPA,EGFR-R-V_rppa,-0.008247797049581852,0.008247797049581852,78
Factor_13,RPPA,BRD4-R-V_rppa,0.008075408509260753,0.008075408509260753,79
Factor_13,RPPA,beta-Catenin-R-V_rppa,0.007830150085373935,0.007830150085373935,80
Factor_13,RPPA,VEGFR2-R-V_rppa,0.007722150039376915,0.007722150039376915,81
Factor_13,RPPA,Chk1-R-V_rppa,-0.007669076064647125,0.007669076064647125,82
Factor_13,RPPA,p27-R-V_rppa,-0.0076433998838008575,0.0076433998838008575,83
Factor_13,RPPA,ACVRL1-R-C_rppa,0.007515682827502944,0.007515682827502944,84
Factor_13,RPPA,Collagen_VI-R-V_rppa,0.007467675502797151,0.007467675502797151,85
Factor_13,RPPA,GSK3-alpha-beta-M-V_rppa,0.007448448077405081,0.007448448077405081,86
Factor_13,RPPA,Rb_pS807_S811-R-V_rppa,-0.007074612112334568,0.007074612112334568,87
Factor_13,RPPA,PRAS40_pT246-R-V_rppa,-0.006805827788303767,0.006805827788303767,88
Factor_13,RPPA,PYGL-R-E_rppa,-0.0067048112796526315,0.0067048112796526315,89
Factor_13,RPPA,MEK1-R-V_rppa,-0.006610520541677628,0.006610520541677628,90
Factor_13,RPPA,Akt_pS473-R-V_rppa,-0.00652120061646678,0.00652120061646678,91
Factor_13,RPPA,SF2-M-V_rppa,0.006492168265196683,0.006492168265196683,92
Factor_13,RPPA,PRDX1-R-E_rppa,-0.006277438804918262,0.006277438804918262,93
Factor_13,RPPA,CD20-R-C_rppa,0.006211921725106577,0.006211921725106577,94
Factor_13,RPPA,JAB1-M-C_rppa,-0.006206586446964733,0.006206586446964733,95
Factor_13,RPPA,HSP70-R-C_rppa,0.006160289780747858,0.006160289780747858,96
Factor_13,RPPA,PEA15_pS116-R-V_rppa,0.005974934007955036,0.005974934007955036,97
Factor_13,RPPA,Bcl-xL-R-V_rppa,0.005887269180001271,0.005887269180001271,98
Factor_13,RPPA,HIF-1_alpha-M-E_rppa,0.005850631663481583,0.005850631663481583,99
Factor_13,RPPA,ASNS-R-V_rppa,-0.005770178487950794,0.005770178487950794,100
Factor_14,RPPA,c-Kit-R-V_rppa,0.04233942010028165,0.04233942010028165,1
Factor_14,RPPA,NDRG1_pT346-R-V_rppa,-0.03950963537366445,0.03950963537366445,2
Factor_14,RPPA,RBM15-R-V_rppa,-0.0381700591636479,0.0381700591636479,3
Factor_14,RPPA,STAT5-alpha-R-V_rppa,-0.03787919733097128,0.03787919733097128,4
Factor_14,RPPA,CA9-M-E_rppa,0.034199945430251864,0.034199945430251864,5
Factor_14,RPPA,beta-Catenin-R-V_rppa,-0.03410853872976986,0.03410853872976986,6
Factor_14,RPPA,Annexin-1-M-E_rppa,-0.02980901705262476,0.02980901705262476,7
Factor_14,RPPA,S6-R-E_rppa,-0.029560780158409426,0.029560780158409426,8
Factor_14,RPPA,53BP1-R-C_rppa,-0.029002159882284606,0.029002159882284606,9
Factor_14,RPPA,CDK1-R-V_rppa,0.028498852188597303,0.028498852188597303,10
Factor_14,RPPA,ATM-R-V_rppa,-0.02806240818515467,0.02806240818515467,11
Factor_14,RPPA,GAPDH-M-C_rppa,-0.02733150894556778,0.02733150894556778,12
Factor_14,RPPA,ER-alpha_pS118-R-V_rppa,0.02711240873581159,0.02711240873581159,13
Factor_14,RPPA,p90RSK-R-C_rppa,-0.026865004232763022,0.026865004232763022,14
Factor_14,RPPA,BRD4-R-V_rppa,-0.026138755800727387,0.026138755800727387,15
Factor_14,RPPA,PR-R-V_rppa,0.02567453123818007,0.02567453123818007,16
Factor_14,RPPA,PKC-pan_BetaII_pS660-R-V_rppa,-0.025362279780922443,0.025362279780922443,17
Factor_14,RPPA,p53-R-V_rppa,0.02516864908547226,0.02516864908547226,18
Factor_14,RPPA,p38_pT180_Y182-R-V_rppa,-0.02469795663594245,0.02469795663594245,19
Factor_14,RPPA,G6PD-M-V_rppa,0.02446659246353937,0.02446659246353937,20
Factor_14,RPPA,GSK3-alpha-beta_pS21_S9-R-V_rppa,-0.02391181576665868,0.02391181576665868,21
Factor_14,RPPA,mTOR-R-V_rppa,-0.0237659397323304,0.0237659397323304,22
Factor_14,RPPA,TSC1-R-C_rppa,-0.023508787288821328,0.023508787288821328,23
Factor_14,RPPA,eEF2K-R-V_rppa,-0.02334867553180881,0.02334867553180881,24
Factor_14,RPPA,Bcl2A1-R-V_rppa,0.023289044966151758,0.023289044966151758,25
Factor_14,RPPA,Bad_pS112-R-V_rppa,-0.02328034319599333,0.02328034319599333,26
Factor_14,RPPA,Complex-II_subunit30-M-V_rppa,0.023175057089871984,0.023175057089871984,27
Factor_14,RPPA,HIF-1_alpha-M-E_rppa,-0.022838779845615626,0.022838779845615626,28
Factor_14,RPPA,Snail-M-E_rppa,0.02278790301043982,0.02278790301043982,29
Factor_14,RPPA,Mitochondria-M-V_rppa,0.022688457657915485,0.022688457657915485,30
Factor_14,RPPA,Smad4-M-V_rppa,0.022574196948221232,0.022574196948221232,31
Factor_14,RPPA,EPPK1-M-C_rppa,-0.021962337129085248,0.021962337129085248,32
Factor_14,RPPA,Akt_pT308-R-V_rppa,0.0216673136218488,0.0216673136218488,33
Factor_14,RPPA,PARP_cleaved-M-E_rppa,0.021440377750513218,0.021440377750513218,34
Factor_14,RPPA,GAB2-R-V_rppa,-0.02142002675373359,0.02142002675373359,35
Factor_14,RPPA,GSK3_pS9-R-V_rppa,-0.021096295534426407,0.021096295534426407,36
Factor_14,RPPA,Chk2_pT68-R-C_rppa,0.020826446975049765,0.020826446975049765,37
Factor_14,RPPA,NF2-R-C_rppa,-0.020706104154521576,0.020706104154521576,38
Factor_14,RPPA,PCNA-M-V_rppa,0.020365219248002133,0.020365219248002133,39
Factor_14,RPPA,Cyclin_E2-R-C_rppa,0.020350292889318132,0.020350292889318132,40
Factor_14,RPPA,MSH6-R-C_rppa,-0.020234508053744688,0.020234508053744688,41
Factor_14,RPPA,PDK1_pS241-R-V_rppa,-0.020043962913831936,0.020043962913831936,42
Factor_14,RPPA,PKC-alpha_pS657-R-V_rppa,-0.019735596866228288,0.019735596866228288,43
Factor_14,RPPA,GATA3-M-V_rppa,0.019405323525139736,0.019405323525139736,44
Factor_14,RPPA,p70S6K_pT389-R-V_rppa,0.01909184581861584,0.01909184581861584,45
Factor_14,RPPA,JNK2-R-C_rppa,-0.01863288936396765,0.01863288936396765,46
Factor_14,RPPA,SETD2-R-E_rppa,0.01809694875363767,0.01809694875363767,47
Factor_14,RPPA,AR-R-V_rppa,-0.018089342165357392,0.018089342165357392,48
Factor_14,RPPA,JAB1-M-C_rppa,0.01793345479693184,0.01793345479693184,49
Factor_14,RPPA,Oxphos-complex-V_subunitb-M-E_rppa,0.017909239568959835,0.017909239568959835,50
Factor_14,RPPA,PTEN-R-V_rppa,-0.017895299689223983,0.017895299689223983,51
Factor_14,RPPA,Rad51-M-C_rppa,0.017738642903374673,0.017738642903374673,52
Factor_14,RPPA,Syk-M-V_rppa,-0.017717443574443274,0.017717443574443274,53
Factor_14,RPPA,PREX1-R-E_rppa,-0.017605600412188654,0.017605600412188654,54
Factor_14,RPPA,Chk1-M-C_rppa,0.017487937063017923,0.017487937063017923,55
Factor_14,RPPA,B-Raf-M-V_rppa,-0.017477327203640296,0.017477327203640296,56
Factor_14,RPPA,c-Jun_pS73-R-V_rppa,0.017381637599526944,0.017381637599526944,57
Factor_14,RPPA,PDCD4-R-C_rppa,-0.01732641230072484,0.01732641230072484,58
Factor_14,RPPA,Bcl-2-M-V_rppa,-0.017237815494072002,0.017237815494072002,59
Factor_14,RPPA,MYH11-R-V_rppa,-0.016894199665291425,0.016894199665291425,60
Factor_14,RPPA,eIF4E-R-V_rppa,0.016825473620239395,0.016825473620239395,61
Factor_14,RPPA,LDHA-R-C_rppa,-0.016765550651806294,0.016765550651806294,62
Factor_14,RPPA,EGFR_pY1068-R-V_rppa,-0.016563166464470203,0.016563166464470203,63
Factor_14,RPPA,Raptor-R-V_rppa,-0.016445702119241498,0.016445702119241498,64
Factor_14,RPPA,Cyclin_B1-R-V_rppa,-0.016310974838080496,0.016310974838080496,65
Factor_14,RPPA,GYS_pS641-R-V_rppa,-0.01608784336602021,0.01608784336602021,66
Factor_14,RPPA,INPP4B-G-C_rppa,0.016065112516998274,0.016065112516998274,67
Factor_14,RPPA,PYGB-R-V_rppa,-0.016035591767657783,0.016035591767657783,68
Factor_14,RPPA,c-Abl-R-V_rppa,0.0159847288152349,0.0159847288152349,69
Factor_14,RPPA,PI3K-p85-R-V_rppa,-0.01572543746347975,0.01572543746347975,70
Factor_14,RPPA,ERK2-R-E_rppa,-0.015569975730729891,0.015569975730729891,71
Factor_14,RPPA,YAP-R-V_rppa,0.01555810086115068,0.01555810086115068,72
Factor_14,RPPA,Heregulin-R-V_rppa,-0.01538353611287151,0.01538353611287151,73
Factor_14,RPPA,53BP1-R-E_rppa,-0.015250907183863922,0.015250907183863922,74
Factor_14,RPPA,Smad3-R-V_rppa,0.015087944737892272,0.015087944737892272,75
Factor_14,RPPA,Caspase-3-R-C_rppa,0.0150120434139993,0.0150120434139993,76
Factor_14,RPPA,p90RSK_pT359_S363-R-C_rppa,-0.014946978203009631,0.014946978203009631,77
Factor_14,RPPA,Cyclin_E1-M-V_rppa,0.014946548867286386,0.014946548867286386,78
Factor_14,RPPA,Myosin-IIa_pS1943-R-V_rppa,-0.014844371511189301,0.014844371511189301,79
Factor_14,RPPA,SF2-M-V_rppa,0.014715039060603131,0.014715039060603131,80
Factor_14,RPPA,PKC-alpha-M-V_rppa,-0.014696918294034132,0.014696918294034132,81
Factor_14,RPPA,eIF4G-R-C_rppa,-0.01460726620991792,0.01460726620991792,82
Factor_14,RPPA,p27_pT157-R-C_rppa,0.014588555700191406,0.014588555700191406,83
Factor_14,RPPA,DIRAS3-M-E_rppa,0.014541695628190993,0.014541695628190993,84
Factor_14,RPPA,EGFR-R-V_rppa,-0.014506627710875292,0.014506627710875292,85
Factor_14,RPPA,4E-BP1_pS65-R-V_rppa,-0.014501833100862197,0.014501833100862197,86
Factor_14,RPPA,PAI-1-M-E_rppa,0.014311093493596822,0.014311093493596822,87
Factor_14,RPPA,Caveolin-1-R-V_rppa,-0.014304511885426894,0.014304511885426894,88
Factor_14,RPPA,14-3-3_epsilon-M-C_rppa,0.014241155484447541,0.014241155484447541,89
Factor_14,RPPA,Akt-R-V_rppa,-0.014211574293079622,0.014211574293079622,90
Factor_14,RPPA,mTOR_pS2448-R-C_rppa,-0.014187198673095437,0.014187198673095437,91
Factor_14,RPPA,C-Raf_pS338-R-C_rppa,0.014131962834998645,0.014131962834998645,92
Factor_14,RPPA,MSH2-M-V_rppa,-0.014106003045843758,0.014106003045843758,93
Factor_14,RPPA,Dvl3-R-V_rppa,-0.014064828299573043,0.014064828299573043,94
Factor_14,RPPA,NF-kB-p65_pS536-R-C_rppa,-0.013806781227249034,0.013806781227249034,95
Factor_14,RPPA,PYGL-R-E_rppa,-0.013548743989119946,0.013548743989119946,96
Factor_14,RPPA,P-Cadherin-R-C_rppa,-0.013540986816501852,0.013540986816501852,97
Factor_14,RPPA,Smad1-R-V_rppa,0.013487022215520256,0.013487022215520256,98
Factor_14,RPPA,Rictor-R-C_rppa,-0.013435607471786508,0.013435607471786508,99
Factor_14,RPPA,CD20-R-C_rppa,0.013362935167789526,0.013362935167789526,100
Factor_15,RPPA,Mitochondria-M-V_rppa,-0.07431979429935048,0.07431979429935048,1
Factor_15,RPPA,c-Kit-R-V_rppa,-0.06808571609836468,0.06808571609836468,2
Factor_15,RPPA,14-3-3_zeta-R-V_rppa,0.06781520602309654,0.06781520602309654,3
Factor_15,RPPA,PTEN-R-V_rppa,0.06300121238469936,0.06300121238469936,4
Factor_15,RPPA,Rb_pS807_S811-R-V_rppa,0.06239120248265975,0.06239120248265975,5
Factor_15,RPPA,Claudin-7-R-V_rppa,0.06183375241044059,0.06183375241044059,6
Factor_15,RPPA,Dvl3-R-V_rppa,0.05879473327070857,0.05879473327070857,7
Factor_15,RPPA,BRD4-R-V_rppa,0.05632244333332434,0.05632244333332434,8
Factor_15,RPPA,Annexin-1-M-E_rppa,0.05574304846510393,0.05574304846510393,9
Factor_15,RPPA,RBM15-R-V_rppa,0.05357289472441915,0.05357289472441915,10
Factor_15,RPPA,VEGFR2-R-V_rppa,0.05260313745110263,0.05260313745110263,11
Factor_15,RPPA,HER2-M-V_rppa,0.052131202641308376,0.052131202641308376,12
Factor_15,RPPA,Complex-II_subunit30-M-V_rppa,-0.046870398724602434,0.046870398724602434,13
Factor_15,RPPA,YAP_pS127-R-C_rppa,0.046250785881318285,0.046250785881318285,14
Factor_15,RPPA,JAB1-M-C_rppa,-0.044587684964654054,0.044587684964654054,15
Factor_15,RPPA,Tuberin-R-C_rppa,-0.04445927104755692,0.04445927104755692,16
Factor_15,RPPA,GATA6-R-E_rppa,-0.04409557720044356,0.04409557720044356,17
Factor_15,RPPA,PEA15-R-V_rppa,0.04301067079620389,0.04301067079620389,18
Factor_15,RPPA,PDK1_pS241-R-V_rppa,-0.04296424288834613,0.04296424288834613,19
Factor_15,RPPA,eIF4G-R-C_rppa,0.04253712319337006,0.04253712319337006,20
Factor_15,RPPA,p27-R-V_rppa,0.041485663693714994,0.041485663693714994,21
Factor_15,RPPA,PKC-delta_pS664-R-V_rppa,-0.038175945216937165,0.038175945216937165,22
Factor_15,RPPA,EGFR-R-V_rppa,-0.034974446321361215,0.034974446321361215,23
Factor_15,RPPA,DIRAS3-M-E_rppa,-0.03476085025742824,0.03476085025742824,24
Factor_15,RPPA,GYG-Glycogenin1-M-E_rppa,-0.03471583531984666,0.03471583531984666,25
Factor_15,RPPA,CDK1_pY15-R-C_rppa,-0.03410113403813595,0.03410113403813595,26
Factor_15,RPPA,Caspase-8-M-E_rppa,-0.033272070025574134,0.033272070025574134,27
Factor_15,RPPA,CD31-M-V_rppa,-0.03158606053562163,0.03158606053562163,28
Factor_15,RPPA,Src_pY416-R-C_rppa,0.03095804782602358,0.03095804782602358,29
Factor_15,RPPA,p70S6K-R-V_rppa,0.03070592906777626,0.03070592906777626,30
Factor_15,RPPA,PYGB-R-V_rppa,-0.027249368822626917,0.027249368822626917,31
Factor_15,RPPA,DUSP4-R-V_rppa,-0.026294974421691597,0.026294974421691597,32
Factor_15,RPPA,ADAR1-M-V_rppa,0.024745883743500285,0.024745883743500285,33
Factor_15,RPPA,MSH6-R-C_rppa,0.02387880358678539,0.02387880358678539,34
Factor_15,RPPA,Bax-R-V_rppa,0.022915188556592136,0.022915188556592136,35
Factor_15,RPPA,N-Ras-M-V_rppa,-0.021944162365081142,0.021944162365081142,36
Factor_15,RPPA,PRAS40_pT246-R-V_rppa,-0.02164894239491438,0.02164894239491438,37
Factor_15,RPPA,Caspase-3-R-C_rppa,-0.020811512228697884,0.020811512228697884,38
Factor_15,RPPA,NF-kB-p65_pS536-R-C_rppa,0.0199275347640686,0.0199275347640686,39
Factor_15,RPPA,Bcl-xL-R-V_rppa,-0.019643261746528078,0.019643261746528078,40
Factor_15,RPPA,ACVRL1-R-C_rppa,-0.018468411376569027,0.018468411376569027,41
Factor_15,RPPA,Rictor-R-C_rppa,0.01744393016177651,0.01744393016177651,42
Factor_15,RPPA,Chk1_pS345-R-C_rppa,-0.017097865420465846,0.017097865420465846,43
Factor_15,RPPA,MYH11-R-V_rppa,0.016186248365495485,0.016186248365495485,44
Factor_15,RPPA,HER2_pY1248-R-C_rppa,0.01434941768082629,0.01434941768082629,45
Factor_15,RPPA,Caveolin-1-R-V_rppa,0.013909076184117668,0.013909076184117668,46
Factor_15,RPPA,SCD-M-V_rppa,-0.01361903193735913,0.01361903193735913,47
Factor_15,RPPA,PKM2-R-C_rppa,0.01260710676061205,0.01260710676061205,48
Factor_15,RPPA,HIF-1_alpha-M-E_rppa,0.011181986458037432,0.011181986458037432,49
Factor_15,RPPA,NDRG1_pT346-R-V_rppa,0.010370034072009695,0.010370034072009695,50
Factor_15,RPPA,Smac-M-E_rppa,-0.010340153429273847,0.010340153429273847,51
Factor_15,RPPA,PDCD4-R-C_rppa,0.010299428437164235,0.010299428437164235,52
Factor_15,RPPA,Heregulin-R-V_rppa,-0.010182751531410347,0.010182751531410347,53
Factor_15,RPPA,Acetyl-a-Tubulin-Lys40-R-E_rppa,0.009657204424885189,0.009657204424885189,54
Factor_15,RPPA,ATM-R-V_rppa,0.009574163092787817,0.009574163092787817,55
Factor_15,RPPA,Bcl-2-M-V_rppa,0.008744007422871895,0.008744007422871895,56
Factor_15,RPPA,EPPK1-M-E_rppa,0.008700900528293998,0.008700900528293998,57
Factor_15,RPPA,Lck-R-V_rppa,0.0077612954018052285,0.0077612954018052285,58
Factor_15,RPPA,Transglutaminase-M-V_rppa,0.007517371756522763,0.007517371756522763,59
Factor_15,RPPA,Ku80-R-C_rppa,0.007122190645929095,0.007122190645929095,60
Factor_15,RPPA,B-Raf-M-V_rppa,-0.006885270975173449,0.006885270975173449,61
Factor_15,RPPA,YAP_pS127-R-E_rppa,0.006795988004616902,0.006795988004616902,62
Factor_15,RPPA,STAT3_pY705-R-V_rppa,0.006571864468608532,0.006571864468608532,63
Factor_15,RPPA,PI3K-p85-R-V_rppa,0.006534799519584791,0.006534799519584791,64
Factor_15,RPPA,CD26-R-V_rppa,-0.00632514671593171,0.00632514671593171,65
Factor_15,RPPA,LDHA-R-C_rppa,0.00632368522204867,0.00632368522204867,66
Factor_15,RPPA,53BP1-R-E_rppa,0.005905079878196861,0.005905079878196861,67
Factor_15,RPPA,PYGM-M-C_rppa,-0.005870751944360124,0.005870751944360124,68
Factor_15,RPPA,p21-R-V_rppa,0.0056744818063105724,0.0056744818063105724,69
Factor_15,RPPA,ACC1-R-C_rppa,-0.005360499038666209,0.005360499038666209,70
Factor_15,RPPA,ER-alpha-R-V_rppa,-0.005356886635364171,0.005356886635364171,71
Factor_15,RPPA,HER3-R-V_rppa,-0.005325442596472603,0.005325442596472603,72
Factor_15,RPPA,Akt_pT308-R-V_rppa,-0.005278549624041357,0.005278549624041357,73
Factor_15,RPPA,Cyclin_B1-R-V_rppa,0.005269310060726449,0.005269310060726449,74
Factor_15,RPPA,AMPK_pT172-R-V_rppa,-0.005237220565942873,0.005237220565942873,75
Factor_15,RPPA,MAPK_pT202_Y204-R-V_rppa,0.005189785834814322,0.005189785834814322,76
Factor_15,RPPA,ARID1A-R-C_rppa,0.00518263536379404,0.00518263536379404,77
Factor_15,RPPA,Src_pY527-R-V_rppa,0.00513665569110763,0.00513665569110763,78
Factor_15,RPPA,CA9-M-E_rppa,-0.005071568365412429,0.005071568365412429,79
Factor_15,RPPA,LDHB-M-E_rppa,-0.005026791339527507,0.005026791339527507,80
Factor_15,RPPA,Acetyl-a-Tubulin-Lys40-R-C_rppa,0.0047347057623714165,0.0047347057623714165,81
Factor_15,RPPA,Bad_pS112-R-V_rppa,-0.004620811151735169,0.004620811151735169,82
Factor_15,RPPA,Chk2-M-E_rppa,0.004590927922124025,0.004590927922124025,83
Factor_15,RPPA,Syk-M-V_rppa,0.004482548896924812,0.004482548896924812,84
Factor_15,RPPA,Chk2-M-C_rppa,0.00439906840180506,0.00439906840180506,85
Factor_15,RPPA,4E-BP1_pT70-R-V_rppa,-0.004290979942345889,0.004290979942345889,86
Factor_15,RPPA,S6-R-E_rppa,0.004166143565323291,0.004166143565323291,87
Factor_15,RPPA,p38_MAPK-R-V_rppa,0.0041636861921265375,0.0041636861921265375,88
Factor_15,RPPA,p53-R-E_rppa,-0.004138196446646882,0.004138196446646882,89
Factor_15,RPPA,eEF2K-R-V_rppa,-0.004077960788466301,0.004077960788466301,90
Factor_15,RPPA,YB-1-R-V_rppa,0.004032359389710079,0.004032359389710079,91
Factor_15,RPPA,JNK2-R-C_rppa,-0.003964878133397763,0.003964878133397763,92
Factor_15,RPPA,Smad4-M-V_rppa,-0.003944695365834659,0.003944695365834659,93
Factor_15,RPPA,G6PD-M-V_rppa,-0.003892078739678413,0.003892078739678413,94
Factor_15,RPPA,GYS_pS641-R-V_rppa,0.003787826083892685,0.003787826083892685,95
Factor_15,RPPA,S6_pS240_S244-R-V_rppa,-0.0037495737721355555,0.0037495737721355555,96
Factor_15,RPPA,Paxillin-R-C_rppa,0.0037175827993198842,0.0037175827993198842,97
Factor_15,RPPA,GAPDH-M-C_rppa,0.0036739966810626266,0.0036739966810626266,98
Factor_15,RPPA,PR-R-V_rppa,-0.0035637953273522024,0.0035637953273522024,99
Factor_15,RPPA,Tuberin-R-E_rppa,0.0035454274329437714,0.0035454274329437714,100
